GSE91061,GSE22155_02,GSE61992,GSE35640,GSE22155_47,GSE91061|GSE22155_02,GSE91061|GSE61992,GSE91061|GSE35640,GSE91061|GSE22155_47,GSE22155_02|GSE61992,GSE22155_02|GSE35640,GSE22155_02|GSE22155_47,GSE61992|GSE35640,GSE61992|GSE22155_47,GSE35640|GSE22155_47,GSE91061|GSE22155_02|GSE35640,GSE91061|GSE61992|GSE35640,GSE91061|GSE35640|GSE22155_47,GSE22155_02|GSE61992|GSE35640,GSE22155_02|GSE61992|GSE22155_47,GSE22155_02|GSE35640|GSE22155_47,GSE91061|GSE22155_02|GSE61992|GSE35640,GSE91061|GSE22155_02|GSE35640|GSE22155_47
SESN3,MRPL43,PPFIBP2,NACA4P,GOLGB1,DKKL1,FTO,PPP2R5B,MARCHF9,SLCO6A1,YPEL1,ZKSCAN2,FXYD5,LINC00347,TPPP2,MLEC,FOXO4,ORMDL3,ZNF333,PLXNB1,TNS2,GNG2,TTC38
PCDHB7,AFP,DIPK1C,SNORA21,PNMA2,SIK2,MAPRE2,PCDHGA6,HMGCL,KCTD15,SNN,SGF29,SDHA,ADCY4,RASA3,SHROOM1,,,,,,,
WWP2,RNPS1,RHBDF2,HNRNPA1P35,ATOH8,SDK2,SPAG1,GLG1,BOC,HK2,ADCY6,KICS2,HNRNPUL2,,TMEM198B,SLC35F1,,,,,,,
DACT3,TRIP11,ERMP1,HNRNPA1P4,USE1,NXPH4,CHRM1,PCDHGA12,AGAP6,LENG8,LEMD2,FITM1,CD82,,TMEM105,,,,,,,,
RNF150,PHF1,ZFYVE21,HNRNPA1P7,MYO7A,ASIC3,RBM4B,MED29,ITSN1,FAM193B,ZNF3,FRS3,CBR3,,ZNF764,,,,,,,,
TERF2,CDK6,FLNB,RPL41,MYOM2,SOX4,ETS1,NUCB1,EPN2,CNTN6,ZMYM3,TJAP1,CBLN1,,SOX3,,,,,,,,
MIR1915HG,SRD5A3,TFAP2E,RPL41P1,PNPLA7,SLC44A1,PTPRF,PYCR2,GREB1L,MYO5A,RBM33,VWCE,ARMH4,,C19orf44,,,,,,,,
PRCP,YIPF3,TRAK1,RPL41P2,HDC,MEX3B,VXN,GALNS,CES2,,RXRB,,KCNJ6,,GCKR,,,,,,,,
LPL,ZBTB46,ZNF362,RPL41P5,SELENOO,GABRG2,ABTB2,EHD2,SLC17A9,,AGA,,CD81,,SP110,,,,,,,,
TGFBR2,MAMLD1,C2orf49,HNRNPKP4,GOLT1A,ZNF442,AGO3,DDX6,ZNF429,,RPS11,,FAM222B,,FTCD,,,,,,,,
MEF2C,HOXB3,SV2B,SNORD54,BPESC1,NABP2,SRXN1,PCDHGC3,GNAO1,,DDIT4,,RBM23,,MLXIPL,,,,,,,,
DACT3-AS1,DHX30,HMG20A,PITX3,TUBA4A,DHRS3,CREM,ADCK2,ECHDC2,,BIN1,,TBC1D9,,DBH,,,,,,,,
NMT2,HAMP,TNF,TBC1D21,SLC43A1,,BSDC1,TOR3A,PAOX,,ZSCAN2,,GON4L,,BOD1,,,,,,,,
KLHL34,IL4I1,GIMAP6,EEF1A1P11,KIF13B,,ZNF410,TMEM132D,HS3ST3B1,,STK11,,YY1AP1,,SLC25A42,,,,,,,,
STAC2,FOXP4,FGD5,SHBG,CC2D1B,,NFIA,PIM3,,,TMEM241,,RASSF8,,MAPRE3,,,,,,,,
SHTN1,ZFAND3,PRKCE,CHCHD3,DNAH1,,LONRF3,NUDT16,,,RNF130,,POM121,,SLC9A8,,,,,,,,
LINC00111,SSBP2,VPS35L,GCNT7,SFXN5,,ATXN1L,DNAJC27-AS1,,,IFT140,,TMEM67,,CFAP410,,,,,,,,
NFATC3,ACTN3,PTGFRN,SNORA31,RPA2,,SGSH,OPN3,,,SNORD35A,,CNOT1,,PPARA,,,,,,,,
ZFP1,FOXD4,CFC1B,CELF2-AS1,USP35,,PKNOX2,CTSC,,,JADE3,,CHRNA4,,GAMT,,,,,,,,
ZNF813,KDM4B,CMC1,G2E3-AS1,C3orf62,,,SEL1L,,,MTMR14,,PDPR,,ST3GAL3,,,,,,,,
ARHGAP42,ZNF385C,DUSP22,LINC01664,DECR2,,,EIF4A3,,,SPPL2A,,DNAL1,,ENGASE,,,,,,,,
HSD17B4,TAS2R5,TIMP1,YWHAH-AS1,D2HGDH,,,ZNF106,,,PLCG1,,PYGL,,APOL2,,,,,,,,
INKA2-AS1,TEAD2,IGSF11,TACR3,TRANK1,,,GFOD2,,,RHOT2,,,,NXPH1,,,,,,,,
RAB30,SBK1,GAB2,TRBV24-1,RRBP1,,,GALM,,,FUNDC2,,,,ADCY9,,,,,,,,
EPS8L2,NPFF,OSBPL6,NPAP1,SLC22A7,,,PCDHGA10,,,PTH2,,,,CACNG4,,,,,,,,
MIPEP,YEATS2,COL16A1,KAAG1,OSGIN1,,,OS9,,,YWHAB,,,,NRDE2,,,,,,,,
LNPEP,SPSB3,LINC01565,DUX4L51,THOP1,,,TPP1,,,FKBP6,,,,RARS1,,,,,,,,
GDE1,CRAMP1,SLC27A2,SCN4A,CRYGS,,,KRAS,,,NAP1L5,,,,TBC1D8,,,,,,,,
MIR4435-2HG,PIGQ,GMPR,HNF1B,GUCY1B2,,,NPLOC4,,,,,,,CYP27A1,,,,,,,,
TMEM145,FXR1,MRPS30,TBC1D27P,PPP4R2,,,GET4,,,,,,,,,,,,,,,
KIAA0319,MDC1,NARS2,GNAT1,GREP1,,,DPYSL3,,,,,,,,,,,,,,,
NTF3,ZNF428,AVL9,IGLON5,SREBF1,,,GLB1L,,,,,,,,,,,,,,,
LDLRAD4,GRAMD1A,TMEM191C,SCNN1D,MARVELD3,,,TNS1,,,,,,,,,,,,,,,
ARHGAP6,POU3F3,TIGIT,SPEM2,UMODL1-AS1,,,ECI2,,,,,,,,,,,,,,,
TTYH2,TCF3,MRPS5,SLC26A8,CELSR3,,,ZHX3,,,,,,,,,,,,,,,
SNRPA1,GLYR1,FAM162A,HCRTR1,MAST3,,,GIT1,,,,,,,,,,,,,,,
TP53INP1,ZNF711,NUDT16L2P,TEX29,SLC25A18,,,LRP1,,,,,,,,,,,,,,,
DSEL,AXIN1,ADAD1,LINC01777,SPATA25,,,CERS5,,,,,,,,,,,,,,,
GSTO1,KXD1,CABLES1,MANBA,CCDC60,,,GGCX,,,,,,,,,,,,,,,
LINC02946,CSF1,C15orf48,EEF1G,ASL,,,NBR1,,,,,,,,,,,,,,,
ARB2A,PXDC1,OLMALINC,MIR3654,OLIG3,,,FAM13A,,,,,,,,,,,,,,,
PCDHB15,ASTN1,LINC00305,SSRP1,ZNF154,,,USP12,,,,,,,,,,,,,,,
SKIDA1,GAGE6,RIPK2,RBBP4P4,LINC00574,,,BUD23,,,,,,,,,,,,,,,
FAM161B,HLA-DPA1,BHLHE40,RHO,CLEC4F,,,PISD,,,,,,,,,,,,,,,
PCDHB2,HLA-DRB3,DAAM2,GJD2,PCDH15,,,CYTH3,,,,,,,,,,,,,,,
ZNF563,GAGE2B,TAMM41,ODF1,LOC652276,,,UTP3,,,,,,,,,,,,,,,
SAMD13,AP2A2,MED20,ZNF316,APOA5,,,MAEA,,,,,,,,,,,,,,,
TIGAR,GPC2,HPRT1,HNRNPA1P31,AGMAT,,,PLTP,,,,,,,,,,,,,,,
GALNT14,CD74,CEP295NL,LINC01467,ZBTB16,,,GRK3,,,,,,,,,,,,,,,
POU3F1,ABCG8,CD34,CACNA1S,PER3,,,ZFP90,,,,,,,,,,,,,,,
NR3C1,IGFBP2,CYP27C1,LINC01204,REG3A,,,CD9,,,,,,,,,,,,,,,
TMEM47,HLA-DRA,PHLPP1,EEF1A1P5,EP400P1,,,DPY19L4,,,,,,,,,,,,,,,
SYNGR1,APC2,BEST1,EEF1A1P6,FBLN2,,,PSAP,,,,,,,,,,,,,,,
MAP10,CELF2,PLAUR,FER1L5,CEBPA,,,CHRNE,,,,,,,,,,,,,,,
ALDH7A1,ZNF76,LINC02897,JPH3,WNT3,,,PHAX,,,,,,,,,,,,,,,
ST8SIA2,GABRA1,KBTBD8,FGF10-AS1,FAM20A,,,BUD31,,,,,,,,,,,,,,,
TCF7L1,ATF6,ETNPPL,INS,CNTNAP4,,,ENTPD5,,,,,,,,,,,,,,,
ISG20,KCNJ15,CD248,SCGB1C1,NLRP14,,,ERICH3,,,,,,,,,,,,,,,
CARD14,NDUFB4,CLUL1,SCGB1C2,STX18-AS1,,,C2,,,,,,,,,,,,,,,
ABCG2,AFMID,KLHDC7A,ZNF594-DT,SYT17,,,SELENOT,,,,,,,,,,,,,,,
HCG11,MTCH1,TMEM30CP,LINC02929,LINC02372,,,LMBR1L,,,,,,,,,,,,,,,
FCMR,SCML1,TNFRSF11B,H3C1,ENO4,,,C2CD6,,,,,,,,,,,,,,,
DNM1P46,ZFAT,AK6,C19orf81,FRMPD1,,,AUP1,,,,,,,,,,,,,,,
ARPC1B,APBA2,MIR326,EEF1A1P19,VAV2,,,FOXO3B,,,,,,,,,,,,,,,
RTN4R,C1QL1,CNTN4,CCK,CHRD,,,CRHR1,,,,,,,,,,,,,,,
RIPK4,TCAP,LOC162137,LINC00919,REC8,,,TDRD3,,,,,,,,,,,,,,,
COBLL1,SST,RREB1,SLC38A4-AS1,ABCG5,,,NUMA1,,,,,,,,,,,,,,,
CDKL5,CREBBP,MIR361,SEBOX,C22orf46P,,,TTC33,,,,,,,,,,,,,,,
RBL2,CSPG4P1Y,IRX6,HOXA-AS3,TAS2R43,,,PALB2,,,,,,,,,,,,,,,
FBLL1,AUTS2,RCCD1,PACRG-AS1,ARHGEF15,,,STIM1,,,,,,,,,,,,,,,
LMCD1,CIMIP4,SYK,PCDHGC5,OR2W3,,,RAB8B,,,,,,,,,,,,,,,
DLX5,TRIM28,S1PR1,PCDHGC4,OR51B2,,,TPMT,,,,,,,,,,,,,,,
CDH6,BCL7A,GADD45B,OR51B5,OGDHL,,,FZD4,,,,,,,,,,,,,,,
SIRT4,DMPK,SWI5,HBBP1,BPNT1,,,APMAP,,,,,,,,,,,,,,,
HNMT,TUBB2B,DDIT4L,PCDHGA9,FGFR3,,,MKRN1,,,,,,,,,,,,,,,
TMEM43,FAM234A,KAZN,PCDHGB6,EXOC3L4,,,SMG7-AS1,,,,,,,,,,,,,,,
PLOD1,SOX11,AKT1,PCDHGA2,ZBTB49,,,COX5A,,,,,,,,,,,,,,,
SLC39A11,ARPP19,NUP50,PCDHGA3,GSDMB,,,POM121C,,,,,,,,,,,,,,,
EPAS1,HNRNPA0,CLVS2,PCDHGA1,PRKCQ,,,GLI1,,,,,,,,,,,,,,,
ZNF598,HLA-DMA,LOC646471,PCDHGA11,RDH12,,,CHRNB1,,,,,,,,,,,,,,,
PIK3R1,PTOV1,TBC1D20,BSND,TMEM232,,,PPP1R10,,,,,,,,,,,,,,,
TENT5A,EN2,MIF,GPR135,SHFL,,,STARD7-AS1,,,,,,,,,,,,,,,
SNAI2,CABLES2,SLC16A3,PCDHGA4,RNF112,,,RPS6KA2,,,,,,,,,,,,,,,
CLDN12,NPVF,H2BC18,PCDHGA5,ELOA3P,,,P3H1,,,,,,,,,,,,,,,
PGAP6,CTDSP2,PGAM1,PCDHGA7,P2RX1,,,CD63,,,,,,,,,,,,,,,
ACOT7,RANBP3,ITPR1,PCDHGB1,CCDC73,,,TBC1D32,,,,,,,,,,,,,,,
ATG101,MEX3D,ATP9B,PCDHGB2,OTOL1,,,NATD1,,,,,,,,,,,,,,,
MBTPS1,ARID3B,SH3RF2,PCDHGB3,SLC25A34,,,DLL4,,,,,,,,,,,,,,,
NFKB2,MTCL2,IMMP2L,PCDHGB4,ABCA10,,,ARCN1,,,,,,,,,,,,,,,
NMRAL2P,ADAMTS7,BARHL1,PCDHGB5,GALT,,,GALC,,,,,,,,,,,,,,,
NECAP1,NOSIP,ZFAND1,TRPC7,ADAMTS17,,,YKT6,,,,,,,,,,,,,,,
SOAT2,BAP1,SIRPA,IRGC,RADX,,,METTL2A,,,,,,,,,,,,,,,
ABLIM3,HLA-DRB1,AACS,OR51B6,TMEM235,,,CSPG4,,,,,,,,,,,,,,,
SYNGR2,TUBA3C,TBC1D10C,ZNF461,SPINK14,,,GATAD2A,,,,,,,,,,,,,,,
ST7,BAG6,ZBTB47,TPT1,RIOX1,,,CPSF4,,,,,,,,,,,,,,,
RSPH9,CISH,OR2T3,FKBP10,ORC5,,,ADGRA2,,,,,,,,,,,,,,,
REPIN1,DCLK2,KIRREL1,UTS2R,GPR158,,,FITM2,,,,,,,,,,,,,,,
C15orf39,SRP72,CD1D,PROK1,FBN1,,,SNRPF,,,,,,,,,,,,,,,
PCOLCE2,NAALAD2,MIR556,SNF8,BMS1P21,,,TFDP1,,,,,,,,,,,,,,,
RTN4RL2,RNF40,MYO9B,PCDHGA8,SHANK3,,,GUCY1A2,,,,,,,,,,,,,,,
FAXDC2,HLA-DOA,SLC66A2,TSSK1B,TRHDE-AS1,,,PTPRJ,,,,,,,,,,,,,,,
STX18,SIGIRR,AK5,WDR11-DT,HELZ2,,,CHMP1B,,,,,,,,,,,,,,,
MAP6,NUP107,CDH10,PCDHGB7,EIF2AK2,,,TTC36,,,,,,,,,,,,,,,
ADO,STIM2,HNRNPUL1,EEF1A1P13,RBM45,,,WASHC2A,,,,,,,,,,,,,,,
PSMG3,SNX25,SCARNA22,KCTD19,HHIP,,,ATP6V1G1,,,,,,,,,,,,,,,
TRIM2,OR7E156P,NREP,LINC02092,RXRA,,,ZFP36L1,,,,,,,,,,,,,,,
LRRC71,ZNF318,NYNRIN,OR11A1,PAK5,,,DLC1,,,,,,,,,,,,,,,
GYPC,PDPN,DDX3Y,KIRREL2,CSAD,,,GAS8-AS1,,,,,,,,,,,,,,,
ALKBH8,SECISBP2L,ZNF366,MUC16,CHKA,,,SULF2,,,,,,,,,,,,,,,
SNORA81,PALM,ATP7A,LINC01127,CYTH1,,,,,,,,,,,,,,,,,,
CD226,CABP7,PROCR,GH1,AKR1C6P,,,,,,,,,,,,,,,,,,
APP,ANKS3,ARPP21,FAM219B,OR8B3,,,,,,,,,,,,,,,,,,
UVSSA,RAF1,CBR1,LINC01254,NOL10,,,,,,,,,,,,,,,,,,
PUS3,SALL3,SFT2D2,CCDC42,MKNK1,,,,,,,,,,,,,,,,,,
APC,SMAGP,CNN2,LINC00880,SLC16A9,,,,,,,,,,,,,,,,,,
LEPROT,MDM1,PGM1,DNAH10,GATD3,,,,,,,,,,,,,,,,,,
ARHGEF26,IGDCC3,POC1B,SRMP1,ERICH1,,,,,,,,,,,,,,,,,,
GNG8,NIBAN1,CCDC174,FBXO27,PRODH2,,,,,,,,,,,,,,,,,,
FLRT1,ZSCAN9,KCNG1,IL17B,AMER3,,,,,,,,,,,,,,,,,,
MRPS31P5,MRAS,ZBED2,KCNAB3,TMPRSS6,,,,,,,,,,,,,,,,,,
GRAMD2B,DMXL2,GLRX3,FABP3P2,BNIP5,,,,,,,,,,,,,,,,,,
SLC16A2,TRNP1,TLR5,PRKACA,HRCT1,,,,,,,,,,,,,,,,,,
IL13RA1,INSM1,DNAJC15,NOP14,COL18A1,,,,,,,,,,,,,,,,,,
B3GNT9,FOXD4L1,TXNDC9,EIF4A1,HOOK2,,,,,,,,,,,,,,,,,,
ZW10,BRD1,LAMC1,HRH3,THAP5,,,,,,,,,,,,,,,,,,
ZNF491,TCTE1,DCAF4,CCR3,PRR23A,,,,,,,,,,,,,,,,,,
WDR17,TMOD2,SH2D4A,KCNK16,PMPCA,,,,,,,,,,,,,,,,,,
DMD,CIC,PAWR,SLC9A2,PGGHG,,,,,,,,,,,,,,,,,,
GIPC3,NAT14,PVRIG,MED26,RIMBP3,,,,,,,,,,,,,,,,,,
AGAP3,TAMALIN,NSD1,CECR3,ADAR,,,,,,,,,,,,,,,,,,
PSEN2,LAPTM4B,OR1S1,KRT18P44,CENATAC,,,,,,,,,,,,,,,,,,
PLEKHB2,LAIR2,GLRX2,MADD-AS1,SLC38A3,,,,,,,,,,,,,,,,,,
TH,DAXX,SMIM24,SPECC1L,GCGR,,,,,,,,,,,,,,,,,,
MYO1B,ARID2,FABP3,CLRN3,TRIM15,,,,,,,,,,,,,,,,,,
ESPN,ICOS,CCDC154,TNPO3,C19orf18,,,,,,,,,,,,,,,,,,
KIAA0586,ADAMTS3,EPHA5,SPATA3-AS1,NCR3,,,,,,,,,,,,,,,,,,
SAMD4A,FBN3,PBRM1,CENPBD1P,SPG7,,,,,,,,,,,,,,,,,,
MIR140,NISCH,MIR185,PSMD4,KRTAP5-7,,,,,,,,,,,,,,,,,,
ZFYVE27,NONO,MLLT11,ACAN,SNAI1,,,,,,,,,,,,,,,,,,
PPM1L,CBX2,NEUROD4,C1orf226,KRTAP12-2,,,,,,,,,,,,,,,,,,
ZNF570,GBP4,PCDHB19P,EGOT,TARBP1,,,,,,,,,,,,,,,,,,
XPC,NPY,ARHGEF2,CYP4A11,CCDC198,,,,,,,,,,,,,,,,,,
M6PR,GPC4,CSF1R,CYP4A22,NUDT8,,,,,,,,,,,,,,,,,,
STARD3NL,DLX1,IFI30,PIPSL,PCSK9,,,,,,,,,,,,,,,,,,
NHLRC3,MCM7,SPSB1,POLD2,CHDH,,,,,,,,,,,,,,,,,,
MLYCD,EFNB2,GUSBP14,LINC02207,SLC25A25-AS1,,,,,,,,,,,,,,,,,,
RUFY3,LINC00575,RERE,NOP14-AS1,ULK1,,,,,,,,,,,,,,,,,,
TIMM23,CUL3,GADD45G,PORCN,ZBTB48,,,,,,,,,,,,,,,,,,
RAC1,NPTX2,NCS1,NXPE1,SLC15A1,,,,,,,,,,,,,,,,,,
TEX30,SPATA13,IRF4,TCF25,ZNF19,,,,,,,,,,,,,,,,,,
LYNX1,GGA3,MSC,SMARCD2,HEXD,,,,,,,,,,,,,,,,,,
C8orf88,PUS7L,ZNF526,SPZ1,CRIP3,,,,,,,,,,,,,,,,,,
NUP58,BRD2,ACCS,NR0B2,RBM43,,,,,,,,,,,,,,,,,,
ZNF709,ATOSA,OR2M7,KIAA2012-AS1,CYP4F22,,,,,,,,,,,,,,,,,,
NOL4L,TMEM31,ZNF627,LINC02749,AOPEP,,,,,,,,,,,,,,,,,,
RBFOX2,NUBP2,ANKRD22,HOXD4,RBFA,,,,,,,,,,,,,,,,,,
ATMIN,GRXCR1,CLEC14A,DTX2P1-UPK3BP1-PMS2P11,SMG1P2,,,,,,,,,,,,,,,,,,
SYDE2,NKD1,TTC19,LINC03064,ENTPD7,,,,,,,,,,,,,,,,,,
SETBP1,PRKAB1,SPINK1,SEPHS2,ANKRD24,,,,,,,,,,,,,,,,,,
ACAA2,ASCL4,LINC00938,KRI1,CCDC63,,,,,,,,,,,,,,,,,,
ADHFE1,MRPL50,TIMD4,CFAP65,ESYT3,,,,,,,,,,,,,,,,,,
NOL3,SRF,C3orf52,CLDND1,ZSWIM8,,,,,,,,,,,,,,,,,,
NECAB1,MEGF8,MTRNR2L1,ADGRA1,MAP3K4,,,,,,,,,,,,,,,,,,
PLEKHA5,KRT10-AS1,CLK2,PGK2,MED12,,,,,,,,,,,,,,,,,,
CCDC121,LYSMD2,PWWP3A,SLC27A1,PRDM2,,,,,,,,,,,,,,,,,,
PCSK6,C12orf75,FGF21,TMEM101,DTX1,,,,,,,,,,,,,,,,,,
TRIM47,NCAPH2,GUSBP19,TUT1,RAPSN,,,,,,,,,,,,,,,,,,
NFIX,GABRR1,DTX4,MIR7-3HG,PPP1R14D,,,,,,,,,,,,,,,,,,
ZNF44,COCH,PLPP4,GPR35,IKBKG,,,,,,,,,,,,,,,,,,
C11orf71,BACH2,TENM3-AS1,ALDH1A1,CDA,,,,,,,,,,,,,,,,,,
SLC11A2,KANK4,REEP2,CHAT,GALNT16,,,,,,,,,,,,,,,,,,
IL27RA,TRA2A,SNORA38,ACSS1,FAM117A,,,,,,,,,,,,,,,,,,
SLBP,ZNF384,KLF4,FFAR4,CD244,,,,,,,,,,,,,,,,,,
ZNF473CR,ZBTB14,MRPL1,LINC02097,KCNMB4,,,,,,,,,,,,,,,,,,
PSORS1C1,TANK,VWF,LMX1B,ALOX12P2,,,,,,,,,,,,,,,,,,
PPM1H,RNF180,FBXO2,FTH1P11,PMS1,,,,,,,,,,,,,,,,,,
TM7SF3,TSC22D3,GID8,FTH1P16,NCOA1,,,,,,,,,,,,,,,,,,
ZNF630,SGMS2,METTL3,FTH1P2,OR5P3,,,,,,,,,,,,,,,,,,
CCDC8,FNBP1L,LRRC59,FTH1P20,TPSAB1,,,,,,,,,,,,,,,,,,
ARSK,PTDSS2,NUDT5,B3GALT5-AS1,TCF15,,,,,,,,,,,,,,,,,,
RAB39A,IKZF4,APOBEC3A,SLC32A1,RAB37,,,,,,,,,,,,,,,,,,
TMEM128,RAB11FIP3,,MIP,SLC25A41,,,,,,,,,,,,,,,,,,
SLC7A1,ZNF658,,RNF133,BNIPL,,,,,,,,,,,,,,,,,,
LINC00552,C1QC,,LINC01847,TMIGD1,,,,,,,,,,,,,,,,,,
NUP93,PFKL,,MCM3AP,XAF1,,,,,,,,,,,,,,,,,,
CPAMD8,PPP4R3B,,PDILT,TNKS1BP1,,,,,,,,,,,,,,,,,,
PCSK2,ZNF660,,NFKB1,CLN8,,,,,,,,,,,,,,,,,,
CYP39A1,PTPRN2,,SNORA10,DRC3,,,,,,,,,,,,,,,,,,
RASGEF1C,KRTAP6-3,,ARG2,GIGYF2,,,,,,,,,,,,,,,,,,
SEMA3D,DUSP26,,CBARP,PALM3,,,,,,,,,,,,,,,,,,
TMC6,CTXN1,,ZCCHC12,SNAPC4,,,,,,,,,,,,,,,,,,
WDR90,XRCC1,,MIR4300HG,LINC00965,,,,,,,,,,,,,,,,,,
WNT4,ARIH2,,WWC2-AS2,INO80D,,,,,,,,,,,,,,,,,,
MOCS1,MYF6,,PDPK1,FAM215A,,,,,,,,,,,,,,,,,,
HMX1,TRAFD1,,EIF4A1P10,STRADB,,,,,,,,,,,,,,,,,,
PCSK5,FLNC,,WFDC10B,SMOC2,,,,,,,,,,,,,,,,,,
TERF1,S100A12,,CHERP,C10orf53,,,,,,,,,,,,,,,,,,
LINC02877,BCL2,,PATZ1,MAP4K1,,,,,,,,,,,,,,,,,,
SMURF1,CBLB,,CEP72-DT,CBX7,,,,,,,,,,,,,,,,,,
LINC00663,ZBTB9,,MAU2,MTERF4,,,,,,,,,,,,,,,,,,
MAPKAPK5,USP8,,FAM20C,SHOX2,,,,,,,,,,,,,,,,,,
MICB,DLK1,,STK38L,TMEM186,,,,,,,,,,,,,,,,,,
MARS1,DRAIC,,LINC00636,SGPP2,,,,,,,,,,,,,,,,,,
NDUFA9,PGM2,,CA5BP1,MOGAT1,,,,,,,,,,,,,,,,,,
EXT2,MEIS3,,KPNB1,CPT1C,,,,,,,,,,,,,,,,,,
EMG1,MIDN,,PACRG-AS3,IFI6,,,,,,,,,,,,,,,,,,
P3H2,KIF1A,,FUNDC2P1,GFOD3P,,,,,,,,,,,,,,,,,,
KIF26B,HOXC9,,IGFBP4,ELMO3,,,,,,,,,,,,,,,,,,
CAPN15,STXBP1,,RRN3P2,HEATR4,,,,,,,,,,,,,,,,,,
TMEM253,DCP1A,,XXYLT1,KRTAP10-9,,,,,,,,,,,,,,,,,,
PHKA2,ZNF311,,SNORA48,ACADVL,,,,,,,,,,,,,,,,,,
CEP170P1,JAKMIP3,,ADD1,ZNF705G,,,,,,,,,,,,,,,,,,
NR4A1,BAHD1,,INHA,PRKCZ,,,,,,,,,,,,,,,,,,
GTF2F2,ZSCAN12,,TMEM254-AS1,ECE1,,,,,,,,,,,,,,,,,,
HPS3,DTWD1,,EEF1A1P9,TCP11,,,,,,,,,,,,,,,,,,
AGAP4,ZNF444,,EIF3B,PATL2,,,,,,,,,,,,,,,,,,
ADPGK,DTNB,,ACTB,PDE12,,,,,,,,,,,,,,,,,,
ACAT1,NSRP1,,MOB3A,LCE1D,,,,,,,,,,,,,,,,,,
P2RX7,NDST3,,C2orf50,SUCNR1,,,,,,,,,,,,,,,,,,
CHRNB4,PAG1,,SNORA67,ONECUT1,,,,,,,,,,,,,,,,,,
KCNC1,CASTOR3P,,COMMD9,MCM9,,,,,,,,,,,,,,,,,,
DGKG,PROP1,,GLRX5,C20orf203,,,,,,,,,,,,,,,,,,
PIP4K2C,ATAT1,,TBX18-AS1,ANXA8L1,,,,,,,,,,,,,,,,,,
TBC1D5,PRR36,,FBXL12,NRSN1,,,,,,,,,,,,,,,,,,
FOXN3,RIBC1,,WASH7P,FAM241B,,,,,,,,,,,,,,,,,,
FBXO3,EIF2B5,,FRMD1,ANPEP,,,,,,,,,,,,,,,,,,
MED15,KIAA1958,,CRYGD,SYNDIG1,,,,,,,,,,,,,,,,,,
SRR,ZDHHC17,,ERP29,GPR107,,,,,,,,,,,,,,,,,,
FAM131B,BATF2,,ANKFY1,SH2D3A,,,,,,,,,,,,,,,,,,
TMEM63A,RAP1B,,ARFGAP2,GLYATL3,,,,,,,,,,,,,,,,,,
USP28,GBA2,,ABCG4,CBFA2T2,,,,,,,,,,,,,,,,,,
MICAL1,POU6F1,,KRTAP5-8,CDK10,,,,,,,,,,,,,,,,,,
OR2L13,GARRE1,,KCTD2,SLC23A2,,,,,,,,,,,,,,,,,,
CBX4,SHD,,LINC02347,LCN15,,,,,,,,,,,,,,,,,,
PPP6R1,GPR137C,,KRT18P38,FBXL4,,,,,,,,,,,,,,,,,,
POGLUT3,AP4E1,,OXA1L,PPP1R13B,,,,,,,,,,,,,,,,,,
SDHD,SETD1B,,LINC01019,NPC1L1,,,,,,,,,,,,,,,,,,
CLTRN,KYAT3,,SHISA5,NR2E3,,,,,,,,,,,,,,,,,,
OGG1,MVB12B,,ST6GALNAC4,ADGRF3,,,,,,,,,,,,,,,,,,
CRY2,TUBA3E,,EXOC4,TNRC6A,,,,,,,,,,,,,,,,,,
AMPH,PUM1,,GMPR2,CAPN12,,,,,,,,,,,,,,,,,,
FKBP7,LONP1,,MAP2K7,PAN2,,,,,,,,,,,,,,,,,,
AIFM2,LINC02249,,LINC02029,CCDC47,,,,,,,,,,,,,,,,,,
BET1L,FST,,HPSE2,PRR18,,,,,,,,,,,,,,,,,,
LINC00479,TRIM16,,HOXD12,ALDH3A1,,,,,,,,,,,,,,,,,,
DGKQ,LEPROTL1,,SERPINF1,PLIN4,,,,,,,,,,,,,,,,,,
COG8,PJA1,,NT5C1B-RDH14,LINC01128,,,,,,,,,,,,,,,,,,
CNTLN,MEIS2,,RDH14,TUBGCP6,,,,,,,,,,,,,,,,,,
CHCHD6,CASC15,,HM13,FAM221A,,,,,,,,,,,,,,,,,,
ABCA8,KLF12,,MIR1227,BMS1P1,,,,,,,,,,,,,,,,,,
CARMIL3,PRSS2,,PLEKHJ1,CHD5,,,,,,,,,,,,,,,,,,
SIRT7,KMT2E,,PAX8,MRGPRD,,,,,,,,,,,,,,,,,,
AGL,PGA5,,IL17C,GLYCTK,,,,,,,,,,,,,,,,,,
SBF2,GPC5,,EIF3FP3,RAB33B,,,,,,,,,,,,,,,,,,
MICALL2,,,MRFAP1,TOMM7,,,,,,,,,,,,,,,,,,
LCMT1,,,CNGB1,KRTAP9-8,,,,,,,,,,,,,,,,,,
CHP1,,,STX10,ZIM2,,,,,,,,,,,,,,,,,,
RHOU,,,RETREG3,TIAM2,,,,,,,,,,,,,,,,,,
HHIPL1,,,NEUROG1,SPEN,,,,,,,,,,,,,,,,,,
RFX4,,,CSTL1,MALSU1,,,,,,,,,,,,,,,,,,
VEGFA,,,LINC01656,BRD8,,,,,,,,,,,,,,,,,,
MELTF-AS1,,,AP1M1,TMEM14EP,,,,,,,,,,,,,,,,,,
SLC30A8,,,PHF20,NAPSA,,,,,,,,,,,,,,,,,,
PPHLN1,,,RPS4X,GPT,,,,,,,,,,,,,,,,,,
ARNT2,,,PATE1,TLE2,,,,,,,,,,,,,,,,,,
TAC4,,,POM121B,CYP11A1,,,,,,,,,,,,,,,,,,
PADI3,,,GRB7,ISG15,,,,,,,,,,,,,,,,,,
G3BP2,,,DLEC1,ARL8B,,,,,,,,,,,,,,,,,,
KCNH3,,,COX8A,TSC1,,,,,,,,,,,,,,,,,,
ZFP30,,,SLC22A2,RNASE7,,,,,,,,,,,,,,,,,,
SLC35F6,,,B4GALNT2,GCDH,,,,,,,,,,,,,,,,,,
SHE,,,ANXA2P3,DDX19B,,,,,,,,,,,,,,,,,,
NOM1,,,LINGO1-AS1,TREH,,,,,,,,,,,,,,,,,,
MMUT,,,PLXND1,ATG2A,,,,,,,,,,,,,,,,,,
SNCA,,,MRPL10,SLC25A35,,,,,,,,,,,,,,,,,,
IVNS1ABP,,,SMARCA4,FTHL17,,,,,,,,,,,,,,,,,,
NELL1,,,CALHM3,ROBO3,,,,,,,,,,,,,,,,,,
GOLT1B,,,STAT5B,FAF1,,,,,,,,,,,,,,,,,,
TNC,,,GYPA,ATP6V1C1,,,,,,,,,,,,,,,,,,
CACNA1B,,,SENP3-EIF4A1,FAAH,,,,,,,,,,,,,,,,,,
MIR503HG,,,HCRTR2,MAST1,,,,,,,,,,,,,,,,,,
ZNF844,,,PEX26,KRTAP12-1,,,,,,,,,,,,,,,,,,
GDAP1,,,PRM1,PHF7,,,,,,,,,,,,,,,,,,
MIR23AHG,,,POU2F2,TBX21,,,,,,,,,,,,,,,,,,
ENTREP3,,,PLCB3,RAMP3,,,,,,,,,,,,,,,,,,
GUSBP1,,,BLTP2,ABHD1,,,,,,,,,,,,,,,,,,
ITGA7,,,TCP10L3,NUP155,,,,,,,,,,,,,,,,,,
SOX5,,,CPNE6,MRPL33,,,,,,,,,,,,,,,,,,
CALCOCO1,,,COL23A1,TSTD2,,,,,,,,,,,,,,,,,,
ANKRD9,,,RELA,PLK5,,,,,,,,,,,,,,,,,,
FIP1L1,,,PREX1,ELK4,,,,,,,,,,,,,,,,,,
SH3RF3,,,MRGPRE,CNOT7,,,,,,,,,,,,,,,,,,
PRORP,,,NIPSNAP1,KIN,,,,,,,,,,,,,,,,,,
AADAT,,,PAF1,SMIM10,,,,,,,,,,,,,,,,,,
CYTOR,,,CTDSP1,KIAA0040,,,,,,,,,,,,,,,,,,
MIR503,,,BOLL,TRPC1,,,,,,,,,,,,,,,,,,
RELB,,,GTF2I,UBA7,,,,,,,,,,,,,,,,,,
KLHDC7B,,,MYSM1,GFRA2,,,,,,,,,,,,,,,,,,
EPB41L5,,,LINC01431,ZNF816,,,,,,,,,,,,,,,,,,
C11orf54,,,LINC01093,OR14C36,,,,,,,,,,,,,,,,,,
AK4,,,LSM12P1,PCYOX1,,,,,,,,,,,,,,,,,,
SMUG1,,,MTHFD1,CLDN3,,,,,,,,,,,,,,,,,,
CDC16,,,VPS45,PIGR,,,,,,,,,,,,,,,,,,
MTCL3,,,MIR5188,C1orf141,,,,,,,,,,,,,,,,,,
BLOC1S2,,,UNC5B-AS1,ZNF582,,,,,,,,,,,,,,,,,,
TNFRSF10B,,,HEYL,FAM47B,,,,,,,,,,,,,,,,,,
GULP1,,,PACS1,ABHD18,,,,,,,,,,,,,,,,,,
RCHY1,,,VPS4A,IL18RAP,,,,,,,,,,,,,,,,,,
NEURL3,,,METTL2B,ANKZF1,,,,,,,,,,,,,,,,,,
SNORA5C,,,HECW1-IT1,TIGD6,,,,,,,,,,,,,,,,,,
ARHGEF12,,,LINC01180,SHOC1,,,,,,,,,,,,,,,,,,
ZNF394,,,SMLR1,CRYGB,,,,,,,,,,,,,,,,,,
WBP11,,,SEPTIN10,KRT17P5,,,,,,,,,,,,,,,,,,
ALYREF,,,SEPTIN10P1,ZNF529,,,,,,,,,,,,,,,,,,
CNKSR2,,,PSMD13,IRF6,,,,,,,,,,,,,,,,,,
AGFG1,,,OR2J3,DHX35,,,,,,,,,,,,,,,,,,
SELENOP,,,TBL2,SPMIP10,,,,,,,,,,,,,,,,,,
LINC00310,,,CMTR2,GATA4,,,,,,,,,,,,,,,,,,
ATP6V1E1,,,ARL17B,MOB3C,,,,,,,,,,,,,,,,,,
COX19,,,FAM230I,DCUN1D3,,,,,,,,,,,,,,,,,,
ADGRG1,,,ABHD16A,CCDC12,,,,,,,,,,,,,,,,,,
PICK1,,,OTUD5,C9orf50,,,,,,,,,,,,,,,,,,
VEPH1,,,S1PR2,BOD1L1,,,,,,,,,,,,,,,,,,
ASPA,,,DUSP13A,GCSAM,,,,,,,,,,,,,,,,,,
TOP3B,,,DUSP13B,MT1JP,,,,,,,,,,,,,,,,,,
ZNF569,,,TTC31,AMELY,,,,,,,,,,,,,,,,,,
VPS26B,,,CRHR2,AKAP1,,,,,,,,,,,,,,,,,,
TBC1D9B,,,ZBTB37,OR6C65,,,,,,,,,,,,,,,,,,
SNCA-AS1,,,MAZ,METTL23,,,,,,,,,,,,,,,,,,
CCT6P3,,,GPR101,,,,,,,,,,,,,,,,,,,
THNSL2,,,ATP2B3,,,,,,,,,,,,,,,,,,,
FOLH1,,,HEXIM2-AS1,,,,,,,,,,,,,,,,,,,
DTWD2,,,RS1,,,,,,,,,,,,,,,,,,,
KLC4,,,STAG3L3,,,,,,,,,,,,,,,,,,,
NDUFAB1,,,WDR6,,,,,,,,,,,,,,,,,,,
MIR211,,,RAB13,,,,,,,,,,,,,,,,,,,
EFNB1,,,EMD,,,,,,,,,,,,,,,,,,,
LINC00189,,,GPR88,,,,,,,,,,,,,,,,,,,
ABCD1,,,LINC02685,,,,,,,,,,,,,,,,,,,
ADAMTS4,,,FANCD2OS,,,,,,,,,,,,,,,,,,,
ANKRD10,,,PAPOLA-DT,,,,,,,,,,,,,,,,,,,
LOC374443,,,AEBP1,,,,,,,,,,,,,,,,,,,
ZNF395,,,H3C3,,,,,,,,,,,,,,,,,,,
NCOA2,,,STAG3L1,,,,,,,,,,,,,,,,,,,
ANKEF1,,,STAG3L2,,,,,,,,,,,,,,,,,,,
MOAP1,,,EIF4G1,,,,,,,,,,,,,,,,,,,
SYNC,,,AKAP11,,,,,,,,,,,,,,,,,,,
ABRACL,,,ADAMTS16-DT,,,,,,,,,,,,,,,,,,,
ATP6V0B,,,MAPK8IP3-AS1,,,,,,,,,,,,,,,,,,,
TEX9,,,ZNF212,,,,,,,,,,,,,,,,,,,
ROR1,,,HIP1,,,,,,,,,,,,,,,,,,,
SLC16A1,,,CHMP1A,,,,,,,,,,,,,,,,,,,
DNAAF8,,,DHTKD1,,,,,,,,,,,,,,,,,,,
ZNF717,,,SPATA31G1,,,,,,,,,,,,,,,,,,,
VPS33B,,,CHD4,,,,,,,,,,,,,,,,,,,
EXOSC9,,,KARS1,,,,,,,,,,,,,,,,,,,
ME2,,,HMGB1P6,,,,,,,,,,,,,,,,,,,
PRDM7,,,LPCAT1,,,,,,,,,,,,,,,,,,,
KCNAB2,,,CELF1,,,,,,,,,,,,,,,,,,,
NOXO1,,,BABAM1,,,,,,,,,,,,,,,,,,,
TBCEL,,,AQP2,,,,,,,,,,,,,,,,,,,
SCP2,,,LUNAR1,,,,,,,,,,,,,,,,,,,
HSP90B2P,,,GRK1,,,,,,,,,,,,,,,,,,,
GOLIM4,,,PDCD7,,,,,,,,,,,,,,,,,,,
LRP3,,,OR8B8,,,,,,,,,,,,,,,,,,,
CDO1,,,MAP3K3,,,,,,,,,,,,,,,,,,,
ACADL,,,RPS2,,,,,,,,,,,,,,,,,,,
NADK2,,,SNORA64,,,,,,,,,,,,,,,,,,,
COMMD4,,,RASSF8-AS1,,,,,,,,,,,,,,,,,,,
ADI1,,,NCOR2,,,,,,,,,,,,,,,,,,,
PTPN9,,,ADAT1,,,,,,,,,,,,,,,,,,,
ZNF221,,,AP4M1,,,,,,,,,,,,,,,,,,,
MIR1286,,,LRRC74B,,,,,,,,,,,,,,,,,,,
LOC100129034,,,RNF186,,,,,,,,,,,,,,,,,,,
SNORD65,,,POLR2G,,,,,,,,,,,,,,,,,,,
ZNF571,,,RUBCNL,,,,,,,,,,,,,,,,,,,
CCP110,,,UBA1,,,,,,,,,,,,,,,,,,,
F8,,,RAC1P2,,,,,,,,,,,,,,,,,,,
SLC39A6,,,RNF167,,,,,,,,,,,,,,,,,,,
ZNF615,,,RPL34-DT,,,,,,,,,,,,,,,,,,,
NLGN1,,,DNAAF10,,,,,,,,,,,,,,,,,,,
PDCD6IPP2,,,CMPK1,,,,,,,,,,,,,,,,,,,
PGM2L1,,,AAAS,,,,,,,,,,,,,,,,,,,
SMIM10L2A,,,NOTUM,,,,,,,,,,,,,,,,,,,
NRCAM,,,TUG1,,,,,,,,,,,,,,,,,,,
MAP3K15,,,POLR2J3,,,,,,,,,,,,,,,,,,,
CIT,,,ZNF286B,,,,,,,,,,,,,,,,,,,
DGUOK,,,FADS1,,,,,,,,,,,,,,,,,,,
TSPAN6,,,ADPRS,,,,,,,,,,,,,,,,,,,
LINC00882,,,ACSS2,,,,,,,,,,,,,,,,,,,
STAP2,,,MAPKAPK2,,,,,,,,,,,,,,,,,,,
TPD52,,,AP3D1,,,,,,,,,,,,,,,,,,,
RDX,,,ATXN10,,,,,,,,,,,,,,,,,,,
PJA2,,,LINC02355,,,,,,,,,,,,,,,,,,,
NOCT,,,LDHA,,,,,,,,,,,,,,,,,,,
LMBRD2,,,LINC02415,,,,,,,,,,,,,,,,,,,
LEF1,,,PQBP1,,,,,,,,,,,,,,,,,,,
TMEM161B,,,POLR2J2,,,,,,,,,,,,,,,,,,,
ESR1,,,LINC02221,,,,,,,,,,,,,,,,,,,
CLN3,,,MUS81,,,,,,,,,,,,,,,,,,,
SNAI3-AS1,,,GRWD1,,,,,,,,,,,,,,,,,,,
PLK2,,,LAMP1,,,,,,,,,,,,,,,,,,,
ZNF746,,,USP2-AS1,,,,,,,,,,,,,,,,,,,
PANK3,,,C10orf71,,,,,,,,,,,,,,,,,,,
ATG4C,,,SPEM1,,,,,,,,,,,,,,,,,,,
SMIM14,,,OAZ2,,,,,,,,,,,,,,,,,,,
PRDX1,,,TRAPPC4,,,,,,,,,,,,,,,,,,,
PIGT,,,DVL1,,,,,,,,,,,,,,,,,,,
CFDP1,,,IL4,,,,,,,,,,,,,,,,,,,
RAB11B-AS1,,,CASC3,,,,,,,,,,,,,,,,,,,
ANXA2R-OT1,,,KLHDC8B,,,,,,,,,,,,,,,,,,,
PCBP2,,,MARK2,,,,,,,,,,,,,,,,,,,
NUP54,,,SEC16B,,,,,,,,,,,,,,,,,,,
LINC00520,,,MPP1,,,,,,,,,,,,,,,,,,,
GPC6,,,RPL38,,,,,,,,,,,,,,,,,,,
TAP2,,,RPL39,,,,,,,,,,,,,,,,,,,
SH3BP2,,,RPL39P3,,,,,,,,,,,,,,,,,,,
ZNF219,,,SNORA69,,,,,,,,,,,,,,,,,,,
CNIH4,,,VWA3A,,,,,,,,,,,,,,,,,,,
SRGAP3,,,CREB3L3,,,,,,,,,,,,,,,,,,,
AGMO,,,ATP6AP1-DT,,,,,,,,,,,,,,,,,,,
AVPI1,,,PRKAG3,,,,,,,,,,,,,,,,,,,
PPP2R1B,,,RRN3P3,,,,,,,,,,,,,,,,,,,
RERG,,,CELP,,,,,,,,,,,,,,,,,,,
MIF4GD-DT,,,SNRNP35,,,,,,,,,,,,,,,,,,,
MCC,,,ANKRD42-DT,,,,,,,,,,,,,,,,,,,
PFKFB1,,,SH3KBP1,,,,,,,,,,,,,,,,,,,
THRB,,,KRT83,,,,,,,,,,,,,,,,,,,
FAM86HP,,,TTLL4,,,,,,,,,,,,,,,,,,,
ITGA9,,,GUSBP11,,,,,,,,,,,,,,,,,,,
SPATA18,,,MRFAP1L1,,,,,,,,,,,,,,,,,,,
MCF2L2,,,ALG10,,,,,,,,,,,,,,,,,,,
GPR161,,,PPID,,,,,,,,,,,,,,,,,,,
DEFB131B,,,NOP9,,,,,,,,,,,,,,,,,,,
PPFIA3,,,ZRSR2,,,,,,,,,,,,,,,,,,,
PTK7,,,USP7,,,,,,,,,,,,,,,,,,,
RAB40A,,,DENND2B,,,,,,,,,,,,,,,,,,,
B4GALT6,,,MAPK15,,,,,,,,,,,,,,,,,,,
HSDL2,,,CLPTM1L,,,,,,,,,,,,,,,,,,,
KALRN,,,TRIB1,,,,,,,,,,,,,,,,,,,
LINC00858,,,CDH4,,,,,,,,,,,,,,,,,,,
SLC35D1,,,ZNF564,,,,,,,,,,,,,,,,,,,
MIR626,,,ITPRIPL2,,,,,,,,,,,,,,,,,,,
IER3IP1,,,DRG1,,,,,,,,,,,,,,,,,,,
TXNRD2,,,RTKN,,,,,,,,,,,,,,,,,,,
SORCS2,,,LINC00896,,,,,,,,,,,,,,,,,,,
LYPLAL1-DT,,,GABARAP,,,,,,,,,,,,,,,,,,,
MAN2A2,,,METTL9,,,,,,,,,,,,,,,,,,,
STYX,,,ZDHHC21,,,,,,,,,,,,,,,,,,,
DNAJC9,,,TRIM56,,,,,,,,,,,,,,,,,,,
DUSP15,,,NKX2-1,,,,,,,,,,,,,,,,,,,
HMGCLL1,,,KIF5C-AS1,,,,,,,,,,,,,,,,,,,
APBA1,,,UGT2B17,,,,,,,,,,,,,,,,,,,
ARSG,,,MAGT1,,,,,,,,,,,,,,,,,,,
TARBP2,,,VIPR2,,,,,,,,,,,,,,,,,,,
VPS13D,,,ZC3HC1,,,,,,,,,,,,,,,,,,,
SEC11C,,,FSCN1,,,,,,,,,,,,,,,,,,,
SSBP1,,,ERICH4,,,,,,,,,,,,,,,,,,,
TSFM,,,LNCARSR,,,,,,,,,,,,,,,,,,,
NR5A2,,,NMT1,,,,,,,,,,,,,,,,,,,
VESTAR,,,ZNF280C,,,,,,,,,,,,,,,,,,,
STRAP,,,DKK1,,,,,,,,,,,,,,,,,,,
UPP1,,,SYNCRIPP1,,,,,,,,,,,,,,,,,,,
PTGES3,,,LINC00628,,,,,,,,,,,,,,,,,,,
SMARCD3,,,POMZP3,,,,,,,,,,,,,,,,,,,
BCKDHA,,,ZP3,,,,,,,,,,,,,,,,,,,
DCHS1,,,PRAMEF10,,,,,,,,,,,,,,,,,,,
MGAT4B,,,PRAMEF33,,,,,,,,,,,,,,,,,,,
PXMP4,,,COQ8A,,,,,,,,,,,,,,,,,,,
MYEF2,,,FGF22,,,,,,,,,,,,,,,,,,,
FPGT,,,NCR2,,,,,,,,,,,,,,,,,,,
CFAP221,,,AP2B1,,,,,,,,,,,,,,,,,,,
BBOF1,,,ZFP28-DT,,,,,,,,,,,,,,,,,,,
RARB,,,ACACB,,,,,,,,,,,,,,,,,,,
SLC24A1,,,MPDU1,,,,,,,,,,,,,,,,,,,
RNF152,,,AMBRA1,,,,,,,,,,,,,,,,,,,
LOC100505715,,,TNP1,,,,,,,,,,,,,,,,,,,
NAGS,,,MIER3,,,,,,,,,,,,,,,,,,,
ZNG1F,,,ATRAID,,,,,,,,,,,,,,,,,,,
OR2L2,,,TMED1,,,,,,,,,,,,,,,,,,,
RHEB,,,ZSWIM9,,,,,,,,,,,,,,,,,,,
ARF3,,,RTL8C,,,,,,,,,,,,,,,,,,,
CYP2J2,,,CPT1A,,,,,,,,,,,,,,,,,,,
HPS4,,,SMIM27,,,,,,,,,,,,,,,,,,,
MRE11,,,SLC51B,,,,,,,,,,,,,,,,,,,
RNASE4,,,FBXW4P1,,,,,,,,,,,,,,,,,,,
TRIB3,,,H3-4,,,,,,,,,,,,,,,,,,,
DZIP3,,,SRGAP1,,,,,,,,,,,,,,,,,,,
DUS1L,,,PTMA,,,,,,,,,,,,,,,,,,,
CISD2,,,PTMAP2,,,,,,,,,,,,,,,,,,,
ACSL3,,,DCK,,,,,,,,,,,,,,,,,,,
LRRC45,,,USF2,,,,,,,,,,,,,,,,,,,
FAM43A,,,EIF1AD,,,,,,,,,,,,,,,,,,,
TMEM33,,,PPP1R3E,,,,,,,,,,,,,,,,,,,
RGMA,,,CREB3L1,,,,,,,,,,,,,,,,,,,
CTLA4,,,CRYZL2P-SEC16B,,,,,,,,,,,,,,,,,,,
TPRA1,,,EPO,,,,,,,,,,,,,,,,,,,
POMP,,,ZNF286A,,,,,,,,,,,,,,,,,,,
ARRDC3,,,MAPKBP1,,,,,,,,,,,,,,,,,,,
HYAL1,,,SLC41A1,,,,,,,,,,,,,,,,,,,
BPHL,,,GASK1B,,,,,,,,,,,,,,,,,,,
PHLDB2,,,STK38,,,,,,,,,,,,,,,,,,,
CUBN,,,NOTCH2NLR,,,,,,,,,,,,,,,,,,,
GIPC1,,,CLIC4P1,,,,,,,,,,,,,,,,,,,
TCEA3,,,SFXN4,,,,,,,,,,,,,,,,,,,
KCNH8,,,STYXL1,,,,,,,,,,,,,,,,,,,
SPATS2,,,COTL1,,,,,,,,,,,,,,,,,,,
FXYD1,,,HS6ST1,,,,,,,,,,,,,,,,,,,
CWF19L2,,,NT5C3B,,,,,,,,,,,,,,,,,,,
ECHDC3,,,RNF32,,,,,,,,,,,,,,,,,,,
JPT1,,,AEBP2,,,,,,,,,,,,,,,,,,,
MSL3B,,,ZKSCAN1,,,,,,,,,,,,,,,,,,,
ALDOC,,,ESYT1,,,,,,,,,,,,,,,,,,,
CEP120,,,TTYH3,,,,,,,,,,,,,,,,,,,
SMCP,,,CARM1,,,,,,,,,,,,,,,,,,,
TNN,,,CACNA1D,,,,,,,,,,,,,,,,,,,
APBB1,,,KLHL12,,,,,,,,,,,,,,,,,,,
MATN2,,,DYRK2,,,,,,,,,,,,,,,,,,,
ZNF780A,,,CCNE2,,,,,,,,,,,,,,,,,,,
TTL,,,LUC7L,,,,,,,,,,,,,,,,,,,
RIDA,,,AKR1B1,,,,,,,,,,,,,,,,,,,
ITGB1,,,ACTR3B,,,,,,,,,,,,,,,,,,,
PSD2,,,NTRK3-AS1,,,,,,,,,,,,,,,,,,,
MAP2K3,,,RPS2P46,,,,,,,,,,,,,,,,,,,
MIR4667,,,RPS2P5,,,,,,,,,,,,,,,,,,,
PMEL,,,ALG10B,,,,,,,,,,,,,,,,,,,
ZNF789,,,RHOJ,,,,,,,,,,,,,,,,,,,
BIN3,,,AKR1C4,,,,,,,,,,,,,,,,,,,
DEGS1,,,STIP1,,,,,,,,,,,,,,,,,,,
ZMYM2,,,CPSF7,,,,,,,,,,,,,,,,,,,
AQP6,,,KCTD10,,,,,,,,,,,,,,,,,,,
MEGF9,,,ZNF343,,,,,,,,,,,,,,,,,,,
CALD1,,,TIGD3,,,,,,,,,,,,,,,,,,,
DEPDC7,,,DLST,,,,,,,,,,,,,,,,,,,
MAN1A1,,,SPAG9,,,,,,,,,,,,,,,,,,,
HSPB9,,,RANGRF,,,,,,,,,,,,,,,,,,,
CDK18,,,SHCBP1L,,,,,,,,,,,,,,,,,,,
PLCL2,,,RBM14-RBM4,,,,,,,,,,,,,,,,,,,
ZNF800,,,ADM2,,,,,,,,,,,,,,,,,,,
WNT6,,,LTB4R2,,,,,,,,,,,,,,,,,,,
ZEB1-AS1,,,LAMTOR1,,,,,,,,,,,,,,,,,,,
TCP11L1,,,IER3,,,,,,,,,,,,,,,,,,,
CRMP1,,,CDHR5,,,,,,,,,,,,,,,,,,,
HACD2,,,E2F7,,,,,,,,,,,,,,,,,,,
GGA1,,,MYNN,,,,,,,,,,,,,,,,,,,
ZEB1,,,VIM,,,,,,,,,,,,,,,,,,,
NABP1,,,APOBEC1,,,,,,,,,,,,,,,,,,,
HDAC6,,,EEIG2,,,,,,,,,,,,,,,,,,,
CYP2B7P,,,ARHGEF16,,,,,,,,,,,,,,,,,,,
PSD3,,,RNF185-AS1,,,,,,,,,,,,,,,,,,,
ITGB1BP2,,,KCTD14,,,,,,,,,,,,,,,,,,,
KCTD13,,,ETS1-AS1,,,,,,,,,,,,,,,,,,,
ZNF843,,,DCAF17,,,,,,,,,,,,,,,,,,,
ACAD8,,,AP1AR,,,,,,,,,,,,,,,,,,,
GTF3A,,,CEP68,,,,,,,,,,,,,,,,,,,
SERPING1,,,HNRNPA1P3,,,,,,,,,,,,,,,,,,,
ZNF433,,,VEGFB,,,,,,,,,,,,,,,,,,,
CALM3,,,RPL3,,,,,,,,,,,,,,,,,,,
NSUN5,,,RAD21L1,,,,,,,,,,,,,,,,,,,
AFF2,,,BMS1,,,,,,,,,,,,,,,,,,,
SLAIN1,,,PELATON,,,,,,,,,,,,,,,,,,,
TEAD4,,,AAR2,,,,,,,,,,,,,,,,,,,
ENHO,,,SDHAP1,,,,,,,,,,,,,,,,,,,
PCDHB16,,,SDHAP2,,,,,,,,,,,,,,,,,,,
DCPS,,,VWA7,,,,,,,,,,,,,,,,,,,
TRPV1,,,WDR13,,,,,,,,,,,,,,,,,,,
JAK1,,,HEIH,,,,,,,,,,,,,,,,,,,
NAGPA,,,ARHGEF17,,,,,,,,,,,,,,,,,,,
ARHGAP35,,,PTPMT1,,,,,,,,,,,,,,,,,,,
ELOVL7,,,HDAC3,,,,,,,,,,,,,,,,,,,
LETM1,,,MNX1-AS1,,,,,,,,,,,,,,,,,,,
SKIC8,,,ILK,,,,,,,,,,,,,,,,,,,
DHFR2,,,BMP2,,,,,,,,,,,,,,,,,,,
ZNF347,,,SUN2,,,,,,,,,,,,,,,,,,,
ETV4,,,CNP,,,,,,,,,,,,,,,,,,,
IFT46,,,ARPC1A,,,,,,,,,,,,,,,,,,,
PPFIBP1,,,ZNF785,,,,,,,,,,,,,,,,,,,
HCCAT5,,,POU5F1P3,,,,,,,,,,,,,,,,,,,
ENTHD1,,,CAMTA1,,,,,,,,,,,,,,,,,,,
PRR22,,,SOS1-IT1,,,,,,,,,,,,,,,,,,,
GRIP2,,,SDHAF2,,,,,,,,,,,,,,,,,,,
RBPMS,,,BCAR4,,,,,,,,,,,,,,,,,,,
FLJ16779,,,NGRN,,,,,,,,,,,,,,,,,,,
PCDHB3,,,CES3,,,,,,,,,,,,,,,,,,,
PDIA3P1,,,KLLN,,,,,,,,,,,,,,,,,,,
F11R,,,NFATC2IP,,,,,,,,,,,,,,,,,,,
ZFHX2,,,NPM1P6,,,,,,,,,,,,,,,,,,,
OSTM1,,,NPM1P7,,,,,,,,,,,,,,,,,,,
EGFR,,,SNAPC1,,,,,,,,,,,,,,,,,,,
CKS2,,,ERCC3,,,,,,,,,,,,,,,,,,,
RBMS3,,,LRRC37A2,,,,,,,,,,,,,,,,,,,
SNORD59A,,,CARHSP1,,,,,,,,,,,,,,,,,,,
UBE2M,,,CBX1,,,,,,,,,,,,,,,,,,,
HEXIM1,,,SAAL1,,,,,,,,,,,,,,,,,,,
ENPP3,,,GPR176-DT,,,,,,,,,,,,,,,,,,,
LCAT,,,B3GNT3,,,,,,,,,,,,,,,,,,,
PTCHD3P1,,,IARS2,,,,,,,,,,,,,,,,,,,
ZNF436,,,HADHA,,,,,,,,,,,,,,,,,,,
LANCL1,,,NAV1,,,,,,,,,,,,,,,,,,,
PHYHD1,,,HTD2,,,,,,,,,,,,,,,,,,,
LAMB3,,,CDK5RAP3,,,,,,,,,,,,,,,,,,,
KLF13,,,SLC13A2,,,,,,,,,,,,,,,,,,,
TBRG4,,,KEAP1,,,,,,,,,,,,,,,,,,,
NFE2L3,,,TBCE,,,,,,,,,,,,,,,,,,,
MFSD5,,,CNTROB,,,,,,,,,,,,,,,,,,,
NEMP1,,,ATP6V1B1,,,,,,,,,,,,,,,,,,,
PLPP3,,,MYO1C,,,,,,,,,,,,,,,,,,,
SNX33,,,MARF1,,,,,,,,,,,,,,,,,,,
MBD6,,,GATC,,,,,,,,,,,,,,,,,,,
BCAP31,,,KAT5,,,,,,,,,,,,,,,,,,,
ZHX1,,,CYCSP33,,,,,,,,,,,,,,,,,,,
ZNF354C,,,GGA2,,,,,,,,,,,,,,,,,,,
BAMBI,,,PRKAG1,,,,,,,,,,,,,,,,,,,
LOC100507053,,,BMP10,,,,,,,,,,,,,,,,,,,
AIG1,,,YLPM1,,,,,,,,,,,,,,,,,,,
GADL1,,,TOX4,,,,,,,,,,,,,,,,,,,
MAGEA8,,,DCTN5,,,,,,,,,,,,,,,,,,,
PICART1,,,STARD4,,,,,,,,,,,,,,,,,,,
ALAD,,,SSMEM1,,,,,,,,,,,,,,,,,,,
AARD,,,LAPTM5,,,,,,,,,,,,,,,,,,,
PCDHB4,,,NCL,,,,,,,,,,,,,,,,,,,
RSPRY1,,,STARD3,,,,,,,,,,,,,,,,,,,
MED4,,,AIFM1,,,,,,,,,,,,,,,,,,,
HLF,,,DHRS4,,,,,,,,,,,,,,,,,,,
CLEC2D,,,DHRS4L1,,,,,,,,,,,,,,,,,,,
LOC254896,,,DHRS4L2,,,,,,,,,,,,,,,,,,,
SSTR2,,,ITGA9-AS1,,,,,,,,,,,,,,,,,,,
RAB11B,,,DGCR5,,,,,,,,,,,,,,,,,,,
LSAMP,,,SP8,,,,,,,,,,,,,,,,,,,
CHADL,,,CC2D2A,,,,,,,,,,,,,,,,,,,
RNFT2,,,HMGB1P10,,,,,,,,,,,,,,,,,,,
ETFB,,,CCDC83,,,,,,,,,,,,,,,,,,,
LOC100507412,,,COMT,,,,,,,,,,,,,,,,,,,
ST6GALNAC6,,,ENSA,,,,,,,,,,,,,,,,,,,
TM6SF2,,,PIP5K1C,,,,,,,,,,,,,,,,,,,
AASDHPPT,,,RPS23P6,,,,,,,,,,,,,,,,,,,
LINC01625,,,FZR1,,,,,,,,,,,,,,,,,,,
ARSI,,,RPS29P28,,,,,,,,,,,,,,,,,,,
PPP1R15B,,,BACE1,,,,,,,,,,,,,,,,,,,
FAM182B,,,EEF1A1,,,,,,,,,,,,,,,,,,,
COLEC11,,,TRPC2,,,,,,,,,,,,,,,,,,,
FHL3,,,SIRT3,,,,,,,,,,,,,,,,,,,
SNORA7B,,,OSBPL11,,,,,,,,,,,,,,,,,,,
EEF1A2,,,NR2F6,,,,,,,,,,,,,,,,,,,
ANAPC4,,,TMEM9,,,,,,,,,,,,,,,,,,,
PML,,,HAS3,,,,,,,,,,,,,,,,,,,
MIR3939,,,CFL1,,,,,,,,,,,,,,,,,,,
NRTN,,,FBXO17,,,,,,,,,,,,,,,,,,,
ZNF41,,,RB1-DT,,,,,,,,,,,,,,,,,,,
PID1,,,PPM1K,,,,,,,,,,,,,,,,,,,
CPED1,,,UBAC2,,,,,,,,,,,,,,,,,,,
DYRK4,,,TAGLN3,,,,,,,,,,,,,,,,,,,
CLU,,,ONECUT3,,,,,,,,,,,,,,,,,,,
PLPP1,,,GTSE1-DT,,,,,,,,,,,,,,,,,,,
SNORD102,,,ADAM11,,,,,,,,,,,,,,,,,,,
ANGPTL6,,,DNM1P51,,,,,,,,,,,,,,,,,,,
DNAJC6,,,WASF2,,,,,,,,,,,,,,,,,,,
MLF2,,,DVL2,,,,,,,,,,,,,,,,,,,
SLCO2B1,,,HTR6,,,,,,,,,,,,,,,,,,,
GARNL3,,,CCDC142,,,,,,,,,,,,,,,,,,,
KIDINS220,,,HMGN2,,,,,,,,,,,,,,,,,,,
CDIN1,,,HMGN2P17,,,,,,,,,,,,,,,,,,,
SC5D,,,HMGN2P41,,,,,,,,,,,,,,,,,,,
ATOX1,,,HMGN2P5,,,,,,,,,,,,,,,,,,,
MAN2A1,,,HMGN2P6,,,,,,,,,,,,,,,,,,,
ECRG4,,,HMGN2P7,,,,,,,,,,,,,,,,,,,
ARL2-SNX15,,,GNPAT,,,,,,,,,,,,,,,,,,,
CRAT,,,COPZ2,,,,,,,,,,,,,,,,,,,
PAN3,,,SLC22A15,,,,,,,,,,,,,,,,,,,
BID,,,RPS25,,,,,,,,,,,,,,,,,,,
FGGY,,,BLID,,,,,,,,,,,,,,,,,,,
ZNF250,,,SHMT2,,,,,,,,,,,,,,,,,,,
CLSTN3,,,SLC7A2,,,,,,,,,,,,,,,,,,,
QPCT,,,ARHGAP10,,,,,,,,,,,,,,,,,,,
EMILIN1,,,FAM199X,,,,,,,,,,,,,,,,,,,
ADH1B,,,TRUB1,,,,,,,,,,,,,,,,,,,
ETF1,,,GPATCH8,,,,,,,,,,,,,,,,,,,
MLH1,,,SPPL2C,,,,,,,,,,,,,,,,,,,
AMOTL1,,,ACACA,,,,,,,,,,,,,,,,,,,
ECH1,,,LINC02091,,,,,,,,,,,,,,,,,,,
PCMTD1,,,ANP32A,,,,,,,,,,,,,,,,,,,
IHO1,,,PTMAP4,,,,,,,,,,,,,,,,,,,
NTN4,,,PTMAP9,,,,,,,,,,,,,,,,,,,
IGFBP7-AS1,,,OR2B4P,,,,,,,,,,,,,,,,,,,
ACO1,,,PPP1R37,,,,,,,,,,,,,,,,,,,
ADIPOR1,,,NHIP,,,,,,,,,,,,,,,,,,,
MRPL46,,,SLC2A11,,,,,,,,,,,,,,,,,,,
LINC00221,,,MC2R,,,,,,,,,,,,,,,,,,,
MCTS1,,,ZBED6,,,,,,,,,,,,,,,,,,,
ALDH6A1,,,ZC3H11A,,,,,,,,,,,,,,,,,,,
EIF4E,,,NRXN2,,,,,,,,,,,,,,,,,,,
ANGPT2,,,SIKE1,,,,,,,,,,,,,,,,,,,
SLC19A2,,,KCNQ1DN,,,,,,,,,,,,,,,,,,,
DISP1,,,RNASET2,,,,,,,,,,,,,,,,,,,
TMEM198,,,CNOT3,,,,,,,,,,,,,,,,,,,
PLXNA1,,,STING1,,,,,,,,,,,,,,,,,,,
RBKS,,,ATF5,,,,,,,,,,,,,,,,,,,
UNK,,,LPCAT3,,,,,,,,,,,,,,,,,,,
SAP30L,,,EBNA1BP2,,,,,,,,,,,,,,,,,,,
LINC01000,,,BST1,,,,,,,,,,,,,,,,,,,
TM4SF19-DYNLT2B,,,BCLAF3,,,,,,,,,,,,,,,,,,,
TUBB8,,,MYO3B,,,,,,,,,,,,,,,,,,,
TPT1-AS1,,,CLIC1,,,,,,,,,,,,,,,,,,,
RANBP1,,,ATP6V1G2-DDX39B,,,,,,,,,,,,,,,,,,,
ZNF778,,,PKN2,,,,,,,,,,,,,,,,,,,
CYB5A,,,CASKIN1,,,,,,,,,,,,,,,,,,,
TRIM23,,,GTF2H2B,,,,,,,,,,,,,,,,,,,
ADAM15,,,GTF2H2C_2,,,,,,,,,,,,,,,,,,,
AVPR1A,,,HNRNPUL2-BSCL2,,,,,,,,,,,,,,,,,,,
NOG,,,TIMM44,,,,,,,,,,,,,,,,,,,
CDC14B,,,LINC01220,,,,,,,,,,,,,,,,,,,
SEM1,,,SH3PXD2A,,,,,,,,,,,,,,,,,,,
KLHL29,,,POLDIP2,,,,,,,,,,,,,,,,,,,
KLF11,,,UBE2L3,,,,,,,,,,,,,,,,,,,
NRBF2,,,MIR7-1,,,,,,,,,,,,,,,,,,,
CHML,,,NEURL4,,,,,,,,,,,,,,,,,,,
PHF5A,,,PLD2,,,,,,,,,,,,,,,,,,,
USP36,,,TTLL13,,,,,,,,,,,,,,,,,,,
KLB,,,GPX3,,,,,,,,,,,,,,,,,,,
BRSK1,,,ZC3H7B,,,,,,,,,,,,,,,,,,,
SCN4B,,,EIF2S3B,,,,,,,,,,,,,,,,,,,
PPP2R2B,,,GCC1,,,,,,,,,,,,,,,,,,,
LINC02716,,,RPLP0,,,,,,,,,,,,,,,,,,,
TAB1,,,RPLP0P6,,,,,,,,,,,,,,,,,,,
INSL6,,,LINC02632,,,,,,,,,,,,,,,,,,,
CNPY2,,,TYW1,,,,,,,,,,,,,,,,,,,
ZNF697,,,TYW1B,,,,,,,,,,,,,,,,,,,
PLSCR1,,,HSPA12A,,,,,,,,,,,,,,,,,,,
ADGRL2,,,RNASE1,,,,,,,,,,,,,,,,,,,
MED28,,,C2CD2L,,,,,,,,,,,,,,,,,,,
GYG1,,,ISY1,,,,,,,,,,,,,,,,,,,
BNIP3L,,,TET3,,,,,,,,,,,,,,,,,,,
CYP7B1,,,NKAPL,,,,,,,,,,,,,,,,,,,
LPP,,,SPTLC2,,,,,,,,,,,,,,,,,,,
ASPSCR1,,,LMAN2,,,,,,,,,,,,,,,,,,,
YPEL2,,,OTUD7A,,,,,,,,,,,,,,,,,,,
LRTOMT,,,CFAP418,,,,,,,,,,,,,,,,,,,
CETP,,,SF1-DT,,,,,,,,,,,,,,,,,,,
NR2F1,,,PPP1R21,,,,,,,,,,,,,,,,,,,
BICDL1,,,EI24,,,,,,,,,,,,,,,,,,,
IL6ST,,,NAGK,,,,,,,,,,,,,,,,,,,
GMPS,,,C2orf42,,,,,,,,,,,,,,,,,,,
RHPN1,,,MECR,,,,,,,,,,,,,,,,,,,
MIR3176,,,AFG3L1P,,,,,,,,,,,,,,,,,,,
DDR2,,,HARS2,,,,,,,,,,,,,,,,,,,
APH1B,,,ZNF665,,,,,,,,,,,,,,,,,,,
CTR9,,,SLX4IP,,,,,,,,,,,,,,,,,,,
PRR7,,,COPS7A,,,,,,,,,,,,,,,,,,,
PTH1R,,,LINC01785,,,,,,,,,,,,,,,,,,,
LINC02875,,,PDE4A,,,,,,,,,,,,,,,,,,,
SMAD6,,,NIPSNAP3A,,,,,,,,,,,,,,,,,,,
RPP25,,,IQCJ-SCHIP1-AS1,,,,,,,,,,,,,,,,,,,
CCDC57,,,TEKTL1,,,,,,,,,,,,,,,,,,,
THRSP,,,YIPF2,,,,,,,,,,,,,,,,,,,
LINC00853,,,MIR6838,,,,,,,,,,,,,,,,,,,
WDR91,,,POLM,,,,,,,,,,,,,,,,,,,
CD109,,,MAGOHB,,,,,,,,,,,,,,,,,,,
MELTF,,,CCT7,,,,,,,,,,,,,,,,,,,
USF3,,,MIR4751,,,,,,,,,,,,,,,,,,,
NICOL1,,,BIVM,,,,,,,,,,,,,,,,,,,
FATE1,,,SNX16,,,,,,,,,,,,,,,,,,,
ALDH2,,,KIF23,,,,,,,,,,,,,,,,,,,
TTC3P1,,,GCA,,,,,,,,,,,,,,,,,,,
APOA4,,,DEPDC5,,,,,,,,,,,,,,,,,,,
NUP42,,,EPPIN,,,,,,,,,,,,,,,,,,,
ANKRD11,,,SLC30A7,,,,,,,,,,,,,,,,,,,
ODC1,,,PPM1G,,,,,,,,,,,,,,,,,,,
PHAF1,,,ZNF782,,,,,,,,,,,,,,,,,,,
SLC45A2,,,DNAJC18,,,,,,,,,,,,,,,,,,,
SFT2D1,,,RFWD3,,,,,,,,,,,,,,,,,,,
SH3RF3-AS1,,,HOXC4,,,,,,,,,,,,,,,,,,,
CAVIN2,,,HSCB,,,,,,,,,,,,,,,,,,,
DECR1,,,EARS2,,,,,,,,,,,,,,,,,,,
TF,,,MCL1,,,,,,,,,,,,,,,,,,,
LGR4,,,ZNF18,,,,,,,,,,,,,,,,,,,
TIAL1,,,CAPN7,,,,,,,,,,,,,,,,,,,
TMEM14C,,,GCN1,,,,,,,,,,,,,,,,,,,
SNHG15,,,ALKBH7,,,,,,,,,,,,,,,,,,,
CC2D1A,,,TTLL10,,,,,,,,,,,,,,,,,,,
ZNF614,,,NOS1AP,,,,,,,,,,,,,,,,,,,
TRPS1,,,SNX32,,,,,,,,,,,,,,,,,,,
NCKAP5L,,,RASSF4,,,,,,,,,,,,,,,,,,,
RPL17,,,BAIAP3,,,,,,,,,,,,,,,,,,,
AADACP1,,,ZFP62,,,,,,,,,,,,,,,,,,,
MAGED2,,,ATP6V0E2-AS1,,,,,,,,,,,,,,,,,,,
PDK1,,,POU5F1,,,,,,,,,,,,,,,,,,,
ATG4B,,,NKIRAS2,,,,,,,,,,,,,,,,,,,
LINC00308,,,CPLX3,,,,,,,,,,,,,,,,,,,
PDHB,,,IDH2,,,,,,,,,,,,,,,,,,,
GIHCG,,,LY6E-DT,,,,,,,,,,,,,,,,,,,
BAIAP2-DT,,,MED30,,,,,,,,,,,,,,,,,,,
CDK2,,,H1-10,,,,,,,,,,,,,,,,,,,
DPYD,,,IQCB1,,,,,,,,,,,,,,,,,,,
NUGGC,,,IST1,,,,,,,,,,,,,,,,,,,
ARHGEF6,,,DEFB104A,,,,,,,,,,,,,,,,,,,
ZNF175,,,DEFB104B,,,,,,,,,,,,,,,,,,,
PLAAT5,,,DGKD,,,,,,,,,,,,,,,,,,,
LCA5,,,H1-1,,,,,,,,,,,,,,,,,,,
SEC14L4,,,ZNF182,,,,,,,,,,,,,,,,,,,
MAOA,,,MMP20,,,,,,,,,,,,,,,,,,,
WAKMAR2,,,SCAMP3,,,,,,,,,,,,,,,,,,,
MIR4696,,,PTMAP5,,,,,,,,,,,,,,,,,,,
LINC01121,,,GPKOW,,,,,,,,,,,,,,,,,,,
NFKBIE,,,SNIP1,,,,,,,,,,,,,,,,,,,
RBX1,,,CAPZB,,,,,,,,,,,,,,,,,,,
C15orf40,,,PI4KB,,,,,,,,,,,,,,,,,,,
IFNGR2,,,CYB561,,,,,,,,,,,,,,,,,,,
WWOX,,,RNF214,,,,,,,,,,,,,,,,,,,
ANKRD18DP,,,PLAAT3,,,,,,,,,,,,,,,,,,,
RBMXL1,,,KIF3B,,,,,,,,,,,,,,,,,,,
TMUB1,,,SDCBP2-AS1,,,,,,,,,,,,,,,,,,,
ANG,,,RPL23AP2,,,,,,,,,,,,,,,,,,,
HEPACAM,,,DNAJC30,,,,,,,,,,,,,,,,,,,
GLI2,,,LCAL1,,,,,,,,,,,,,,,,,,,
C12orf60,,,GPR25,,,,,,,,,,,,,,,,,,,
PC,,,RPL23AP74,,,,,,,,,,,,,,,,,,,
EFR3A,,,MSTO1,,,,,,,,,,,,,,,,,,,
CDH3,,,MSTO2P,,,,,,,,,,,,,,,,,,,
ZNF839,,,LINC01289,,,,,,,,,,,,,,,,,,,
LINC02447,,,ELP5,,,,,,,,,,,,,,,,,,,
ZYX,,,DNAJC5,,,,,,,,,,,,,,,,,,,
DDX10,,,ADCY10,,,,,,,,,,,,,,,,,,,
C10orf95-AS1,,,PRRT2,,,,,,,,,,,,,,,,,,,
ITGA8,,,GLP1R,,,,,,,,,,,,,,,,,,,
DCUN1D2,,,CDC42SE2,,,,,,,,,,,,,,,,,,,
ATG14,,,HAX1,,,,,,,,,,,,,,,,,,,
ZDHHC2,,,ALG14,,,,,,,,,,,,,,,,,,,
NUDT12,,,PARN,,,,,,,,,,,,,,,,,,,
MZT1,,,RER1,,,,,,,,,,,,,,,,,,,
LNX2,,,TTLL12,,,,,,,,,,,,,,,,,,,
SDAD1,,,DBTP1,,,,,,,,,,,,,,,,,,,
SQSTM1,,,CCDC197,,,,,,,,,,,,,,,,,,,
BNIP2,,,CARS1,,,,,,,,,,,,,,,,,,,
PPP1R26,,,SPTY2D1,,,,,,,,,,,,,,,,,,,
ZNF558,,,HDAC7,,,,,,,,,,,,,,,,,,,
PPP2R5A,,,PTPRA,,,,,,,,,,,,,,,,,,,
ZNF775,,,CCT6A,,,,,,,,,,,,,,,,,,,
HNRNPF,,,ARSD,,,,,,,,,,,,,,,,,,,
ABHD11-AS1,,,JADE2,,,,,,,,,,,,,,,,,,,
EGR3,,,PRPF6,,,,,,,,,,,,,,,,,,,
ARGLU1-DT,,,FSTL4,,,,,,,,,,,,,,,,,,,
CRHBP,,,GARIN3,,,,,,,,,,,,,,,,,,,
SPECC1,,,DNAJC7,,,,,,,,,,,,,,,,,,,
CAP2,,,SPDYE1,,,,,,,,,,,,,,,,,,,
ENPEP,,,SPDYE16,,,,,,,,,,,,,,,,,,,
E2F6,,,SPDYE18,,,,,,,,,,,,,,,,,,,
CHAMP1,,,SPDYE2,,,,,,,,,,,,,,,,,,,
H4C8,,,SPDYE21,,,,,,,,,,,,,,,,,,,
RPL36A,,,SPDYE2B,,,,,,,,,,,,,,,,,,,
ZFP82,,,SPDYE5,,,,,,,,,,,,,,,,,,,
MS4A15,,,ZNF346,,,,,,,,,,,,,,,,,,,
BASP1-AS1,,,PRDX6,,,,,,,,,,,,,,,,,,,
PRKD1,,,PHYKPL,,,,,,,,,,,,,,,,,,,
FGD5-AS1,,,WIPI2,,,,,,,,,,,,,,,,,,,
TFPI,,,IGBP1,,,,,,,,,,,,,,,,,,,
MIR3177,,,FAM220A,,,,,,,,,,,,,,,,,,,
GAGE12J,,,SMIM10L3,,,,,,,,,,,,,,,,,,,
PCDHB11,,,ATP1A1,,,,,,,,,,,,,,,,,,,
MIR3186,,,IL17RA,,,,,,,,,,,,,,,,,,,
SLC1A1,,,MIR1909,,,,,,,,,,,,,,,,,,,
ALDH3A2,,,ATP8B5P,,,,,,,,,,,,,,,,,,,
PKN1,,,NOTCH2NLA,,,,,,,,,,,,,,,,,,,
MREG,,,NOTCH2NLB,,,,,,,,,,,,,,,,,,,
ANKRD13C,,,NOTCH2NLC,,,,,,,,,,,,,,,,,,,
SLC25A20,,,CTBP2P8,,,,,,,,,,,,,,,,,,,
CCZ1,,,DAB2IP,,,,,,,,,,,,,,,,,,,
RGL1,,,DAZAP1,,,,,,,,,,,,,,,,,,,
ZSCAN16,,,SLC35E2B,,,,,,,,,,,,,,,,,,,
ALMS1P1,,,MIA3,,,,,,,,,,,,,,,,,,,
ACAA1,,,MANF,,,,,,,,,,,,,,,,,,,
VIPAS39,,,APAF1,,,,,,,,,,,,,,,,,,,
IRF5,,,C2CD2,,,,,,,,,,,,,,,,,,,
SERPINH1,,,MVP-DT,,,,,,,,,,,,,,,,,,,
PINK1,,,SIAH3,,,,,,,,,,,,,,,,,,,
SEPTIN9,,,ARID5B,,,,,,,,,,,,,,,,,,,
SH3TC1,,,ARFRP1,,,,,,,,,,,,,,,,,,,
MIF4GD,,,UBE2G2,,,,,,,,,,,,,,,,,,,
LRP5,,,PDIK1L,,,,,,,,,,,,,,,,,,,
TM4SF19,,,CCNK,,,,,,,,,,,,,,,,,,,
FGFR1OP2,,,LARP1,,,,,,,,,,,,,,,,,,,
LDB2,,,P4HB,,,,,,,,,,,,,,,,,,,
RNF4,,,FOXO3,,,,,,,,,,,,,,,,,,,
CUL1,,,WDR89,,,,,,,,,,,,,,,,,,,
FBXO31,,,RTN4,,,,,,,,,,,,,,,,,,,
DHODH,,,COL1A1,,,,,,,,,,,,,,,,,,,
SNORA27,,,SNX17,,,,,,,,,,,,,,,,,,,
FANCI,,,SOCS7,,,,,,,,,,,,,,,,,,,
GSR,,,MED21,,,,,,,,,,,,,,,,,,,
LINC01963,,,SRGAP2D,,,,,,,,,,,,,,,,,,,
DDX47,,,AKT2,,,,,,,,,,,,,,,,,,,
SPTSSA,,,PTENP1-AS,,,,,,,,,,,,,,,,,,,
ARID4A,,,SMARCAD1,,,,,,,,,,,,,,,,,,,
SNHG16,,,LINC02885,,,,,,,,,,,,,,,,,,,
ZNF726,,,SNORD83A,,,,,,,,,,,,,,,,,,,
GPLD1,,,ZMYND12,,,,,,,,,,,,,,,,,,,
EGFEM1P,,,C18orf15,,,,,,,,,,,,,,,,,,,
,,,TRIM61,,,,,,,,,,,,,,,,,,,
,,,DOHH,,,,,,,,,,,,,,,,,,,
,,,TFE3,,,,,,,,,,,,,,,,,,,
,,,ZFP41,,,,,,,,,,,,,,,,,,,
,,,SLIT2-IT1,,,,,,,,,,,,,,,,,,,
,,,POFUT1,,,,,,,,,,,,,,,,,,,
,,,SUPT6H,,,,,,,,,,,,,,,,,,,
,,,PHF23,,,,,,,,,,,,,,,,,,,
,,,FRMD4A,,,,,,,,,,,,,,,,,,,
,,,ANXA6,,,,,,,,,,,,,,,,,,,
,,,AARS1,,,,,,,,,,,,,,,,,,,
,,,LINC02171,,,,,,,,,,,,,,,,,,,
,,,SETD3,,,,,,,,,,,,,,,,,,,
,,,GPR37L1,,,,,,,,,,,,,,,,,,,
,,,CALM2,,,,,,,,,,,,,,,,,,,
,,,DHX38,,,,,,,,,,,,,,,,,,,
,,,PSMC1,,,,,,,,,,,,,,,,,,,
,,,PSMC1P1,,,,,,,,,,,,,,,,,,,
,,,SZRD1,,,,,,,,,,,,,,,,,,,
,,,DCAF16,,,,,,,,,,,,,,,,,,,
,,,PAX3,,,,,,,,,,,,,,,,,,,
,,,NLGN2,,,,,,,,,,,,,,,,,,,
,,,MARVELD1,,,,,,,,,,,,,,,,,,,
,,,EIF2S3,,,,,,,,,,,,,,,,,,,
,,,SLC28A2,,,,,,,,,,,,,,,,,,,
,,,ADRA1D,,,,,,,,,,,,,,,,,,,
,,,ZNF608,,,,,,,,,,,,,,,,,,,
,,,C7orf33,,,,,,,,,,,,,,,,,,,
,,,DNAJA3,,,,,,,,,,,,,,,,,,,
,,,IRS2,,,,,,,,,,,,,,,,,,,
,,,GARS1,,,,,,,,,,,,,,,,,,,
,,,NSMCE1-DT,,,,,,,,,,,,,,,,,,,
,,,DMRTA1,,,,,,,,,,,,,,,,,,,
,,,HSDL1,,,,,,,,,,,,,,,,,,,
,,,PPIA,,,,,,,,,,,,,,,,,,,
,,,KANK2,,,,,,,,,,,,,,,,,,,
,,,TRIM44,,,,,,,,,,,,,,,,,,,
,,,TECPR1,,,,,,,,,,,,,,,,,,,
,,,IRGQ,,,,,,,,,,,,,,,,,,,
,,,CLK3,,,,,,,,,,,,,,,,,,,
,,,LINC00658,,,,,,,,,,,,,,,,,,,
,,,RPL13AP20,,,,,,,,,,,,,,,,,,,
,,,TMSB10,,,,,,,,,,,,,,,,,,,
,,,MRM2,,,,,,,,,,,,,,,,,,,
,,,TRIM72,,,,,,,,,,,,,,,,,,,
,,,INO80C,,,,,,,,,,,,,,,,,,,
,,,TRMT1L,,,,,,,,,,,,,,,,,,,
,,,EHBP1L1,,,,,,,,,,,,,,,,,,,
,,,RAB3A,,,,,,,,,,,,,,,,,,,
,,,CABP4,,,,,,,,,,,,,,,,,,,
,,,SAC3D1,,,,,,,,,,,,,,,,,,,
,,,ZNF514,,,,,,,,,,,,,,,,,,,
,,,TUBE1,,,,,,,,,,,,,,,,,,,
,,,MRPS11,,,,,,,,,,,,,,,,,,,
,,,LRIT1,,,,,,,,,,,,,,,,,,,
,,,FIGLA,,,,,,,,,,,,,,,,,,,
,,,TPM4P2,,,,,,,,,,,,,,,,,,,
,,,SDC3,,,,,,,,,,,,,,,,,,,
,,,LY6S-AS1,,,,,,,,,,,,,,,,,,,
,,,NPM3,,,,,,,,,,,,,,,,,,,
,,,SRRT,,,,,,,,,,,,,,,,,,,
,,,WASHC2C,,,,,,,,,,,,,,,,,,,
,,,PSMC3,,,,,,,,,,,,,,,,,,,
,,,RPL23A,,,,,,,,,,,,,,,,,,,
,,,RPL23AP42,,,,,,,,,,,,,,,,,,,
,,,RPL23AP65,,,,,,,,,,,,,,,,,,,
,,,PI4K2B,,,,,,,,,,,,,,,,,,,
,,,TPBG,,,,,,,,,,,,,,,,,,,
,,,YWHAG,,,,,,,,,,,,,,,,,,,
,,,SNRNP200,,,,,,,,,,,,,,,,,,,
,,,LINC00690,,,,,,,,,,,,,,,,,,,
,,,RN7SKP187,,,,,,,,,,,,,,,,,,,
,,,ZFP91,,,,,,,,,,,,,,,,,,,
,,,SASS6,,,,,,,,,,,,,,,,,,,
,,,LARS1,,,,,,,,,,,,,,,,,,,
,,,SERPINA7,,,,,,,,,,,,,,,,,,,
,,,BPIFB2,,,,,,,,,,,,,,,,,,,
,,,NRAS,,,,,,,,,,,,,,,,,,,
,,,GUCD1,,,,,,,,,,,,,,,,,,,
,,,ARL8A,,,,,,,,,,,,,,,,,,,
,,,HLA-G,,,,,,,,,,,,,,,,,,,
,,,ALKBH3,,,,,,,,,,,,,,,,,,,
,,,CMC2,,,,,,,,,,,,,,,,,,,
,,,TAOK3,,,,,,,,,,,,,,,,,,,
,,,MTARC1,,,,,,,,,,,,,,,,,,,
,,,PTCD2,,,,,,,,,,,,,,,,,,,
,,,QTRT1,,,,,,,,,,,,,,,,,,,
,,,DRAP1,,,,,,,,,,,,,,,,,,,
,,,ZNF367,,,,,,,,,,,,,,,,,,,
,,,LINC02153,,,,,,,,,,,,,,,,,,,
,,,PTBP1,,,,,,,,,,,,,,,,,,,
,,,XIAP,,,,,,,,,,,,,,,,,,,
,,,SERGEF,,,,,,,,,,,,,,,,,,,
,,,WIZ,,,,,,,,,,,,,,,,,,,
,,,SNORD14D,,,,,,,,,,,,,,,,,,,
,,,MBTPS2,,,,,,,,,,,,,,,,,,,
,,,MTARC2,,,,,,,,,,,,,,,,,,,
,,,TANGO6,,,,,,,,,,,,,,,,,,,
,,,RPL23AP32,,,,,,,,,,,,,,,,,,,
,,,KCNK10,,,,,,,,,,,,,,,,,,,
,,,DNAH17,,,,,,,,,,,,,,,,,,,
,,,DPAGT1,,,,,,,,,,,,,,,,,,,
,,,CDK17,,,,,,,,,,,,,,,,,,,
,,,MCTS2,,,,,,,,,,,,,,,,,,,
,,,TADA2A,,,,,,,,,,,,,,,,,,,
,,,GNPTG,,,,,,,,,,,,,,,,,,,
,,,RAB11A,,,,,,,,,,,,,,,,,,,
,,,LDHB,,,,,,,,,,,,,,,,,,,
,,,ZSCAN2-AS1,,,,,,,,,,,,,,,,,,,
,,,ADAMTSL4-AS2,,,,,,,,,,,,,,,,,,,
,,,SDHAP3,,,,,,,,,,,,,,,,,,,
,,,C10orf55,,,,,,,,,,,,,,,,,,,
,,,RPP14,,,,,,,,,,,,,,,,,,,
,,,SPATA31H1,,,,,,,,,,,,,,,,,,,
,,,PPIAP22,,,,,,,,,,,,,,,,,,,
,,,PPIAP29,,,,,,,,,,,,,,,,,,,
,,,PPIAP31,,,,,,,,,,,,,,,,,,,
,,,CTSZ,,,,,,,,,,,,,,,,,,,
,,,SAE1,,,,,,,,,,,,,,,,,,,
,,,SLC7A7,,,,,,,,,,,,,,,,,,,
,,,ERBIN,,,,,,,,,,,,,,,,,,,
,,,DNASE1,,,,,,,,,,,,,,,,,,,
,,,GOSR2,,,,,,,,,,,,,,,,,,,
,,,NADK,,,,,,,,,,,,,,,,,,,
,,,RTRAF,,,,,,,,,,,,,,,,,,,
,,,UST,,,,,,,,,,,,,,,,,,,
,,,ZNF337,,,,,,,,,,,,,,,,,,,
,,,TRMT2A,,,,,,,,,,,,,,,,,,,
,,,LINC02436,,,,,,,,,,,,,,,,,,,
,,,SNORD14E,,,,,,,,,,,,,,,,,,,
,,,MOK,,,,,,,,,,,,,,,,,,,
,,,BMS1P17,,,,,,,,,,,,,,,,,,,
,,,BMS1P22,,,,,,,,,,,,,,,,,,,
,,,MAPK12,,,,,,,,,,,,,,,,,,,
,,,DLG4,,,,,,,,,,,,,,,,,,,
,,,CHTF8,,,,,,,,,,,,,,,,,,,
,,,DERPC,,,,,,,,,,,,,,,,,,,
,,,TPM4,,,,,,,,,,,,,,,,,,,
,,,PSMB10,,,,,,,,,,,,,,,,,,,
,,,PRCC,,,,,,,,,,,,,,,,,,,
,,,ACSBG2,,,,,,,,,,,,,,,,,,,
,,,LINC03020,,,,,,,,,,,,,,,,,,,
,,,MAN2B2,,,,,,,,,,,,,,,,,,,
,,,BSG,,,,,,,,,,,,,,,,,,,
,,,RABL3,,,,,,,,,,,,,,,,,,,
,,,MEOX1,,,,,,,,,,,,,,,,,,,
,,,MASTL,,,,,,,,,,,,,,,,,,,
,,,BORCS8,,,,,,,,,,,,,,,,,,,
,,,MYH3,,,,,,,,,,,,,,,,,,,
,,,LRIG3,,,,,,,,,,,,,,,,,,,
,,,LINC00839,,,,,,,,,,,,,,,,,,,
,,,DENND4B,,,,,,,,,,,,,,,,,,,
,,,RDM1,,,,,,,,,,,,,,,,,,,
,,,KCTD9,,,,,,,,,,,,,,,,,,,
,,,ZC3HAV1,,,,,,,,,,,,,,,,,,,
,,,FAM216A,,,,,,,,,,,,,,,,,,,
,,,FZD6,,,,,,,,,,,,,,,,,,,
,,,SETD1A,,,,,,,,,,,,,,,,,,,
,,,ETV1,,,,,,,,,,,,,,,,,,,
,,,VPS11,,,,,,,,,,,,,,,,,,,
,,,CARMIL1,,,,,,,,,,,,,,,,,,,
,,,VOPP1,,,,,,,,,,,,,,,,,,,
,,,FAT3,,,,,,,,,,,,,,,,,,,
,,,RFTN1,,,,,,,,,,,,,,,,,,,
,,,RTN4RL1,,,,,,,,,,,,,,,,,,,
,,,SNORD34,,,,,,,,,,,,,,,,,,,
,,,RNF126P1,,,,,,,,,,,,,,,,,,,
,,,RCC1L,,,,,,,,,,,,,,,,,,,
,,,SLC34A1,,,,,,,,,,,,,,,,,,,
,,,RNF166,,,,,,,,,,,,,,,,,,,
,,,TMEM250,,,,,,,,,,,,,,,,,,,
,,,PLA2G2E,,,,,,,,,,,,,,,,,,,
,,,RAB33B-AS1,,,,,,,,,,,,,,,,,,,
,,,RPS6KA4,,,,,,,,,,,,,,,,,,,
,,,MRPL24,,,,,,,,,,,,,,,,,,,
,,,HCLS1,,,,,,,,,,,,,,,,,,,
,,,EIF5,,,,,,,,,,,,,,,,,,,
,,,PIGCP1,,,,,,,,,,,,,,,,,,,
,,,GEMIN8,,,,,,,,,,,,,,,,,,,
,,,CPSF3,,,,,,,,,,,,,,,,,,,
,,,SNORA75,,,,,,,,,,,,,,,,,,,
,,,NOS1,,,,,,,,,,,,,,,,,,,
,,,ZNF74,,,,,,,,,,,,,,,,,,,
,,,CHMP7,,,,,,,,,,,,,,,,,,,
,,,MRPL40,,,,,,,,,,,,,,,,,,,
,,,CHD8,,,,,,,,,,,,,,,,,,,
,,,LINC00624,,,,,,,,,,,,,,,,,,,
,,,ATP1A3,,,,,,,,,,,,,,,,,,,
,,,ST8SIA1,,,,,,,,,,,,,,,,,,,
,,,HEATR1,,,,,,,,,,,,,,,,,,,
,,,SEC11A,,,,,,,,,,,,,,,,,,,
,,,FAM20B,,,,,,,,,,,,,,,,,,,
,,,AKAP6,,,,,,,,,,,,,,,,,,,
,,,MCM3AP-AS1,,,,,,,,,,,,,,,,,,,
,,,DOCK11,,,,,,,,,,,,,,,,,,,
,,,MAP7D1,,,,,,,,,,,,,,,,,,,
,,,FSD1,,,,,,,,,,,,,,,,,,,
,,,SETD9,,,,,,,,,,,,,,,,,,,
,,,ZNF672,,,,,,,,,,,,,,,,,,,
,,,CMTR1,,,,,,,,,,,,,,,,,,,
,,,PLEKHA2,,,,,,,,,,,,,,,,,,,
,,,GOT2,,,,,,,,,,,,,,,,,,,
,,,TXNDC15,,,,,,,,,,,,,,,,,,,
,,,C7orf25,,,,,,,,,,,,,,,,,,,
,,,TERF2IP,,,,,,,,,,,,,,,,,,,
,,,FTH1P5,,,,,,,,,,,,,,,,,,,
,,,GET1,,,,,,,,,,,,,,,,,,,
,,,TMEM132D-AS1,,,,,,,,,,,,,,,,,,,
,,,SPON1,,,,,,,,,,,,,,,,,,,
,,,MEGF10,,,,,,,,,,,,,,,,,,,
,,,SHISA4,,,,,,,,,,,,,,,,,,,
,,,SNORA17A,,,,,,,,,,,,,,,,,,,
,,,SNORA17B,,,,,,,,,,,,,,,,,,,
,,,ACP6,,,,,,,,,,,,,,,,,,,
,,,GNA11,,,,,,,,,,,,,,,,,,,
,,,PMS2P3,,,,,,,,,,,,,,,,,,,
,,,PDS5B,,,,,,,,,,,,,,,,,,,
,,,AHCTF1P1,,,,,,,,,,,,,,,,,,,
,,,HAUS4,,,,,,,,,,,,,,,,,,,
,,,PHETA2,,,,,,,,,,,,,,,,,,,
,,,CKAP2-DT,,,,,,,,,,,,,,,,,,,
,,,WASF4P,,,,,,,,,,,,,,,,,,,
,,,PDAP1,,,,,,,,,,,,,,,,,,,
,,,ACBD4,,,,,,,,,,,,,,,,,,,
,,,LAS1L,,,,,,,,,,,,,,,,,,,
,,,LINC00957,,,,,,,,,,,,,,,,,,,
,,,HADHB,,,,,,,,,,,,,,,,,,,
,,,ARHGAP26-AS1,,,,,,,,,,,,,,,,,,,
,,,MAP3K1,,,,,,,,,,,,,,,,,,,
,,,ZBTB6,,,,,,,,,,,,,,,,,,,
,,,SND1,,,,,,,,,,,,,,,,,,,
,,,GANAB,,,,,,,,,,,,,,,,,,,
,,,SUPT4H1,,,,,,,,,,,,,,,,,,,
,,,RNASEL,,,,,,,,,,,,,,,,,,,
,,,MYH10,,,,,,,,,,,,,,,,,,,
,,,C2orf73,,,,,,,,,,,,,,,,,,,
,,,TMEM64,,,,,,,,,,,,,,,,,,,
,,,TOMM70,,,,,,,,,,,,,,,,,,,
,,,RPL3P4,,,,,,,,,,,,,,,,,,,
,,,CORO2B,,,,,,,,,,,,,,,,,,,
,,,UFD1,,,,,,,,,,,,,,,,,,,
,,,ZNF398,,,,,,,,,,,,,,,,,,,
,,,PTPN23,,,,,,,,,,,,,,,,,,,
,,,TFIP11,,,,,,,,,,,,,,,,,,,
,,,PROX1-AS1,,,,,,,,,,,,,,,,,,,
,,,HADH,,,,,,,,,,,,,,,,,,,
,,,CTDSPL2,,,,,,,,,,,,,,,,,,,
,,,PPIL1,,,,,,,,,,,,,,,,,,,
,,,RPLP0P9,,,,,,,,,,,,,,,,,,,
,,,LASP1,,,,,,,,,,,,,,,,,,,
,,,UBN1,,,,,,,,,,,,,,,,,,,
,,,CDK3,,,,,,,,,,,,,,,,,,,
,,,WDR41,,,,,,,,,,,,,,,,,,,
,,,ZRSR2P1,,,,,,,,,,,,,,,,,,,
,,,BTG3,,,,,,,,,,,,,,,,,,,
,,,PICALM,,,,,,,,,,,,,,,,,,,
,,,ADRA1A,,,,,,,,,,,,,,,,,,,
,,,MIR6795,,,,,,,,,,,,,,,,,,,
,,,PLPP2,,,,,,,,,,,,,,,,,,,
,,,PRSS1,,,,,,,,,,,,,,,,,,,
,,,SPCS2P4,,,,,,,,,,,,,,,,,,,
,,,COLQ,,,,,,,,,,,,,,,,,,,
,,,SNW1,,,,,,,,,,,,,,,,,,,
,,,C15orf62,,,,,,,,,,,,,,,,,,,
,,,UCP3,,,,,,,,,,,,,,,,,,,
,,,TBX5-AS1,,,,,,,,,,,,,,,,,,,
,,,FAM246A,,,,,,,,,,,,,,,,,,,
,,,FAM246B,,,,,,,,,,,,,,,,,,,
,,,FAM246C,,,,,,,,,,,,,,,,,,,
,,,RRM2B,,,,,,,,,,,,,,,,,,,
,,,DDX23,,,,,,,,,,,,,,,,,,,
,,,PSMB6,,,,,,,,,,,,,,,,,,,
,,,RPL3P7,,,,,,,,,,,,,,,,,,,
,,,RB1,,,,,,,,,,,,,,,,,,,
,,,ERGIC1,,,,,,,,,,,,,,,,,,,
,,,ATG4D,,,,,,,,,,,,,,,,,,,
,,,MIR1238,,,,,,,,,,,,,,,,,,,
,,,NR1H3,,,,,,,,,,,,,,,,,,,
,,,MGAT1,,,,,,,,,,,,,,,,,,,
,,,SLC25A24,,,,,,,,,,,,,,,,,,,
,,,MOCS3,,,,,,,,,,,,,,,,,,,
,,,MMACHC,,,,,,,,,,,,,,,,,,,
,,,HSF2,,,,,,,,,,,,,,,,,,,
,,,CLDN2,,,,,,,,,,,,,,,,,,,
,,,FLYWCH2,,,,,,,,,,,,,,,,,,,
,,,PGAM5,,,,,,,,,,,,,,,,,,,
,,,PIF1,,,,,,,,,,,,,,,,,,,
,,,TMEM170B,,,,,,,,,,,,,,,,,,,
,,,PIRT,,,,,,,,,,,,,,,,,,,
,,,PAFAH1B2,,,,,,,,,,,,,,,,,,,
,,,LINC03072,,,,,,,,,,,,,,,,,,,
,,,GCAWKR,,,,,,,,,,,,,,,,,,,
,,,CCNI,,,,,,,,,,,,,,,,,,,
,,,SH3BP5L,,,,,,,,,,,,,,,,,,,
,,,ZNF496,,,,,,,,,,,,,,,,,,,
,,,RABEP1,,,,,,,,,,,,,,,,,,,
,,,PLPPR5,,,,,,,,,,,,,,,,,,,
,,,PPIAP11,,,,,,,,,,,,,,,,,,,
,,,AKAP8L,,,,,,,,,,,,,,,,,,,
,,,TAS2R4,,,,,,,,,,,,,,,,,,,
,,,FABP6,,,,,,,,,,,,,,,,,,,
,,,TRIML2,,,,,,,,,,,,,,,,,,,
,,,AAK1,,,,,,,,,,,,,,,,,,,
,,,KLHL10,,,,,,,,,,,,,,,,,,,
,,,KLHL12P1,,,,,,,,,,,,,,,,,,,
,,,ZNF875,,,,,,,,,,,,,,,,,,,
,,,SLC2A1-DT,,,,,,,,,,,,,,,,,,,
,,,MRPL34,,,,,,,,,,,,,,,,,,,
,,,TRIM8,,,,,,,,,,,,,,,,,,,
,,,KLF16,,,,,,,,,,,,,,,,,,,
,,,ZNF397,,,,,,,,,,,,,,,,,,,
,,,PDZD4,,,,,,,,,,,,,,,,,,,
,,,ZNF687,,,,,,,,,,,,,,,,,,,
,,,ARID4B,,,,,,,,,,,,,,,,,,,
,,,PSMD3,,,,,,,,,,,,,,,,,,,
,,,SPTB,,,,,,,,,,,,,,,,,,,
,,,SLC25A6,,,,,,,,,,,,,,,,,,,
,,,LIN7B,,,,,,,,,,,,,,,,,,,
,,,NDST1,,,,,,,,,,,,,,,,,,,
,,,B4GAT1,,,,,,,,,,,,,,,,,,,
,,,RBMXP2,,,,,,,,,,,,,,,,,,,
,,,RBMXP5,,,,,,,,,,,,,,,,,,,
,,,ROGDI,,,,,,,,,,,,,,,,,,,
,,,RRN3,,,,,,,,,,,,,,,,,,,
,,,LINC02934,,,,,,,,,,,,,,,,,,,
,,,AAMP,,,,,,,,,,,,,,,,,,,
,,,FXYD7,,,,,,,,,,,,,,,,,,,
,,,HDGFL2,,,,,,,,,,,,,,,,,,,
,,,TAPBP,,,,,,,,,,,,,,,,,,,
,,,TBL1Y,,,,,,,,,,,,,,,,,,,
,,,USP22,,,,,,,,,,,,,,,,,,,
,,,IDI2-AS1,,,,,,,,,,,,,,,,,,,
,,,CHD3,,,,,,,,,,,,,,,,,,,
,,,GSTCD,,,,,,,,,,,,,,,,,,,
,,,MMP19,,,,,,,,,,,,,,,,,,,
,,,RNF114,,,,,,,,,,,,,,,,,,,
,,,SYNPO,,,,,,,,,,,,,,,,,,,
,,,PPP1R9B,,,,,,,,,,,,,,,,,,,
,,,MIR4800,,,,,,,,,,,,,,,,,,,
,,,SCAI,,,,,,,,,,,,,,,,,,,
,,,SIRT6,,,,,,,,,,,,,,,,,,,
,,,MNT,,,,,,,,,,,,,,,,,,,
,,,LAMTOR5,,,,,,,,,,,,,,,,,,,
,,,HNF4A,,,,,,,,,,,,,,,,,,,
,,,MIR1306,,,,,,,,,,,,,,,,,,,
,,,MIR3618,,,,,,,,,,,,,,,,,,,
,,,EIF4H,,,,,,,,,,,,,,,,,,,
,,,ZNF747,,,,,,,,,,,,,,,,,,,
,,,REEP3,,,,,,,,,,,,,,,,,,,
,,,LINC02757,,,,,,,,,,,,,,,,,,,
,,,SNRNP27,,,,,,,,,,,,,,,,,,,
,,,HIVEP1,,,,,,,,,,,,,,,,,,,
,,,EIF3D,,,,,,,,,,,,,,,,,,,
,,,ANKMY1,,,,,,,,,,,,,,,,,,,
,,,FKBP2,,,,,,,,,,,,,,,,,,,
,,,ATP1B4,,,,,,,,,,,,,,,,,,,
,,,TESK1,,,,,,,,,,,,,,,,,,,
,,,GALNT11,,,,,,,,,,,,,,,,,,,
,,,BANF1,,,,,,,,,,,,,,,,,,,
,,,SPMIP5,,,,,,,,,,,,,,,,,,,
,,,LEMD3,,,,,,,,,,,,,,,,,,,
,,,AKNA,,,,,,,,,,,,,,,,,,,
,,,TMEM229B,,,,,,,,,,,,,,,,,,,
,,,EFCAB2,,,,,,,,,,,,,,,,,,,
,,,UBE2B,,,,,,,,,,,,,,,,,,,
,,,DUBR,,,,,,,,,,,,,,,,,,,
,,,ZNF830,,,,,,,,,,,,,,,,,,,
,,,RPL13A,,,,,,,,,,,,,,,,,,,
,,,LRRC57,,,,,,,,,,,,,,,,,,,
,,,MTM1,,,,,,,,,,,,,,,,,,,
,,,COPS3,,,,,,,,,,,,,,,,,,,
,,,ARRDC3-AS1,,,,,,,,,,,,,,,,,,,
,,,GRAMD4,,,,,,,,,,,,,,,,,,,
,,,LINC03095,,,,,,,,,,,,,,,,,,,
,,,REXO1,,,,,,,,,,,,,,,,,,,
,,,SPATA33,,,,,,,,,,,,,,,,,,,
,,,PIWIL2,,,,,,,,,,,,,,,,,,,
,,,POU5F1P4,,,,,,,,,,,,,,,,,,,
,,,ASB9,,,,,,,,,,,,,,,,,,,
,,,NDUFS5,,,,,,,,,,,,,,,,,,,
,,,LINC02210-CRHR1,,,,,,,,,,,,,,,,,,,
,,,TOPORS,,,,,,,,,,,,,,,,,,,
,,,CD99L2,,,,,,,,,,,,,,,,,,,
,,,ZNF765,,,,,,,,,,,,,,,,,,,
,,,DYNLL2,,,,,,,,,,,,,,,,,,,
,,,MCAM,,,,,,,,,,,,,,,,,,,
,,,PDE4DIPP2,,,,,,,,,,,,,,,,,,,
,,,GAPDH,,,,,,,,,,,,,,,,,,,
,,,HSPA8,,,,,,,,,,,,,,,,,,,
,,,TMEM178B,,,,,,,,,,,,,,,,,,,
,,,SMC1A,,,,,,,,,,,,,,,,,,,
,,,GTF2IRD2P1,,,,,,,,,,,,,,,,,,,
,,,ENDOD1,,,,,,,,,,,,,,,,,,,
,,,UBE2W,,,,,,,,,,,,,,,,,,,
,,,SRRM3,,,,,,,,,,,,,,,,,,,
,,,KPTN,,,,,,,,,,,,,,,,,,,
,,,AP1G2,,,,,,,,,,,,,,,,,,,
,,,C11orf96,,,,,,,,,,,,,,,,,,,
,,,PRPF3,,,,,,,,,,,,,,,,,,,
,,,HOXB4,,,,,,,,,,,,,,,,,,,
,,,NDUFS3,,,,,,,,,,,,,,,,,,,
,,,SKAP1,,,,,,,,,,,,,,,,,,,
,,,GOLPH3,,,,,,,,,,,,,,,,,,,
,,,MIR4713HG,,,,,,,,,,,,,,,,,,,
,,,SMC1B,,,,,,,,,,,,,,,,,,,
,,,RBM7,,,,,,,,,,,,,,,,,,,
,,,RRN3P1,,,,,,,,,,,,,,,,,,,
,,,PRICKLE2,,,,,,,,,,,,,,,,,,,
,,,PFKM,,,,,,,,,,,,,,,,,,,
,,,CDKL2,,,,,,,,,,,,,,,,,,,
,,,LINC00606,,,,,,,,,,,,,,,,,,,
,,,ELP3,,,,,,,,,,,,,,,,,,,
,,,TRIM31,,,,,,,,,,,,,,,,,,,
,,,FLII,,,,,,,,,,,,,,,,,,,
,,,SLC43A3,,,,,,,,,,,,,,,,,,,
,,,LFNG,,,,,,,,,,,,,,,,,,,
,,,TSPYL5,,,,,,,,,,,,,,,,,,,
,,,OR8D2,,,,,,,,,,,,,,,,,,,
,,,SON,,,,,,,,,,,,,,,,,,,
,,,MED1,,,,,,,,,,,,,,,,,,,
,,,NR1H4,,,,,,,,,,,,,,,,,,,
,,,IDH1,,,,,,,,,,,,,,,,,,,
,,,PIGG,,,,,,,,,,,,,,,,,,,
,,,PPP2R2D,,,,,,,,,,,,,,,,,,,
,,,ABCG1,,,,,,,,,,,,,,,,,,,
,,,SFXN2,,,,,,,,,,,,,,,,,,,
,,,DHX9,,,,,,,,,,,,,,,,,,,
,,,SRFBP1,,,,,,,,,,,,,,,,,,,
,,,HMGN2P3,,,,,,,,,,,,,,,,,,,
,,,DHRS7C,,,,,,,,,,,,,,,,,,,
,,,STPG2,,,,,,,,,,,,,,,,,,,
,,,PTMAP1,,,,,,,,,,,,,,,,,,,
,,,THUMPD3-AS1,,,,,,,,,,,,,,,,,,,
,,,PFN1,,,,,,,,,,,,,,,,,,,
,,,KIAA0408,,,,,,,,,,,,,,,,,,,
,,,LRRN1,,,,,,,,,,,,,,,,,,,
,,,PI4K2A,,,,,,,,,,,,,,,,,,,
,,,USP40,,,,,,,,,,,,,,,,,,,
,,,MIR1825,,,,,,,,,,,,,,,,,,,
,,,MOGS,,,,,,,,,,,,,,,,,,,
,,,MMS19,,,,,,,,,,,,,,,,,,,
,,,LEMD1-AS1,,,,,,,,,,,,,,,,,,,
,,,SEC13,,,,,,,,,,,,,,,,,,,
,,,AURKB,,,,,,,,,,,,,,,,,,,
,,,LINC02022,,,,,,,,,,,,,,,,,,,
,,,MRPL16,,,,,,,,,,,,,,,,,,,
,,,UTP14A,,,,,,,,,,,,,,,,,,,
,,,TEX22,,,,,,,,,,,,,,,,,,,
,,,SNORA51,,,,,,,,,,,,,,,,,,,
,,,PDIA6,,,,,,,,,,,,,,,,,,,
,,,DNAJB11,,,,,,,,,,,,,,,,,,,
,,,TSR2,,,,,,,,,,,,,,,,,,,
,,,ZNF165,,,,,,,,,,,,,,,,,,,
,,,ANKHD1-EIF4EBP3,,,,,,,,,,,,,,,,,,,
,,,RNF38,,,,,,,,,,,,,,,,,,,
,,,SELENON,,,,,,,,,,,,,,,,,,,
,,,UCN3,,,,,,,,,,,,,,,,,,,
,,,HPCA,,,,,,,,,,,,,,,,,,,
,,,CALML6,,,,,,,,,,,,,,,,,,,
,,,MIR103A2,,,,,,,,,,,,,,,,,,,
,,,NDRG2,,,,,,,,,,,,,,,,,,,
,,,ATXN1,,,,,,,,,,,,,,,,,,,
,,,NDUFS2,,,,,,,,,,,,,,,,,,,
,,,KIAA1328,,,,,,,,,,,,,,,,,,,
,,,ARL13B,,,,,,,,,,,,,,,,,,,
,,,GYPB,,,,,,,,,,,,,,,,,,,
,,,SCARA3,,,,,,,,,,,,,,,,,,,
,,,PCGF3-AS1,,,,,,,,,,,,,,,,,,,
,,,KLHDC3,,,,,,,,,,,,,,,,,,,
,,,CIMAP1D,,,,,,,,,,,,,,,,,,,
,,,MEGF11,,,,,,,,,,,,,,,,,,,
,,,USP4,,,,,,,,,,,,,,,,,,,
,,,ILF3,,,,,,,,,,,,,,,,,,,
,,,ATF4,,,,,,,,,,,,,,,,,,,
,,,ATF4P3,,,,,,,,,,,,,,,,,,,
,,,WDR55,,,,,,,,,,,,,,,,,,,
,,,TMEM80,,,,,,,,,,,,,,,,,,,
,,,ARFGAP1,,,,,,,,,,,,,,,,,,,
,,,SLC25A5,,,,,,,,,,,,,,,,,,,
,,,PPIC,,,,,,,,,,,,,,,,,,,
,,,PTPRK,,,,,,,,,,,,,,,,,,,
,,,LINC01106,,,,,,,,,,,,,,,,,,,
,,,LINC01123,,,,,,,,,,,,,,,,,,,
,,,ATF2,,,,,,,,,,,,,,,,,,,
,,,GAS1,,,,,,,,,,,,,,,,,,,
,,,ACER3,,,,,,,,,,,,,,,,,,,
,,,SLC44A2,,,,,,,,,,,,,,,,,,,
,,,LINC01532,,,,,,,,,,,,,,,,,,,
,,,RPS15A,,,,,,,,,,,,,,,,,,,
,,,RGP1,,,,,,,,,,,,,,,,,,,
,,,PPP1R8,,,,,,,,,,,,,,,,,,,
,,,PINK1-AS,,,,,,,,,,,,,,,,,,,
,,,ZNF449,,,,,,,,,,,,,,,,,,,
,,,MRPS18B,,,,,,,,,,,,,,,,,,,
,,,FAM131C,,,,,,,,,,,,,,,,,,,
,,,FAM131C2P,,,,,,,,,,,,,,,,,,,
,,,SUGP2,,,,,,,,,,,,,,,,,,,
,,,ATP6AP1,,,,,,,,,,,,,,,,,,,
,,,TNIP1,,,,,,,,,,,,,,,,,,,
,,,SHANK2-AS3,,,,,,,,,,,,,,,,,,,
,,,MYO19,,,,,,,,,,,,,,,,,,,
,,,ZBTB21,,,,,,,,,,,,,,,,,,,
,,,FAM177B,,,,,,,,,,,,,,,,,,,
,,,NECAP2,,,,,,,,,,,,,,,,,,,
,,,CCDC65,,,,,,,,,,,,,,,,,,,
,,,BMF,,,,,,,,,,,,,,,,,,,
,,,LINC01448,,,,,,,,,,,,,,,,,,,
,,,WBP1L,,,,,,,,,,,,,,,,,,,
,,,TBC1D24,,,,,,,,,,,,,,,,,,,
,,,FUT6,,,,,,,,,,,,,,,,,,,
,,,SH3PXD2B,,,,,,,,,,,,,,,,,,,
,,,TGIF2,,,,,,,,,,,,,,,,,,,
,,,EEF2,,,,,,,,,,,,,,,,,,,
,,,RUFY1,,,,,,,,,,,,,,,,,,,
,,,KANSL1,,,,,,,,,,,,,,,,,,,
,,,CKAP5,,,,,,,,,,,,,,,,,,,
,,,SYCP2,,,,,,,,,,,,,,,,,,,
,,,GPR89A,,,,,,,,,,,,,,,,,,,
,,,GPR89B,,,,,,,,,,,,,,,,,,,
,,,FAF2,,,,,,,,,,,,,,,,,,,
,,,MAP3K2,,,,,,,,,,,,,,,,,,,
,,,EPOP,,,,,,,,,,,,,,,,,,,
,,,PGLYRP2,,,,,,,,,,,,,,,,,,,
,,,VAPB,,,,,,,,,,,,,,,,,,,
,,,LDB3,,,,,,,,,,,,,,,,,,,
,,,PTCD3,,,,,,,,,,,,,,,,,,,
,,,EVC,,,,,,,,,,,,,,,,,,,
,,,INTS9,,,,,,,,,,,,,,,,,,,
,,,COA4,,,,,,,,,,,,,,,,,,,
,,,FNBP1,,,,,,,,,,,,,,,,,,,
,,,SNHG27,,,,,,,,,,,,,,,,,,,
,,,MSN,,,,,,,,,,,,,,,,,,,
,,,FAM114A1,,,,,,,,,,,,,,,,,,,
,,,IK,,,,,,,,,,,,,,,,,,,
,,,H2AC5P,,,,,,,,,,,,,,,,,,,
,,,AHDC1,,,,,,,,,,,,,,,,,,,
,,,TTC29,,,,,,,,,,,,,,,,,,,
,,,GFRA4,,,,,,,,,,,,,,,,,,,
,,,KDM2A,,,,,,,,,,,,,,,,,,,
,,,ZKSCAN8,,,,,,,,,,,,,,,,,,,
,,,RUNDC3B,,,,,,,,,,,,,,,,,,,
,,,ARGLU1,,,,,,,,,,,,,,,,,,,
,,,SAT2,,,,,,,,,,,,,,,,,,,
,,,PRPSAP1,,,,,,,,,,,,,,,,,,,
,,,IL5,,,,,,,,,,,,,,,,,,,
,,,FTH1,,,,,,,,,,,,,,,,,,,
,,,LINC03050,,,,,,,,,,,,,,,,,,,
,,,HYCC2,,,,,,,,,,,,,,,,,,,
,,,ARID5A,,,,,,,,,,,,,,,,,,,
,,,DDX53,,,,,,,,,,,,,,,,,,,
,,,USP47,,,,,,,,,,,,,,,,,,,
,,,TRIM39,,,,,,,,,,,,,,,,,,,
,,,DIS3L,,,,,,,,,,,,,,,,,,,
,,,KLHL1,,,,,,,,,,,,,,,,,,,
,,,ARIH2OS,,,,,,,,,,,,,,,,,,,
,,,LRRC37A,,,,,,,,,,,,,,,,,,,
,,,LRRC37A17P,,,,,,,,,,,,,,,,,,,
,,,MYOM3,,,,,,,,,,,,,,,,,,,
,,,DCAF7,,,,,,,,,,,,,,,,,,,
,,,CRH,,,,,,,,,,,,,,,,,,,
,,,EDEM2,,,,,,,,,,,,,,,,,,,
,,,CCS,,,,,,,,,,,,,,,,,,,
,,,RNF151,,,,,,,,,,,,,,,,,,,
,,,DDX24,,,,,,,,,,,,,,,,,,,
,,,DNA2,,,,,,,,,,,,,,,,,,,
,,,ZNF624,,,,,,,,,,,,,,,,,,,
,,,PELP1,,,,,,,,,,,,,,,,,,,
,,,ZNF25,,,,,,,,,,,,,,,,,,,
,,,DKK3,,,,,,,,,,,,,,,,,,,
,,,DYRK1A,,,,,,,,,,,,,,,,,,,
,,,DNAJB1,,,,,,,,,,,,,,,,,,,
,,,CNPY4,,,,,,,,,,,,,,,,,,,
,,,CYB5R1,,,,,,,,,,,,,,,,,,,
,,,KHSRP,,,,,,,,,,,,,,,,,,,
,,,LINC02580,,,,,,,,,,,,,,,,,,,
,,,MIR6821,,,,,,,,,,,,,,,,,,,
,,,EPS15L1,,,,,,,,,,,,,,,,,,,
,,,SRPRA,,,,,,,,,,,,,,,,,,,
,,,FTL,,,,,,,,,,,,,,,,,,,
,,,DDX19A-DT,,,,,,,,,,,,,,,,,,,
,,,TCF12-DT,,,,,,,,,,,,,,,,,,,
,,,MICAL3,,,,,,,,,,,,,,,,,,,
,,,LRRFIP1,,,,,,,,,,,,,,,,,,,
,,,DR1,,,,,,,,,,,,,,,,,,,
,,,CDK5R1,,,,,,,,,,,,,,,,,,,
,,,PBDC1,,,,,,,,,,,,,,,,,,,
,,,TRAK2,,,,,,,,,,,,,,,,,,,
,,,SLC25A28-DT,,,,,,,,,,,,,,,,,,,
,,,DEPTOR,,,,,,,,,,,,,,,,,,,
,,,SPTBN5,,,,,,,,,,,,,,,,,,,
,,,BFAR,,,,,,,,,,,,,,,,,,,
,,,ENG,,,,,,,,,,,,,,,,,,,
,,,SLC25A13,,,,,,,,,,,,,,,,,,,
,,,CEP164,,,,,,,,,,,,,,,,,,,
,,,HDAC5,,,,,,,,,,,,,,,,,,,
,,,GALNT4,,,,,,,,,,,,,,,,,,,
,,,POC1B-GALNT4,,,,,,,,,,,,,,,,,,,
,,,TMEFF2,,,,,,,,,,,,,,,,,,,
,,,CELA2B,,,,,,,,,,,,,,,,,,,
,,,RCBTB2,,,,,,,,,,,,,,,,,,,
,,,PGPEP1,,,,,,,,,,,,,,,,,,,
,,,DUSP11,,,,,,,,,,,,,,,,,,,
,,,LMNA,,,,,,,,,,,,,,,,,,,
,,,SDCCAG8,,,,,,,,,,,,,,,,,,,
,,,CCDC125,,,,,,,,,,,,,,,,,,,
,,,TBC1D1,,,,,,,,,,,,,,,,,,,
,,,P2RY11,,,,,,,,,,,,,,,,,,,
,,,PPAN-P2RY11,,,,,,,,,,,,,,,,,,,
,,,COQ9,,,,,,,,,,,,,,,,,,,
,,,DNAAF5,,,,,,,,,,,,,,,,,,,
,,,ZNF354A,,,,,,,,,,,,,,,,,,,
,,,TOX4P1,,,,,,,,,,,,,,,,,,,
,,,POLR2E,,,,,,,,,,,,,,,,,,,
,,,MAPK10,,,,,,,,,,,,,,,,,,,
,,,PRKCZ-AS1,,,,,,,,,,,,,,,,,,,
,,,L2HGDH,,,,,,,,,,,,,,,,,,,
,,,ERF,,,,,,,,,,,,,,,,,,,
,,,NSUN6,,,,,,,,,,,,,,,,,,,
,,,ZPR1,,,,,,,,,,,,,,,,,,,
,,,SERINC3,,,,,,,,,,,,,,,,,,,
,,,CASR,,,,,,,,,,,,,,,,,,,
,,,HSPA4,,,,,,,,,,,,,,,,,,,
,,,ARL6IP6,,,,,,,,,,,,,,,,,,,
,,,HACE1,,,,,,,,,,,,,,,,,,,
,,,KLF3,,,,,,,,,,,,,,,,,,,
,,,CAND2,,,,,,,,,,,,,,,,,,,
,,,OSGEP,,,,,,,,,,,,,,,,,,,
,,,MIR4648,,,,,,,,,,,,,,,,,,,
,,,TRIM34,,,,,,,,,,,,,,,,,,,
,,,TRIM6-TRIM34,,,,,,,,,,,,,,,,,,,
,,,ELOA,,,,,,,,,,,,,,,,,,,
,,,RNF207,,,,,,,,,,,,,,,,,,,
,,,NUP205,,,,,,,,,,,,,,,,,,,
,,,CASS4,,,,,,,,,,,,,,,,,,,
,,,VPS39,,,,,,,,,,,,,,,,,,,
,,,UFSP2,,,,,,,,,,,,,,,,,,,
,,,KRBOX5,,,,,,,,,,,,,,,,,,,
,,,CD59,,,,,,,,,,,,,,,,,,,
,,,C2orf68,,,,,,,,,,,,,,,,,,,
,,,GNAI2,,,,,,,,,,,,,,,,,,,
,,,WASF3,,,,,,,,,,,,,,,,,,,
,,,MBD1,,,,,,,,,,,,,,,,,,,
,,,ATP10A,,,,,,,,,,,,,,,,,,,
,,,ADCY3,,,,,,,,,,,,,,,,,,,
,,,STAMBP,,,,,,,,,,,,,,,,,,,
,,,WFS1,,,,,,,,,,,,,,,,,,,
,,,DROSHA,,,,,,,,,,,,,,,,,,,
,,,TNR,,,,,,,,,,,,,,,,,,,
,,,RPS3AP47,,,,,,,,,,,,,,,,,,,
,,,ZNF687-AS1,,,,,,,,,,,,,,,,,,,
,,,GATA2-AS1,,,,,,,,,,,,,,,,,,,
,,,RPL13AP5,,,,,,,,,,,,,,,,,,,
,,,LIMK1,,,,,,,,,,,,,,,,,,,
,,,TTTY1,,,,,,,,,,,,,,,,,,,
,,,TTTY1B,,,,,,,,,,,,,,,,,,,
,,,DUSP3,,,,,,,,,,,,,,,,,,,
,,,CBX3P2,,,,,,,,,,,,,,,,,,,
,,,CLEC4A,,,,,,,,,,,,,,,,,,,
,,,GTPBP4,,,,,,,,,,,,,,,,,,,
,,,KRTAP13-1,,,,,,,,,,,,,,,,,,,
,,,RPS12,,,,,,,,,,,,,,,,,,,
,,,BCL10,,,,,,,,,,,,,,,,,,,
,,,UPF1,,,,,,,,,,,,,,,,,,,
,,,ENTREP2,,,,,,,,,,,,,,,,,,,
,,,KIAA1614,,,,,,,,,,,,,,,,,,,
,,,GPN1,,,,,,,,,,,,,,,,,,,
,,,SFSWAP,,,,,,,,,,,,,,,,,,,
,,,ANKHD1,,,,,,,,,,,,,,,,,,,
,,,SNORD73B,,,,,,,,,,,,,,,,,,,
,,,DNAJC3,,,,,,,,,,,,,,,,,,,
,,,SPOP,,,,,,,,,,,,,,,,,,,
,,,SGMS1,,,,,,,,,,,,,,,,,,,
,,,RPUSD4,,,,,,,,,,,,,,,,,,,
,,,TACR2,,,,,,,,,,,,,,,,,,,
,,,MIER1,,,,,,,,,,,,,,,,,,,
,,,PDXP-DT,,,,,,,,,,,,,,,,,,,
,,,KATNBL1,,,,,,,,,,,,,,,,,,,
,,,ZDHHC18,,,,,,,,,,,,,,,,,,,
,,,SASH1,,,,,,,,,,,,,,,,,,,
,,,PCDH7,,,,,,,,,,,,,,,,,,,
,,,RPP21,,,,,,,,,,,,,,,,,,,
,,,TRIM39-RPP21,,,,,,,,,,,,,,,,,,,
,,,NSF,,,,,,,,,,,,,,,,,,,
,,,C3orf18,,,,,,,,,,,,,,,,,,,
,,,DNAJC2P1,,,,,,,,,,,,,,,,,,,
,,,RUNDC1,,,,,,,,,,,,,,,,,,,
,,,OAZ3,,,,,,,,,,,,,,,,,,,
,,,SERPINE2,,,,,,,,,,,,,,,,,,,
,,,CCN1,,,,,,,,,,,,,,,,,,,
,,,IQCE,,,,,,,,,,,,,,,,,,,
,,,MORC3,,,,,,,,,,,,,,,,,,,
,,,DCTN1-AS1,,,,,,,,,,,,,,,,,,,
,,,STH,,,,,,,,,,,,,,,,,,,
,,,EDC3,,,,,,,,,,,,,,,,,,,
,,,FAM76A,,,,,,,,,,,,,,,,,,,
,,,EBLN3P,,,,,,,,,,,,,,,,,,,
,,,ADGRE2,,,,,,,,,,,,,,,,,,,
,,,ZNF302,,,,,,,,,,,,,,,,,,,
,,,MIXL1,,,,,,,,,,,,,,,,,,,
,,,JUNB,,,,,,,,,,,,,,,,,,,
,,,STARD7,,,,,,,,,,,,,,,,,,,
,,,LINC02770,,,,,,,,,,,,,,,,,,,
,,,FNIP2,,,,,,,,,,,,,,,,,,,
,,,CCDC149,,,,,,,,,,,,,,,,,,,
,,,MRPS9,,,,,,,,,,,,,,,,,,,
,,,RPL14P1,,,,,,,,,,,,,,,,,,,
,,,RAB35-AS1,,,,,,,,,,,,,,,,,,,
,,,MAPK10-AS1,,,,,,,,,,,,,,,,,,,
,,,RAB8A,,,,,,,,,,,,,,,,,,,
,,,SETD6,,,,,,,,,,,,,,,,,,,
,,,BRD7P2,,,,,,,,,,,,,,,,,,,
,,,CDRT4,,,,,,,,,,,,,,,,,,,
,,,TVP23C-CDRT4,,,,,,,,,,,,,,,,,,,
,,,TEX261,,,,,,,,,,,,,,,,,,,
,,,ZNF783,,,,,,,,,,,,,,,,,,,
,,,CRYGEP,,,,,,,,,,,,,,,,,,,
,,,KLRA1P,,,,,,,,,,,,,,,,,,,
,,,HASPIN,,,,,,,,,,,,,,,,,,,
,,,ABI1,,,,,,,,,,,,,,,,,,,
,,,TRAV8-1,,,,,,,,,,,,,,,,,,,
,,,TM9SF1,,,,,,,,,,,,,,,,,,,
,,,AP1S1,,,,,,,,,,,,,,,,,,,
,,,NUDCD3,,,,,,,,,,,,,,,,,,,
,,,GBF1,,,,,,,,,,,,,,,,,,,
,,,KCNQ2,,,,,,,,,,,,,,,,,,,
,,,OR51E2,,,,,,,,,,,,,,,,,,,
,,,SLC35B4,,,,,,,,,,,,,,,,,,,
,,,CWC15,,,,,,,,,,,,,,,,,,,
,,,MIRLET7I,,,,,,,,,,,,,,,,,,,
,,,L3MBTL3,,,,,,,,,,,,,,,,,,,
,,,RBM5,,,,,,,,,,,,,,,,,,,
,,,ZNF696,,,,,,,,,,,,,,,,,,,
,,,DDOST,,,,,,,,,,,,,,,,,,,
,,,SNRNP70,,,,,,,,,,,,,,,,,,,
,,,LZTS1-AS1,,,,,,,,,,,,,,,,,,,
,,,RNA5SP257,,,,,,,,,,,,,,,,,,,
,,,MAP3K5,,,,,,,,,,,,,,,,,,,
,,,SNHG9,,,,,,,,,,,,,,,,,,,
,,,SNORA78,,,,,,,,,,,,,,,,,,,
,,,PEX5,,,,,,,,,,,,,,,,,,,
,,,G0S2,,,,,,,,,,,,,,,,,,,
,,,FSCN3,,,,,,,,,,,,,,,,,,,
,,,ZNF136,,,,,,,,,,,,,,,,,,,
,,,NCK1,,,,,,,,,,,,,,,,,,,
,,,MGAM,,,,,,,,,,,,,,,,,,,
,,,SMIM10L2B-AS1,,,,,,,,,,,,,,,,,,,
,,,SORL1,,,,,,,,,,,,,,,,,,,
,,,PCF11-AS1,,,,,,,,,,,,,,,,,,,
,,,MIR6514,,,,,,,,,,,,,,,,,,,
,,,ASCC2,,,,,,,,,,,,,,,,,,,
,,,NR2C2AP,,,,,,,,,,,,,,,,,,,
,,,TMEM132D-AS2,,,,,,,,,,,,,,,,,,,
,,,RNF121,,,,,,,,,,,,,,,,,,,
,,,DKC1,,,,,,,,,,,,,,,,,,,
,,,SLC35E1,,,,,,,,,,,,,,,,,,,
,,,ANKRD17,,,,,,,,,,,,,,,,,,,
,,,BAZ1B,,,,,,,,,,,,,,,,,,,
,,,SRSF9,,,,,,,,,,,,,,,,,,,
,,,TENT4B,,,,,,,,,,,,,,,,,,,
,,,NXT2,,,,,,,,,,,,,,,,,,,
,,,HARS1,,,,,,,,,,,,,,,,,,,
,,,MERTK,,,,,,,,,,,,,,,,,,,
,,,DIAPH2-AS1,,,,,,,,,,,,,,,,,,,
,,,NCAM1,,,,,,,,,,,,,,,,,,,
,,,HSD17B6,,,,,,,,,,,,,,,,,,,
,,,SCML2,,,,,,,,,,,,,,,,,,,
,,,ACOT6,,,,,,,,,,,,,,,,,,,
,,,UBE2V1P3,,,,,,,,,,,,,,,,,,,
,,,UBE2V1P9,,,,,,,,,,,,,,,,,,,
,,,RFC2,,,,,,,,,,,,,,,,,,,
,,,LINC00205,,,,,,,,,,,,,,,,,,,
,,,RPL24P2,,,,,,,,,,,,,,,,,,,
,,,RPL24P8,,,,,,,,,,,,,,,,,,,
,,,CCR9,,,,,,,,,,,,,,,,,,,
,,,RAB29,,,,,,,,,,,,,,,,,,,
,,,OAF,,,,,,,,,,,,,,,,,,,
,,,ZNF496-DT,,,,,,,,,,,,,,,,,,,
,,,MIR3147HG,,,,,,,,,,,,,,,,,,,
,,,COA7,,,,,,,,,,,,,,,,,,,
,,,JPT2,,,,,,,,,,,,,,,,,,,
,,,VKORC1L1,,,,,,,,,,,,,,,,,,,
,,,SF3B2,,,,,,,,,,,,,,,,,,,
,,,TERF1P1,,,,,,,,,,,,,,,,,,,
,,,TERF1P4,,,,,,,,,,,,,,,,,,,
,,,TERF1P5,,,,,,,,,,,,,,,,,,,
,,,TERF1P7,,,,,,,,,,,,,,,,,,,
,,,RPS3,,,,,,,,,,,,,,,,,,,
,,,STX5,,,,,,,,,,,,,,,,,,,
,,,OVOL1-AS1,,,,,,,,,,,,,,,,,,,
,,,SNORA70,,,,,,,,,,,,,,,,,,,
,,,SUMF2,,,,,,,,,,,,,,,,,,,
,,,ALDH9A1,,,,,,,,,,,,,,,,,,,
,,,GSS,,,,,,,,,,,,,,,,,,,
,,,VCX,,,,,,,,,,,,,,,,,,,
,,,VCX2,,,,,,,,,,,,,,,,,,,
,,,VCX3A,,,,,,,,,,,,,,,,,,,
,,,BARD1,,,,,,,,,,,,,,,,,,,
,,,MAGOH-DT,,,,,,,,,,,,,,,,,,,
,,,RBM24,,,,,,,,,,,,,,,,,,,
,,,MAP2K2,,,,,,,,,,,,,,,,,,,
,,,USP33,,,,,,,,,,,,,,,,,,,
,,,NYAP2,,,,,,,,,,,,,,,,,,,
,,,GIMAP8,,,,,,,,,,,,,,,,,,,
,,,MIR198,,,,,,,,,,,,,,,,,,,
,,,IER2,,,,,,,,,,,,,,,,,,,
,,,FBXO42,,,,,,,,,,,,,,,,,,,
,,,FHP2,,,,,,,,,,,,,,,,,,,
,,,ZNF70,,,,,,,,,,,,,,,,,,,
,,,BSCL2,,,,,,,,,,,,,,,,,,,
,,,RBM41,,,,,,,,,,,,,,,,,,,
,,,FBXO8,,,,,,,,,,,,,,,,,,,
,,,RNU6-913P,,,,,,,,,,,,,,,,,,,
,,,ACTMAP,,,,,,,,,,,,,,,,,,,
,,,ZNF766,,,,,,,,,,,,,,,,,,,
,,,COL6A3,,,,,,,,,,,,,,,,,,,
,,,CPT2,,,,,,,,,,,,,,,,,,,
,,,MYLK,,,,,,,,,,,,,,,,,,,
,,,CYB5D1,,,,,,,,,,,,,,,,,,,
,,,ZPR1P1,,,,,,,,,,,,,,,,,,,
,,,HMGB3P30,,,,,,,,,,,,,,,,,,,
,,,RNF217,,,,,,,,,,,,,,,,,,,
,,,PLEKHB1,,,,,,,,,,,,,,,,,,,
,,,CLMP,,,,,,,,,,,,,,,,,,,
,,,EDEM1,,,,,,,,,,,,,,,,,,,
,,,DNAH14,,,,,,,,,,,,,,,,,,,
,,,SF1,,,,,,,,,,,,,,,,,,,
,,,LNC-RHL1,,,,,,,,,,,,,,,,,,,
,,,THBS1-IT1,,,,,,,,,,,,,,,,,,,
,,,ADM,,,,,,,,,,,,,,,,,,,
,,,ZC3H18,,,,,,,,,,,,,,,,,,,
,,,ACOT9,,,,,,,,,,,,,,,,,,,
,,,TBX5,,,,,,,,,,,,,,,,,,,
,,,PSMD5,,,,,,,,,,,,,,,,,,,
,,,C5orf63,,,,,,,,,,,,,,,,,,,
,,,PSG7,,,,,,,,,,,,,,,,,,,
,,,RELL1,,,,,,,,,,,,,,,,,,,
,,,DNHD1,,,,,,,,,,,,,,,,,,,
,,,HLA-E,,,,,,,,,,,,,,,,,,,
,,,SEC24C,,,,,,,,,,,,,,,,,,,
,,,KCNG3,,,,,,,,,,,,,,,,,,,
,,,MYRF-AS1,,,,,,,,,,,,,,,,,,,
,,,SNX11,,,,,,,,,,,,,,,,,,,
,,,ADCY10P1,,,,,,,,,,,,,,,,,,,
,,,MTMR3,,,,,,,,,,,,,,,,,,,
,,,CHCHD3P3,,,,,,,,,,,,,,,,,,,
,,,LINC02019,,,,,,,,,,,,,,,,,,,
,,,TARS3,,,,,,,,,,,,,,,,,,,
,,,GSTT4,,,,,,,,,,,,,,,,,,,
,,,NAXE,,,,,,,,,,,,,,,,,,,
,,,HNRNPDL,,,,,,,,,,,,,,,,,,,
,,,PNMA3,,,,,,,,,,,,,,,,,,,
,,,AKAP13,,,,,,,,,,,,,,,,,,,
,,,ZFYVE28,,,,,,,,,,,,,,,,,,,
,,,SNORD33,,,,,,,,,,,,,,,,,,,
,,,UCK2,,,,,,,,,,,,,,,,,,,
,,,UFL1,,,,,,,,,,,,,,,,,,,
,,,CILP2,,,,,,,,,,,,,,,,,,,
,,,RPS3A,,,,,,,,,,,,,,,,,,,
,,,RPS3AP26,,,,,,,,,,,,,,,,,,,
,,,RPS3AP6,,,,,,,,,,,,,,,,,,,
,,,PLA2G6,,,,,,,,,,,,,,,,,,,
,,,EEPD1,,,,,,,,,,,,,,,,,,,
,,,IL26,,,,,,,,,,,,,,,,,,,
,,,RWDD3,,,,,,,,,,,,,,,,,,,
,,,TLCD4-RWDD3,,,,,,,,,,,,,,,,,,,
,,,EHBP1,,,,,,,,,,,,,,,,,,,
,,,CASP4,,,,,,,,,,,,,,,,,,,
,,,EML2,,,,,,,,,,,,,,,,,,,
,,,CLPTM1,,,,,,,,,,,,,,,,,,,
,,,PTGIS,,,,,,,,,,,,,,,,,,,
,,,TMBIM1,,,,,,,,,,,,,,,,,,,
,,,C9orf78,,,,,,,,,,,,,,,,,,,
,,,CCT4,,,,,,,,,,,,,,,,,,,
,,,RN7SL587P,,,,,,,,,,,,,,,,,,,
,,,NDRG1,,,,,,,,,,,,,,,,,,,
,,,VCX3B,,,,,,,,,,,,,,,,,,,
,,,GTF2IP1,,,,,,,,,,,,,,,,,,,
,,,GTF2IP4,,,,,,,,,,,,,,,,,,,
,,,PPIL2,,,,,,,,,,,,,,,,,,,
,,,TAT,,,,,,,,,,,,,,,,,,,
,,,LILRB4,,,,,,,,,,,,,,,,,,,
,,,SERTAD2,,,,,,,,,,,,,,,,,,,
,,,ANP32B,,,,,,,,,,,,,,,,,,,
,,,PPP6C,,,,,,,,,,,,,,,,,,,
,,,EVA1B,,,,,,,,,,,,,,,,,,,
,,,ARL10,,,,,,,,,,,,,,,,,,,
,,,HEXA,,,,,,,,,,,,,,,,,,,
,,,NUP88,,,,,,,,,,,,,,,,,,,
,,,LAP3,,,,,,,,,,,,,,,,,,,
,,,TKTL2,,,,,,,,,,,,,,,,,,,
,,,MALINC1,,,,,,,,,,,,,,,,,,,
,,,DOCK5,,,,,,,,,,,,,,,,,,,
,,,FBXW8,,,,,,,,,,,,,,,,,,,
,,,OCIAD1,,,,,,,,,,,,,,,,,,,
,,,TNFAIP8L2,,,,,,,,,,,,,,,,,,,
,,,RGS12,,,,,,,,,,,,,,,,,,,
,,,GPAT4,,,,,,,,,,,,,,,,,,,
,,,KISS1,,,,,,,,,,,,,,,,,,,
,,,PABPN1P1,,,,,,,,,,,,,,,,,,,
,,,SUOX,,,,,,,,,,,,,,,,,,,
,,,FBXO45,,,,,,,,,,,,,,,,,,,
,,,SAMD4B,,,,,,,,,,,,,,,,,,,
,,,RBM3,,,,,,,,,,,,,,,,,,,
,,,SPMIP4,,,,,,,,,,,,,,,,,,,
,,,ADGRB1,,,,,,,,,,,,,,,,,,,
,,,RPL7P32,,,,,,,,,,,,,,,,,,,
,,,CPSF6,,,,,,,,,,,,,,,,,,,
,,,PHF21A,,,,,,,,,,,,,,,,,,,
,,,BBS4,,,,,,,,,,,,,,,,,,,
,,,RSL1D1,,,,,,,,,,,,,,,,,,,
,,,EPHX1,,,,,,,,,,,,,,,,,,,
,,,GAPDHP73,,,,,,,,,,,,,,,,,,,
,,,TBL1XR1,,,,,,,,,,,,,,,,,,,
,,,EXTL3,,,,,,,,,,,,,,,,,,,
,,,PARK7,,,,,,,,,,,,,,,,,,,
,,,C20orf202,,,,,,,,,,,,,,,,,,,
,,,LINC00563,,,,,,,,,,,,,,,,,,,
,,,TRAF7,,,,,,,,,,,,,,,,,,,
,,,PARP11,,,,,,,,,,,,,,,,,,,
,,,KDM4D,,,,,,,,,,,,,,,,,,,
,,,TWF1P1,,,,,,,,,,,,,,,,,,,
,,,ARHGEF18,,,,,,,,,,,,,,,,,,,
,,,LINC02878,,,,,,,,,,,,,,,,,,,
,,,RCSD1,,,,,,,,,,,,,,,,,,,
,,,CDC37,,,,,,,,,,,,,,,,,,,
,,,PHKA1,,,,,,,,,,,,,,,,,,,
,,,TEFM,,,,,,,,,,,,,,,,,,,
,,,COQ8B,,,,,,,,,,,,,,,,,,,
,,,STK10,,,,,,,,,,,,,,,,,,,
,,,CT69,,,,,,,,,,,,,,,,,,,
,,,C1S,,,,,,,,,,,,,,,,,,,
,,,SYNRG,,,,,,,,,,,,,,,,,,,
,,,LINC01828,,,,,,,,,,,,,,,,,,,
,,,SNRPCP14,,,,,,,,,,,,,,,,,,,
,,,SNRPCP5,,,,,,,,,,,,,,,,,,,
,,,SNRPCP6,,,,,,,,,,,,,,,,,,,
,,,SNRPCP8,,,,,,,,,,,,,,,,,,,
,,,ZNF236,,,,,,,,,,,,,,,,,,,
,,,TMEM212,,,,,,,,,,,,,,,,,,,
,,,ADAMTSL4,,,,,,,,,,,,,,,,,,,
,,,TRAP1,,,,,,,,,,,,,,,,,,,
,,,GAREM1,,,,,,,,,,,,,,,,,,,
,,,LINC03121,,,,,,,,,,,,,,,,,,,
,,,CALHM1,,,,,,,,,,,,,,,,,,,
,,,MT-ND5,,,,,,,,,,,,,,,,,,,
,,,INO80,,,,,,,,,,,,,,,,,,,
,,,MSH5,,,,,,,,,,,,,,,,,,,
,,,HRG,,,,,,,,,,,,,,,,,,,
,,,CHID1,,,,,,,,,,,,,,,,,,,
,,,CCDC18-AS1,,,,,,,,,,,,,,,,,,,
,,,TRIM22,,,,,,,,,,,,,,,,,,,
,,,MZF1,,,,,,,,,,,,,,,,,,,
,,,ZNF827,,,,,,,,,,,,,,,,,,,
,,,ZSCAN29,,,,,,,,,,,,,,,,,,,
,,,KANSL3,,,,,,,,,,,,,,,,,,,
,,,ANXA7,,,,,,,,,,,,,,,,,,,
,,,SFTPC,,,,,,,,,,,,,,,,,,,
,,,IL10RB,,,,,,,,,,,,,,,,,,,
,,,DHX15,,,,,,,,,,,,,,,,,,,
,,,LRRC37A4P,,,,,,,,,,,,,,,,,,,
,,,RPL36AP52,,,,,,,,,,,,,,,,,,,
,,,ANKRD11P2,,,,,,,,,,,,,,,,,,,
,,,LZTS2,,,,,,,,,,,,,,,,,,,
,,,SBF2-AS1,,,,,,,,,,,,,,,,,,,
,,,LINC03018,,,,,,,,,,,,,,,,,,,
,,,SPRED3,,,,,,,,,,,,,,,,,,,
,,,MRPL45,,,,,,,,,,,,,,,,,,,
,,,MMP15,,,,,,,,,,,,,,,,,,,
,,,PELI1,,,,,,,,,,,,,,,,,,,
,,,IGF2,,,,,,,,,,,,,,,,,,,
,,,TBXA2R,,,,,,,,,,,,,,,,,,,
,,,AFF3,,,,,,,,,,,,,,,,,,,
