GSE61992,GSE22155_02,GSE22155_47,GSE35640,GSE91061,GSE61992|GSE22155_02,GSE61992|GSE22155_47,GSE61992|GSE35640,GSE61992|GSE91061,GSE22155_02|GSE35640,GSE22155_02|GSE91061,GSE22155_47|GSE35640,GSE22155_47|GSE91061,GSE35640|GSE91061,GSE61992|GSE22155_02|GSE91061,GSE61992|GSE22155_47|GSE35640,GSE61992|GSE22155_47|GSE91061,GSE61992|GSE35640|GSE91061,GSE22155_02|GSE35640|GSE91061,GSE61992|GSE22155_02|GSE35640|GSE91061
RHBDF2,LEFTY1,PURA,FAM230I,SLC7A14,EIF4A2,CBR3,TGIF1,EIF4H,NTF3,LMO2,SLC30A7,ZYG11B,FSD1,RPS6KA1,POU3F4,HOXB4,ZNF225,RNF41,LINC03124
CDC20,FLNA,NARS1,EEF1A2,CHGB,IFT70A,KIF2C,IGF2BP2-AS1,KDELR2,SSX5,MYOZ3,CHRM3,NPTX2,AVPR2,,,,SH3KBP1,DCLRE1B,
ZNF26,PKP4,BRI3BP,LINC02240,CHODL,METAP2,,ZNF571,MLLT11,GBA3,PASD1,ADAMTS17,LCOR,USP12,,,,LMTK2,STK36,
DIPK1C,CARD9,TRPC1,KRTAP13-1,TEX101,,,RAB9A,TBL1X,ANKRD30A,SLC26A10P,GOLPH3L,ZNF320,SCYL2,,,,,UCP3,
GSN,PNMA5,ZNF573,IGSF11-AS1,MIR124-1HG,,,CSMD1,PIMREG,RACK1,SYT13,RBM12B,TARBP1,RB1,,,,,USP37,
CCM2,ANHX,STOX2,KIF5C-AS1,CNTN2,,,ZNF81,AVL9,BTNL2,NRXN1,CAPZA1,PTPRO,ZNF470,,,,,ADO,
PRR11,VCX,INO80C,NMRK2,MIR7-3HG,,,PGAM1,C3orf52,ZMYM3,PKDCC,PCED1A,MYLK4,CCNL2,,,,,HNRNPLL,
COL16A1,LOC442028,C5orf63,GDNF-AS1,ELAVL4,,,LENG8,HJURP,,C5orf58,,TOP1,ZNF275,,,,,,
GUCA1A,ARHGEF17,GTF2IP20,IL4,HOXB-AS3,,,GPATCH11,NR2C1,,ANO2,,ARID1B,RCHY1,,,,,,
CBR1,PDLIM7,SLC11A2,SPATA31G1,CRYBB2,,,MAGED1,ZNF235,,DKC1,,FYN,DCAF17,,,,,,
SDHA,LOC440910,MEF2C,PROSER2-AS1,LASP1NB,,,ATP2B2,PAN3,,TCF7L1,,GTF3C3,CARTPT,,,,,,
APOBEC3B,CLC,IKBIP,PKD1L1,KRT3,,,LAT,EPS15L1,,DDX20,,FBXO5,LSM14A,,,,,,
SLC2A6,OR4N3P,ARL8B,TBC1D22A-AS1,POTEC,,,CADPS2,ZNF543,,CDK4,,DAGLA,ARL5B,,,,,,
TFAP2E,PRSS50,PVRIG,OR5K1,MIR208B,,,RNF148,TUBB2B,,ACVR2B,,CELSR3,SMNDC1,,,,,,
PPFIBP2,ITIH3,CYBB,RNF32,WIF1,,,C2CD2,MDM4,,EXTL3,,,ZNF765,,,,,,
ITFG2-AS1,OR4N2,BSN,ACSBG2,HOXB3,,,TTTY11,HSPBAP1,,PLEKHA8,,,SHOC2,,,,,,
DDX19B,UBXN2A,ARHGAP17,JAKMIP3,HNRNPCL2,,,ZDHHC19,KRBOX5,,ADAMTS9,,,ALG10,,,,,,
KLHDC7A,CEBPZ,RAB11FIP1,ELFN2,ST6GAL2,,,,ZNF776,,PELI1,,,TMEM33,,,,,,
DCT,POLR2H,LINC02381,B4GALNT2,ZCCHC12,,,,NCAM1,,CASQ2,,,PJA1,,,,,,
PLAUR,RBPMS2,KCTD12,TCP11,MYT1,,,,GLA,,ACTN3,,,TMEM169,,,,,,
BHLHE40,GATA5,KCNMB4,LINC02960,GABRA4,,,,UBR4,,KCNAB3,,,TLCD3B,,,,,,
ZNF586,CEACAM8,GPR139,LINC00540,TNR,,,,RGS16,,BAGE,,,CHST15,,,,,,
ERMP1,RNF20,GOLGB1,LINC02899,LOC100507351,,,,APCDD1L,,PROCA1,,,TEX14,,,,,,
ACOT7,FAR2P1,TAF13,LMX1B,SLC18A1,,,,MACO1,,PRPF18,,,ABCC1,,,,,,
SLC16A3,AGTPBP1,ATP2B4,CALHM3,GRIK5,,,,TRAK1,,RASAL2,,,GPBP1L1,,,,,,
ECE1,FOXA2,ZNF749,MDN1-AS1,CHEK2P2,,,,CSNK1D,,ASAP2,,,HERC4,,,,,,
SH3RF2,PROX1,CREBRF,IZUMO2,ZMYM2,,,,KCNA6,,RAX,,,SOX9,,,,,,
FOXP3,FTCD,LILRA2,MYH4,SMAD5,,,,CRNKL1,,KCNN3,,,AHSA2P,,,,,,
CCDC146,KSR1,SARNP,MYPN,CPNE6,,,,YAE1,,HIC2,,,RRN3P3,,,,,,
SPINK1,TRIM65,VPREB3,LINC01842,DRP2,,,,TENM3-AS1,,PPP3R1,,,PBRM1,,,,,,
CELSR2,PRSS42P,PLEK,ERICH3-AS1,TEX13C,,,,GON4L,,DIS3L2,,,GIGYF1,,,,,,
ZNF285,MED18,FAM241B,RD3,IGDCC3,,,,BIRC5,,RTN1,,,IPMK,,,,,,
FAM50A,PSMC1,SLC2A8,LINC00919,GNG3,,,,ZNF713,,GRIN2A,,,SEM1,,,,,,
REXO5,ABCA4,SLC18B1,SERPINA2,HIP1,,,,AP3M2,,ZDHHC8BP,,,LUC7L,,,,,,
RIMS3,HYAL3,SUCNR1,CT69,ASTN1,,,,PRAME,,NFATC2IP,,,ARHGEF6,,,,,,
TMEM30CP,ANKRD1,PIP5K1B,KLF17P1,PLXNA4,,,,SMURF1,,PRKRA,,,AP3M1,,,,,,
NCS1,SIPA1L3,CAND2,IFNL3,ARK2C,,,,STARD3NL,,MAP3K1,,,GBX2,,,,,,
ENO1,WIPF3,SDF2L1,TNFRSF6B,HOXB9,,,,NUP205,,USP39,,,BTRC,,,,,,
MYL6,SPATA32,CTRB2,SMC1B,MIR4801,,,,ARID2,,SUPT16H,,,ZNF560,,,,,,
USP47,ITGA9,PPY2P,KLHL35,SP6,,,,ZNF460,,CNMD,,,NRAS,,,,,,
C2orf49,TMX1,PPP1R16B,PHOX2B,SOX11,,,,ZBTB33,,MAGEA11,,,XRCC2,,,,,,
CFL1,H3C8,CD163L1,ARMCX6,BMP7,,,,ZNF211,,KIF3C,,,SENP1,,,,,,
PSMB2,TSPEAR-AS2,DENND1B,ARMCX7P,PDE1C,,,,PTBP1,,NTRK3,,,POLR2J4,,,,,,
NR3C2,FAM136A,WT1-AS,TRAPPC3L,TAC1,,,,ANKRD28,,ARAP3,,,BBS10,,,,,,
MRPL37,QRSL1,TMEM43,TFDP3,SAA3P,,,,DDX17,,DOCK5,,,SPAST,,,,,,
NUDT5,KCNK10,FOXO3,MYT1L,HPCAL4,,,,ODC1,,HCFC1,,,VPS39,,,,,,
CCNB2,SPTBN1,PACRG-AS1,RAD9B,TMEM233,,,,ZEB2,,SPECC1L,,,ZNF644,,,,,,
FXYD5,MYH6,GNGT1,CDKL2,LEMD1-AS1,,,,CENPO,,DGUOK,,,PCDHGA5,,,,,,
CNN2,DPPA4,RPA1,AQP2,SCRT2,,,,PALB2,,TRA2B,,,PCDHGA10,,,,,,
TMEM191C,EMILIN2,ANXA2R-AS1,LINC01192,HOXA-AS3,,,,MAST2,,WDR75,,,OBI1,,,,,,
SECTM1,DRD3,THYN1,LINC00410,FAM220A,,,,ALX3,,GNL3L,,,ZNF789,,,,,,
CA12,C1QTNF9,TMEM232,HAS1,CA10,,,,,,SSTR2,,,RFPL1S,,,,,,
SLC45A2,RNASEH1,GPRIN3,LINC01220,ZNF3,,,,,,,,,CAP1,,,,,,
PFKP,COMMD2,LINC00857,MYH13,EPCIP,,,,,,,,,MCTS1,,,,,,
AACS,TUBA3E,LINC01160,LINC00029,DPYSL5,,,,,,,,,ZNF394,,,,,,
SZRD1,CTSZ,GVINP1,ICMT-DT,SHISA9,,,,,,,,,CORO1C,,,,,,
MRPS5,NAB1,FRG1BP,LINC00424,CDK6,,,,,,,,,ZNF492,,,,,,
CD82,C1orf54,MOSPD2,KIAA0825,RYR3,,,,,,,,,SNRPA1,,,,,,
EIF4B,SLC4A3,PCSK9,STOML3,PICSAR,,,,,,,,,CDAN1,,,,,,
NACC2,SAMD1,HOXC4,RB1-DT,NEFM,,,,,,,,,HAGLR,,,,,,
TNF,STRA6,RLN3,FKBP6,ZNF12,,,,,,,,,DRD1,,,,,,
RCAN3,SCN11A,NCEH1,LINC03014,MIR9-1HG,,,,,,,,,ZNF501,,,,,,
HPRT1,KCNA5,APOA5,RNF17,GCSAML-AS1,,,,,,,,,AGPS,,,,,,
EPHX3,MYH11,RGMB,RNU6-64P,HOXB5,,,,,,,,,CEP170,,,,,,
CABLES1,LPA,CLDN15,TBX6,H2BC7,,,,,,,,,RAI14,,,,,,
LDLR,SRL,TOR1B,TRARG1,TPTE2,,,,,,,,,HELZ,,,,,,
PGM1,RGCC,NOL10,RNF122,ZNF664-RFLNA,,,,,,,,,TM6SF1,,,,,,
TUBB2A,PRSS21,LINC01625,C20orf202,ACTL6B,,,,,,,,,QTRT2,,,,,,
RBM4B,CTCFL,GCGR,IFNL2,CELF3,,,,,,,,,MACROH2A1,,,,,,
MAMLD1,ITIH1,GP6,SMG7-AS1,SNORD114-7,,,,,,,,,TBC1D12,,,,,,
FAM218A,LRRC8C-DT,EMCN,ELOA2,PROKR2,,,,,,,,,ZSCAN20,,,,,,
OR1S1,CALR,PTX4,LINC00320,PMS2CL,,,,,,,,,B3GALNT2,,,,,,
ARPP21,CNN1,LINC01119,TEX44,CASTOR3P,,,,,,,,,HOXD1,,,,,,
VPS35L,ACKR3,OR10A6,NSMCE1-DT,DAB1,,,,,,,,,ERC1,,,,,,
PELO,OTC,F12,ONECUT2,HRC,,,,,,,,,GTF2E1,,,,,,
SLC25A22,OBSL1,INSL3,CASC2,SNORD114-26,,,,,,,,,ST8SIA3,,,,,,
PLXNB1,OR3A2,ARHGAP24,P2RX3,FAM131B,,,,,,,,,SAMD14,,,,,,
VEGFC,SLMAP,EPB41L2,AKAP3,GPC2,,,,,,,,,ZNF677,,,,,,
CBLN1,DHX8,GALK2,C1QTNF4,LINC01257,,,,,,,,,COPS6,,,,,,
ATP5F1C,RGS7BP,ENTPD7,RNF212B,ZSCAN9,,,,,,,,,LRATD2,,,,,,
KBTBD7,MED6,MAP3K2,LINC00559,MAP3K15,,,,,,,,,FIGNL1,,,,,,
MEIG1,KCNMB1,PTOV1-AS1,TARDBPP1,RAC1,,,,,,,,,SMARCC2,,,,,,
CSRP2,MGC15885,RAPGEF6,ZNF613,USP42,,,,,,,,,MAVS,,,,,,
PFKFB2,MAP4,DCLK2,LINC00905,VEZF1,,,,,,,,,NSUN5,,,,,,
MAPKAP1,RPF1,CSK,AMELX,SMIM32,,,,,,,,,CCDC103,,,,,,
FGD2,VWCE,EPM2AIP1,CHST5,C2orf80,,,,,,,,,HOXD8,,,,,,
AKIP1,PDE5A,SEC31A,FAM170B,KIF5C,,,,,,,,,RAPGEF2,,,,,,
LINC01565,ZNF280D,LMF1,LINC03095,SCUBE3,,,,,,,,,ATCAY,,,,,,
PPP1R12B,CAD,SLC9B2,DYNLT3,CECR2,,,,,,,,,TMEM164,,,,,,
HS3ST3A1,PPP4R3B,HS3ST4,RFPL1,IKZF4,,,,,,,,,RAP2A,,,,,,
RHEBL1,PPM1M,HK3,LELP1,MIR4307,,,,,,,,,LINC00641,,,,,,
LCP2,AGMAT,DMRT2,NR5A1,MEG3,,,,,,,,,MSH5-SAPCD1,,,,,,
PLPP4,TSPAN2,SLC23A2,ONECUT3,HCG23,,,,,,,,,SUN1,,,,,,
ADM2,RASL12,EFNB3,STARD6,MRPS31P5,,,,,,,,,HERC2P9,,,,,,
E2F2,ZNF385C,NLRP12,MAPK10,FAT3,,,,,,,,,STMN4,,,,,,
RPL13A,SMIM10L2B,DSCR8,SULT2A1,RFPL4A,,,,,,,,,NEPRO,,,,,,
CYP2U1,CTNND2,SNAI1,DMC1,LINC01546,,,,,,,,,HDGFL3,,,,,,
RIPK2,SIPA1,TAS2R10,CNTF,ATAT1,,,,,,,,,G3BP2,,,,,,
OR4F5,RNMT,RPL23AP32,ENGASE,CHRNB4,,,,,,,,,PPHLN1,,,,,,
BAG3,SLC24A3,MFAP2,MIR6762,ADRB1,,,,,,,,,GAL3ST3,,,,,,
TMEM117,RNF31,MYO7B,LINC01525,CEMIP,,,,,,,,,GJD2,,,,,,
UFD1,FARSA,NUDC,TIGD4,HAPLN4,,,,,,,,,PYROXD1,,,,,,
ABCD4,GMCL1,GLDC,CCDC83,ABCA11P,,,,,,,,,PPP1R8,,,,,,
TMEM200B,MYOM1,GCNT2,ABCC6P1,NRG1,,,,,,,,,ZNF461,,,,,,
FKBP15,ART3,RAC2,BRDT,LOC730101,,,,,,,,,ZSCAN12P1,,,,,,
LRRC59,SMIM3,HTRA1,CELA3A,PCSK1,,,,,,,,,WDR73,,,,,,
SMIM24,PGGHG,SHC1,DNAH14,SPHKAP,,,,,,,,,LEMD3,,,,,,
CATSPER1,PDCL3,ABCC3,ACTG1P25,CAMKV,,,,,,,,,SP3,,,,,,
ATL3,KRTAP10-2,INPP5F,R3HCC1L,ZNF664,,,,,,,,,DNAJC9,,,,,,
CEP162,VIP,MMGT1,ATP6V1A,HOXB8,,,,,,,,,DENND5B,,,,,,
KIAA0513,HEBP2,TTC28,AIDA,HOXA2,,,,,,,,,PAPOLG,,,,,,
SPINT4,IRAG1,GIMAP4,FBXO15,DAGLB,,,,,,,,,SMG8,,,,,,
MAP7D1,PCDHAC2,RACGAP1,ARFIP1,PDE7B,,,,,,,,,SINHCAF,,,,,,
LAMB4,CFAP126,DYNAP,NEURL1,PANTR1,,,,,,,,,SIKE1,,,,,,
MIRLET7G,GPS1,AHCYL2,CDCA2,KCNH2,,,,,,,,,TRRAP,,,,,,
PITRM1,NXPH3,WHAMM,TRUB1,SBK1,,,,,,,,,SOD1,,,,,,
FAM83D,C1orf52,CD5,MAB21L2,JPH4,,,,,,,,,PHF6,,,,,,
BATF3,CCDC81,TMEM200A,VAMP8,MIR200B,,,,,,,,,SPATA31C2,,,,,,
ARHGAP45,HTR4,OR4F15,CATSPERE,GPR162,,,,,,,,,ZNF669,,,,,,
EME1,EEIG2,PAQR8,TMEM105,CRMP1,,,,,,,,,YWHAG,,,,,,
MZF1,HELB,CD6,HMGB1P35,TET3,,,,,,,,,PLS3,,,,,,
HOXC8,CBS,C16orf96,NAA11,ATP6V0CP3,,,,,,,,,QKI,,,,,,
GPT,PTCH2,GPR65,LINC00315,HOXD10,,,,,,,,,SNRPB2,,,,,,
MTFP1,TBX21,USP54,SPAM1,GBX1,,,,,,,,,RNF157-AS1,,,,,,
TAF4B,CX3CL1,PTEN,BARX1,ERV3-1,,,,,,,,,NBAT1,,,,,,
TUBA1C,CTRL,IAH1,RPL7AP9,BMPR1A,,,,,,,,,CNOT3,,,,,,
FLNB,ALKBH2,RAD21L1,LRRC14B,PBX2,,,,,,,,,ZNF570,,,,,,
ZNF404,FGF19,DFFA,DHFR2,TMEFF2,,,,,,,,,GRB10,,,,,,
TXLNA,NR4A3,,PSMD14-DT,ZKSCAN8,,,,,,,,,ANKZF1,,,,,,
AKAP17A,OBSCN,,USP51,PRPH2,,,,,,,,,UTP25,,,,,,
PROCR,CARNS1,,WFDC8,ST8SIA5,,,,,,,,,ZNF143,,,,,,
TUBG1,FBXW9,,HPDL,NKX2-2,,,,,,,,,NLGN4X,,,,,,
LY6G6C,AKAP5,,ADH4,SMARCD1,,,,,,,,,PICART1,,,,,,
CPA2,DCTN1,,LINC02109,KCNK9,,,,,,,,,ZNF542P,,,,,,
FOXJ1,FANCB,,PGK2,CASP2,,,,,,,,,GJC1,,,,,,
CTHRC1,POTEH,,EXOC3L4,RNF112,,,,,,,,,CCDC184,,,,,,
LRBA,COLEC11,,CIMIP3,ESRRB,,,,,,,,,CERK,,,,,,
NOCT,PCNX1,,ANKS4B,SEZ6L,,,,,,,,,SYT11,,,,,,
C10orf55,SFMBT2,,KLHL10,DRD5,,,,,,,,,MYF6,,,,,,
RNU6ATAC,MSH6,,TRGV7,ZNF92,,,,,,,,,ACADSB,,,,,,
WNT3,CLCNKA,,MORC4,NUP58,,,,,,,,,E2F6,,,,,,
GPR3,ZRANB2,,LINC02838,TRERF1,,,,,,,,,SMIM15,,,,,,
EPB41L4A-AS1,PYGM,,CEP170P1,MAGEE2,,,,,,,,,SDAD1,,,,,,
MYH9,PRAF2,,CYP1A1,LINC00163,,,,,,,,,ARL6IP6,,,,,,
LGALS1,SEMA4G,,LINC01289,TSPAN11,,,,,,,,,POM121,,,,,,
EPHA2,C11orf24,,GABRA5,C3orf70,,,,,,,,,C4orf46,,,,,,
NIBAN2,BCKDK,,RMDN2,LLCFC1,,,,,,,,,LINC00174,,,,,,
PLP2,ZNF684,,AFF2,MAGEB6,,,,,,,,,PCDHB18P,,,,,,
HSF2,ADAMTS12,,SHANK2-AS3,BAZ1B,,,,,,,,,TCEA3,,,,,,
GLRX2,TRMT61A,,SSU72L6,TRIM24,,,,,,,,,TSN,,,,,,
ZNF90,CDK18,,LINC02848,ZKSCAN5,,,,,,,,,OR5AK4P,,,,,,
THBS2,ZNF513,,LINC02052,EFHC1,,,,,,,,,OFD1,,,,,,
CNNM1,PARL,,CCDC197,KIAA1586,,,,,,,,,PARP1,,,,,,
GLI2,CRIPT,,JPH2,FAIM2,,,,,,,,,CLASP2,,,,,,
FLOT2,YY1,,ZBED3-AS1,GLI3,,,,,,,,,STK38L,,,,,,
IGSF10,TRAF5,,HSD17B1,BAZ2A,,,,,,,,,,,,,,,
VTI1B,SLC45A3,,BOD1,LOC728392,,,,,,,,,,,,,,,
BBS12,GOLGA8S,,SPRTN,SLC12A5,,,,,,,,,,,,,,,
PECR,LINC01558,,TBATA,CACNG4,,,,,,,,,,,,,,,
GADD45G,MMP21,,CAGE1,ZNF117,,,,,,,,,,,,,,,
CSGALNACT1,POLR3D,,FGF22,TMTC4,,,,,,,,,,,,,,,
HK1,FGFR4,,KPNA4,SH2B2,,,,,,,,,,,,,,,
PSMB6,KCNAB1,,RNU6-913P,UBC,,,,,,,,,,,,,,,
CFC1B,LYN,,RGS17,EDN3,,,,,,,,,,,,,,,
IGSF11,PRKG1,,CALY,TULP1,,,,,,,,,,,,,,,
SEL1L3,CPLX1,,FAM138A,ZNF853,,,,,,,,,,,,,,,
SRXN1,GIMAP8,,FAM138B,RCAN2,,,,,,,,,,,,,,,
RAB20,GRSF1,,FAM138C,HOXB2,,,,,,,,,,,,,,,
SIRPA,,,FAM138D,PMS2,,,,,,,,,,,,,,,
CRSP8P,,,FAM138E,SCG3,,,,,,,,,,,,,,,
TAF1C,,,FAM138F,LMO4,,,,,,,,,,,,,,,
SH3GL1,,,UIMC1,VCAN,,,,,,,,,,,,,,,
CHRM1,,,IKZF5,LAMP5,,,,,,,,,,,,,,,
FOXG1,,,ADAM11,CHD4,,,,,,,,,,,,,,,
MORF4L2-AS1,,,GSTCD,REREP3,,,,,,,,,,,,,,,
SYNDIG1,,,BEX3,LINC01132,,,,,,,,,,,,,,,
P4HA2,,,ARMCX3,EZH2,,,,,,,,,,,,,,,
C15orf48,,,CREG1,POU2F1,,,,,,,,,,,,,,,
C1orf216,,,LINC01579,ZSCAN1,,,,,,,,,,,,,,,
CLEC4E,,,NEFH,NXPH2,,,,,,,,,,,,,,,
ALKBH5,,,CFAP65,FGF23,,,,,,,,,,,,,,,
CARD19,,,MCHR2,NOM1,,,,,,,,,,,,,,,
TACR2,,,NUTM2F,MEG8,,,,,,,,,,,,,,,
HSPB3,,,NUTM2G,CPSF6,,,,,,,,,,,,,,,
SPAG1,,,POLR2J,ZNF184,,,,,,,,,,,,,,,
NCAM2,,,KRTAP2-3,FBN3,,,,,,,,,,,,,,,
GALNT12,,,HYDIN,ZNF322,,,,,,,,,,,,,,,
ARHGEF39,,,TMCO6,LIFR,,,,,,,,,,,,,,,
ZMAT1,,,SNORA21,GRIK4,,,,,,,,,,,,,,,
SLC38A8,,,USP12P1,HNRNPA1L2,,,,,,,,,,,,,,,
NRP1,,,CDH1,ZFHX2,,,,,,,,,,,,,,,
KCTD11,,,CFAP57,NYAP1,,,,,,,,,,,,,,,
SPTAN1,,,CSTF2T,OLIG2,,,,,,,,,,,,,,,
SNORD6,,,CHUK,HCG18,,,,,,,,,,,,,,,
ANKRD45,,,MTPAP,HOXB6,,,,,,,,,,,,,,,
PTTG3P,,,LINC02326,ZNF260,,,,,,,,,,,,,,,
ATP1A1-AS1,,,EIF4EBP3,LOC442497,,,,,,,,,,,,,,,
DPH3P1,,,PDE6C,RNF216,,,,,,,,,,,,,,,
ETS1,,,LINC02525,TRIM27,,,,,,,,,,,,,,,
MTFR2,,,ZPBP,HOTAIR,,,,,,,,,,,,,,,
MFAP3L,,,FAM236A,NSG2,,,,,,,,,,,,,,,
PRKCZ,,,FAM236B,ZNF318,,,,,,,,,,,,,,,
UCN2,,,PRLH,PPP1R18,,,,,,,,,,,,,,,
FUCA2,,,SAP30L,PCYT1B,,,,,,,,,,,,,,,
MAFK,,,PARP8,PCDHB10,,,,,,,,,,,,,,,
TTC31,,,RBM7,KIAA0232,,,,,,,,,,,,,,,
KCNJ6,,,HSD17B6,SNORD116-20,,,,,,,,,,,,,,,
MRPS30,,,GUCA1ANB-GUCA1A,ARID1A,,,,,,,,,,,,,,,
MYADM,,,SNORA71B,CPT1C,,,,,,,,,,,,,,,
AGRN,,,PACRG-AS2,MBTD1,,,,,,,,,,,,,,,
ATP7A,,,MIR122HG,CDH24,,,,,,,,,,,,,,,
EMX2,,,IGFBP1,KIF5A,,,,,,,,,,,,,,,
POTEF,,,BCL10,C6orf141,,,,,,,,,,,,,,,
CPS1,,,TSC22D3,DDX42,,,,,,,,,,,,,,,
NR1D2,,,MESP2,LOC100134317,,,,,,,,,,,,,,,
PTPN3,,,PLEKHN1,USPL1,,,,,,,,,,,,,,,
SLC22A18AS,,,TREML1,TENM3,,,,,,,,,,,,,,,
TINCR,,,LACRT,ZSWIM4,,,,,,,,,,,,,,,
BEST1,,,MAGEH1,KLRA1P,,,,,,,,,,,,,,,
TENM2,,,LINC00426,DLX1,,,,,,,,,,,,,,,
GALK1,,,LINC00427,STAMBPL1,,,,,,,,,,,,,,,
DENND4A,,,MOS,CREB1,,,,,,,,,,,,,,,
SNAPC2,,,SBNO1-AS1,H3C12,,,,,,,,,,,,,,,
MIR548F4,,,APBB3,CCZ1,,,,,,,,,,,,,,,
ESYT1,,,LRP12,MARCHF4,,,,,,,,,,,,,,,
PNP,,,CMPK1,ZNF107,,,,,,,,,,,,,,,
SMC1A,,,MIR4527HG,PAXBP1-AS1,,,,,,,,,,,,,,,
SV2B,,,ZNRF4,HOXD11,,,,,,,,,,,,,,,
ZNF345,,,POU4F1,PCDHB19P,,,,,,,,,,,,,,,
CHD6,,,LINC02511,PHC2,,,,,,,,,,,,,,,
ASPH,,,TRIM40,GPR17,,,,,,,,,,,,,,,
SSU72,,,SAT1,ZNF212,,,,,,,,,,,,,,,
ANKRD37,,,SYT3,ZNF655,,,,,,,,,,,,,,,
POLA2,,,RN7SL832P,SLC8A3,,,,,,,,,,,,,,,
C1GALT1C1L,,,ITGB1-DT,ZKSCAN4,,,,,,,,,,,,,,,
SEC61A2,,,FBXO28,RNF5P1,,,,,,,,,,,,,,,
PRXL2C,,,MIER1,HERPUD2,,,,,,,,,,,,,,,
TUBB6,,,BBC3,UPF3A,,,,,,,,,,,,,,,
SPHK1,,,ITM2A,HIPK2,,,,,,,,,,,,,,,
DCUN1D3,,,ATP9A,ZBTB39,,,,,,,,,,,,,,,
AK1,,,ATE1,KIF1B,,,,,,,,,,,,,,,
VN1R4,,,SGO1-AS1,PRR3,,,,,,,,,,,,,,,
CARHSP1,,,ERVV-1,TRIM71,,,,,,,,,,,,,,,
NARS2,,,FAM170A,MAPKAPK5,,,,,,,,,,,,,,,
EVA1C,,,SFTPA1,MIER3,,,,,,,,,,,,,,,
OAZ1,,,MBNL2,COL20A1,,,,,,,,,,,,,,,
LRRC30,,,ZNHIT1,CUL7,,,,,,,,,,,,,,,
CASQ1,,,SMIM20,NLGN3,,,,,,,,,,,,,,,
CNTN4,,,FAM156A,EIF2AK1,,,,,,,,,,,,,,,
ZNF17,,,FAM156B,NACAD,,,,,,,,,,,,,,,
SETDB2,,,ARMT1,SCARNA27,,,,,,,,,,,,,,,
RMDN1,,,KRT8P11,SPRY4,,,,,,,,,,,,,,,
ZFYVE21,,,KANSL1L-AS1,ZNF660,,,,,,,,,,,,,,,
SP8,,,RNF168,TUBA1A,,,,,,,,,,,,,,,
SAMD11,,,LAMTOR4,FIGNL2,,,,,,,,,,,,,,,
FMO5,,,CCDC171,ZNF451,,,,,,,,,,,,,,,
EYA1,,,TNFAIP2,NRXN2,,,,,,,,,,,,,,,
LITATS1,,,ZNF365,MGA,,,,,,,,,,,,,,,
REEP2,,,CCDC15,NUP153,,,,,,,,,,,,,,,
PYGL,,,BAG4,GATAD2B,,,,,,,,,,,,,,,
MIR1238,,,FYB2,MIR656,,,,,,,,,,,,,,,
MOB1A,,,KLHL34,PLAGL2,,,,,,,,,,,,,,,
ELK3,,,POLR2J3,PHF14,,,,,,,,,,,,,,,
TK1,,,ARMC2,TNRC6C,,,,,,,,,,,,,,,
TBC1D2,,,PCDH17,POM121C,,,,,,,,,,,,,,,
RCN3,,,CUZD1,MEX3A,,,,,,,,,,,,,,,
PGBD2,,,POLR2J2,TPTE2P5,,,,,,,,,,,,,,,
MOB3A,,,PDCD1,MIR4642,,,,,,,,,,,,,,,
AK2,,,MAP1LC3B,CEP41,,,,,,,,,,,,,,,
TBXA2R,,,LINC00051,PDS5B,,,,,,,,,,,,,,,
EFHD2,,,CDKN1B,PADI3,,,,,,,,,,,,,,,
AURKB,,,LINC01785,MED28,,,,,,,,,,,,,,,
SLC2A4RG,,,WSB2,ZNF629,,,,,,,,,,,,,,,
PSMD11,,,TPM3P8,CCT6P3,,,,,,,,,,,,,,,
AUNIP,,,SLIT1-AS1,BMERB1,,,,,,,,,,,,,,,
ZSCAN31,,,TMEM212,THSD7A,,,,,,,,,,,,,,,
ABTB2,,,MRPL22,LMO1,,,,,,,,,,,,,,,
SPA17,,,ARHGAP19,PREX2,,,,,,,,,,,,,,,
PARP15,,,PSD,SREK1,,,,,,,,,,,,,,,
PCLO,,,FLACC1,PATZ1,,,,,,,,,,,,,,,
PHF19,,,ACBD5,PHF12,,,,,,,,,,,,,,,
TGM3,,,CYB5B,YWHAEP1,,,,,,,,,,,,,,,
RSRP1,,,RNLS,LOC100130298,,,,,,,,,,,,,,,
PTTG1,,,SATB2,CBX5,,,,,,,,,,,,,,,
WDR70,,,ZNF575,BACH1,,,,,,,,,,,,,,,
KRTAP13-2,,,ENTPD1-AS1,MADD,,,,,,,,,,,,,,,
PDGFA,,,ZNF486,ZNF708,,,,,,,,,,,,,,,
FCHO1,,,ARSG,PHF21B,,,,,,,,,,,,,,,
DAP,,,SPACA7,CSRNP2,,,,,,,,,,,,,,,
TRIM7,,,NBPF4,TRIM17,,,,,,,,,,,,,,,
GK,,,NBPF6,SHD,,,,,,,,,,,,,,,
HDAC8,,,NBEAP4,ITPRID2,,,,,,,,,,,,,,,
ZDHHC16,,,CCNA1,CHD7,,,,,,,,,,,,,,,
ST3GAL1,,,VAC14-AS1,ZBED10P,,,,,,,,,,,,,,,
YAF2,,,FAHD2B,THSD7B,,,,,,,,,,,,,,,
PANX2,,,PWRN2,ZDHHC4,,,,,,,,,,,,,,,
GEM,,,CSGALNACT2,CHAMP1,,,,,,,,,,,,,,,
RFLNB,,,RBFOX3,BMPER,,,,,,,,,,,,,,,
BCAP29,,,NCOA1,CACNA1C,,,,,,,,,,,,,,,
FMO4,,,AKAIN1,SIM2,,,,,,,,,,,,,,,
CHN2,,,ARHGEF10L,NDRG4,,,,,,,,,,,,,,,
SERPINB8,,,FAM9A,PAK2,,,,,,,,,,,,,,,
PSMC3,,,TOMM7,GTF2IP4,,,,,,,,,,,,,,,
RPP38,,,NKX1-2,DUSP26,,,,,,,,,,,,,,,
SRR,,,LINC00662,ZNF746,,,,,,,,,,,,,,,
LRRC58,,,SLC30A6,SLC4A5,,,,,,,,,,,,,,,
,,,PHYH,MIR10A,,,,,,,,,,,,,,,
,,,SLC2A13,STAR,,,,,,,,,,,,,,,
,,,IFNA1,ZSCAN29,,,,,,,,,,,,,,,
,,,UQCRQ,ZSCAN16,,,,,,,,,,,,,,,
,,,LBX1-AS1,ASIC4,,,,,,,,,,,,,,,
,,,OVAAL,RSBN1,,,,,,,,,,,,,,,
,,,RIPK4,LIPE-AS1,,,,,,,,,,,,,,,
,,,PILRB,DLK1,,,,,,,,,,,,,,,
,,,STAG3L5P-PVRIG2P-PILRB,PDZD2,,,,,,,,,,,,,,,
,,,TMEM38A,DLX6,,,,,,,,,,,,,,,
,,,LINC01362,PRDM4,,,,,,,,,,,,,,,
,,,PLB1,LOC284412,,,,,,,,,,,,,,,
,,,AHCTF1P1,HMGB1,,,,,,,,,,,,,,,
,,,ARMC10,SPATA31H1,,,,,,,,,,,,,,,
,,,ARMC10P1,MEG9,,,,,,,,,,,,,,,
,,,HSFX3,AURKC,,,,,,,,,,,,,,,
,,,HSFX4,TAGLN3,,,,,,,,,,,,,,,
,,,NDUFA4,EVC2,,,,,,,,,,,,,,,
,,,GTF2A1,YTHDC1,,,,,,,,,,,,,,,
,,,SLC25A16,NAV1,,,,,,,,,,,,,,,
,,,MSC,BRAP,,,,,,,,,,,,,,,
,,,GPC1-AS1,GAP43,,,,,,,,,,,,,,,
,,,TECPR1,KLHL7,,,,,,,,,,,,,,,
,,,ATP2C1,TIA1,,,,,,,,,,,,,,,
,,,LINC02925,CCDC163,,,,,,,,,,,,,,,
,,,MIR222HG,TRA2A,,,,,,,,,,,,,,,
,,,ANK2,LRIF1,,,,,,,,,,,,,,,
,,,SMAD2,ZIK1,,,,,,,,,,,,,,,
,,,RBBP7,UBN2,,,,,,,,,,,,,,,
,,,MIR221,ZNF223,,,,,,,,,,,,,,,
,,,LINC01088,BRSK1,,,,,,,,,,,,,,,
,,,HEXA-AS1,ZNF398,,,,,,,,,,,,,,,
,,,MAMSTR,GUSBP4,,,,,,,,,,,,,,,
,,,PRX,ZKSCAN2,,,,,,,,,,,,,,,
,,,SLC2A1-DT,CNOT4,,,,,,,,,,,,,,,
,,,NADSYN1,PRECSIT,,,,,,,,,,,,,,,
,,,NUDT2,ACSM4,,,,,,,,,,,,,,,
,,,SLC51B,CHRNA3,,,,,,,,,,,,,,,
,,,PLEKHA1,ARHGEF2,,,,,,,,,,,,,,,
,,,LINC02028,ZSCAN25,,,,,,,,,,,,,,,
,,,NIPAL2,DPY19L3,,,,,,,,,,,,,,,
,,,CSF2,RUNDC3A,,,,,,,,,,,,,,,
,,,ZNF674-AS1,CORO2B,,,,,,,,,,,,,,,
,,,TRIM41,MED20,,,,,,,,,,,,,,,
,,,MPZL3,TMEM59L,,,,,,,,,,,,,,,
,,,CSPG4,OR1Q1,,,,,,,,,,,,,,,
,,,SNRPF-DT,PASK,,,,,,,,,,,,,,,
,,,CLRN1,KDM5A,,,,,,,,,,,,,,,
,,,SPEM2,ALOX15,,,,,,,,,,,,,,,
,,,POLR3E,MUC15,,,,,,,,,,,,,,,
,,,ABCB8,ARIH2,,,,,,,,,,,,,,,
,,,PSG9,ZNF490,,,,,,,,,,,,,,,
,,,CTNNA1P1,BOD1L1,,,,,,,,,,,,,,,
,,,ANGPTL3,MAPK8,,,,,,,,,,,,,,,
,,,MAGED2,NRF1,,,,,,,,,,,,,,,
,,,ITPA,ANKLE2,,,,,,,,,,,,,,,
,,,ARSK,ZNF805,,,,,,,,,,,,,,,
,,,FKBP5,GFOD3P,,,,,,,,,,,,,,,
,,,DTNA,SART3,,,,,,,,,,,,,,,
,,,ZNRD2-DT,GPBP1,,,,,,,,,,,,,,,
,,,HNRNPKP4,INTS15,,,,,,,,,,,,,,,
,,,FAM149B1,HAUS3,,,,,,,,,,,,,,,
,,,VN1R108P,SLC22A23,,,,,,,,,,,,,,,
,,,PLEKHG7,HIPK1,,,,,,,,,,,,,,,
,,,MTTP,RTL5,,,,,,,,,,,,,,,
,,,GOLGA4-AS1,PROSER1,,,,,,,,,,,,,,,
,,,TGFBR1,RBM26,,,,,,,,,,,,,,,
,,,SLC33A1,TCAF1,,,,,,,,,,,,,,,
,,,TMEM64,GSK3B,,,,,,,,,,,,,,,
,,,PAX8,GDF6,,,,,,,,,,,,,,,
,,,LINC01399,DMTF1,,,,,,,,,,,,,,,
,,,POLE4,LRRC4C,,,,,,,,,,,,,,,
,,,WDR35-DT,FOXN4,,,,,,,,,,,,,,,
,,,DENND11,CCT6P1,,,,,,,,,,,,,,,
,,,TGM7,SP1,,,,,,,,,,,,,,,
,,,LINC01654,JARID2,,,,,,,,,,,,,,,
,,,LINC01101,SP4,,,,,,,,,,,,,,,
,,,FBXL12,NTSR1,,,,,,,,,,,,,,,
,,,RNF11,RNF111,,,,,,,,,,,,,,,
,,,REEP3,ANKRD10,,,,,,,,,,,,,,,
,,,UBA2,RSRC2,,,,,,,,,,,,,,,
,,,UBE2U,CADM4,,,,,,,,,,,,,,,
,,,FNDC3A,SIGLEC15,,,,,,,,,,,,,,,
,,,KRT8P17,ZNF606,,,,,,,,,,,,,,,
,,,FER1L5,ZSCAN26,,,,,,,,,,,,,,,
,,,ZNF25,SALL2,,,,,,,,,,,,,,,
,,,FAM186A,PRP4K,,,,,,,,,,,,,,,
,,,BUB3,VAT1L,,,,,,,,,,,,,,,
,,,PRDM4-AS1,RBAK,,,,,,,,,,,,,,,
,,,PPP1R15A,ZNF77,,,,,,,,,,,,,,,
,,,SLC22A5,TRIM13,,,,,,,,,,,,,,,
,,,HNF4A,KDM3A,,,,,,,,,,,,,,,
,,,LINC01442,PMS2P3,,,,,,,,,,,,,,,
,,,TRIM56,YEATS2,,,,,,,,,,,,,,,
,,,CST13P,TUT4,,,,,,,,,,,,,,,
,,,DYRK1A,ZXDC,,,,,,,,,,,,,,,
,,,ARHGDIB,EDN1,,,,,,,,,,,,,,,
,,,RNF2,MSI1,,,,,,,,,,,,,,,
,,,IDH1,BEX1,,,,,,,,,,,,,,,
,,,SPANXA2-OT1,ZKSCAN7,,,,,,,,,,,,,,,
,,,B3GAT3,ZNF831,,,,,,,,,,,,,,,
,,,GPR26,HNRNPD,,,,,,,,,,,,,,,
,,,PHKA2,GABPB1,,,,,,,,,,,,,,,
,,,ZNF610,SF3B1,,,,,,,,,,,,,,,
,,,ALB,TAFA1,,,,,,,,,,,,,,,
,,,SET,MTMR3,,,,,,,,,,,,,,,
,,,MIRLET7A1HG,LCORL,,,,,,,,,,,,,,,
,,,MIRLET7D,SPRED2,,,,,,,,,,,,,,,
,,,SEPTIN7P9,LRRC37B,,,,,,,,,,,,,,,
,,,FBXO30,TP53BP1,,,,,,,,,,,,,,,
,,,PDXP-DT,NIPBL,,,,,,,,,,,,,,,
,,,CCDC144A,KMT2E,,,,,,,,,,,,,,,
,,,SOAT1,PGBD1,,,,,,,,,,,,,,,
,,,CEP72-DT,RLF,,,,,,,,,,,,,,,
,,,LINC02186,RBM33,,,,,,,,,,,,,,,
,,,CDC73,ZNF195,,,,,,,,,,,,,,,
,,,SLC16A6P1,CDH13,,,,,,,,,,,,,,,
,,,LINC02627,TRAM2-AS1,,,,,,,,,,,,,,,
,,,TRIM52,MIR181C,,,,,,,,,,,,,,,
,,,SSTR5,LRRC49,,,,,,,,,,,,,,,
,,,OSBPL11,RBP1,,,,,,,,,,,,,,,
,,,SNORA11,SLC35F1,,,,,,,,,,,,,,,
,,,MIR122,CYRIA,,,,,,,,,,,,,,,
,,,LINC02885,PDE6B,,,,,,,,,,,,,,,
,,,CABS1,HOXC12,,,,,,,,,,,,,,,
,,,ATP5MF,BLOC1S6,,,,,,,,,,,,,,,
,,,POM121L2,ZNF730,,,,,,,,,,,,,,,
,,,CAB39L,TTBK1,,,,,,,,,,,,,,,
,,,GFAP,LOC644189,,,,,,,,,,,,,,,
,,,VNN3P,NCOA5,,,,,,,,,,,,,,,
,,,B3GAT3P1,CUL1,,,,,,,,,,,,,,,
,,,ACSS1,LETM2,,,,,,,,,,,,,,,
,,,PPP6R2,CENPJ,,,,,,,,,,,,,,,
,,,SERPINA10,CRAMP1,,,,,,,,,,,,,,,
,,,SAMD8,HOXD3,,,,,,,,,,,,,,,
,,,RAB7A,SFPQ,,,,,,,,,,,,,,,
,,,RAB4A,KBTBD2,,,,,,,,,,,,,,,
,,,MAPK9,LOC400940,,,,,,,,,,,,,,,
,,,SNHG25,IRS2,,,,,,,,,,,,,,,
,,,SNORD104,XPO5,,,,,,,,,,,,,,,
,,,ZAR1,ADNP2,,,,,,,,,,,,,,,
,,,RPH3AL-AS2,CCDC93,,,,,,,,,,,,,,,
,,,DEFB119,TP53BP2,,,,,,,,,,,,,,,
,,,LINC02237,TNKS,,,,,,,,,,,,,,,
,,,SEC23A,GRIP2,,,,,,,,,,,,,,,
,,,CD300LB,GDAP1L1,,,,,,,,,,,,,,,
,,,LINC00659,MMP9,,,,,,,,,,,,,,,
,,,XYLT1,FAM193A,,,,,,,,,,,,,,,
,,,PSG11,LINC00954,,,,,,,,,,,,,,,
,,,LINC01097,MEIS3,,,,,,,,,,,,,,,
,,,RNASEH2B,CTTNBP2NL,,,,,,,,,,,,,,,
,,,NDUFA2,TPTE,,,,,,,,,,,,,,,
,,,ANP32CP,CTDSP2,,,,,,,,,,,,,,,
,,,SELENOH,ATP6V1B1,,,,,,,,,,,,,,,
,,,GTF2A1-AS1,STRIP1,,,,,,,,,,,,,,,
,,,RPS11,AUTS2,,,,,,,,,,,,,,,
,,,IDH3B,CBX1,,,,,,,,,,,,,,,
,,,CPSF2,APAF1,,,,,,,,,,,,,,,
,,,SLC39A6,MKS1,,,,,,,,,,,,,,,
,,,PSEN2,NEMP1,,,,,,,,,,,,,,,
,,,PBX4,CDK13,,,,,,,,,,,,,,,
,,,VPREB1,IPW,,,,,,,,,,,,,,,
,,,ZNF552,ARID3B,,,,,,,,,,,,,,,
,,,SRGAP2B,DTX3,,,,,,,,,,,,,,,
,,,SRGAP2C,BRD2,,,,,,,,,,,,,,,
,,,DSCAM,CRY1,,,,,,,,,,,,,,,
,,,ZRANB1,BPTF,,,,,,,,,,,,,,,
,,,SLC9C2,HOXC13-AS,,,,,,,,,,,,,,,
,,,NUS1P2,LRCH1,,,,,,,,,,,,,,,
,,,NUS1P3,AFAP1,,,,,,,,,,,,,,,
,,,EML2,EPC2,,,,,,,,,,,,,,,
,,,ITGB8,IGFN1,,,,,,,,,,,,,,,
,,,ZNHIT6,KRAS,,,,,,,,,,,,,,,
,,,PRKAR1AP1,CABP4,,,,,,,,,,,,,,,
,,,BOC,MIR320E,,,,,,,,,,,,,,,
,,,NHLRC2,DNAH10,,,,,,,,,,,,,,,
,,,XPNPEP1,SYNGAP1,,,,,,,,,,,,,,,
,,,ANAPC15,ZFAND3,,,,,,,,,,,,,,,
,,,RAB33B,ZNF714,,,,,,,,,,,,,,,
,,,HINT1,RUBCNL,,,,,,,,,,,,,,,
,,,CEBPA-DT,MIR4323,,,,,,,,,,,,,,,
,,,ERCC6,SUPT20H,,,,,,,,,,,,,,,
,,,GOSR2-DT,BRPF3,,,,,,,,,,,,,,,
,,,AFAP1L2,CEP95,,,,,,,,,,,,,,,
,,,PRKAG2-AS2,ZNF311,,,,,,,,,,,,,,,
,,,KIFBP,PRPF40A,,,,,,,,,,,,,,,
,,,RBM19,PHTF1,,,,,,,,,,,,,,,
,,,EMP2,SETD9,,,,,,,,,,,,,,,
,,,LINC01581,DDX39B,,,,,,,,,,,,,,,
,,,RASA4CP,AP4M1,,,,,,,,,,,,,,,
,,,C10orf88,KIAA1549,,,,,,,,,,,,,,,
,,,LINC02873,ILF3,,,,,,,,,,,,,,,
,,,KCNH7-AS1,LINC00265,,,,,,,,,,,,,,,
,,,BLZF1,PCGF3,,,,,,,,,,,,,,,
,,,BTF3P11,RASL10A,,,,,,,,,,,,,,,
,,,HMGB3P19,ZBTB9,,,,,,,,,,,,,,,
,,,ACAN,ZNF227,,,,,,,,,,,,,,,
,,,MUC5AC,FUS,,,,,,,,,,,,,,,
,,,CYP11B2,FRMD4A,,,,,,,,,,,,,,,
,,,PPIB,MKLN1,,,,,,,,,,,,,,,
,,,CEP55,RBM28,,,,,,,,,,,,,,,
,,,RPL26L1,EP400,,,,,,,,,,,,,,,
,,,RPL26P30,TPT1-AS1,,,,,,,,,,,,,,,
,,,TWF2-DT,KMT2C,,,,,,,,,,,,,,,
,,,KMT2E-AS1,CADM1,,,,,,,,,,,,,,,
,,,RTP1,KCNA2,,,,,,,,,,,,,,,
,,,ZNF780A,ZFR,,,,,,,,,,,,,,,
,,,CLEC3A,AGPAT4-IT1,,,,,,,,,,,,,,,
,,,SLC16A6,ANKRD61,,,,,,,,,,,,,,,
,,,LINC00307,TMEM121B,,,,,,,,,,,,,,,
,,,P4HA1,ITPRIPL1,,,,,,,,,,,,,,,
,,,SFTA2,GDAP2,,,,,,,,,,,,,,,
,,,EIF5A2,AGAP4,,,,,,,,,,,,,,,
,,,NHP2,DPY19L1P1,,,,,,,,,,,,,,,
,,,TMEM130,LINC00348,,,,,,,,,,,,,,,
,,,TTC1,FHL3,,,,,,,,,,,,,,,
,,,TNRC18P2,DCAF16,,,,,,,,,,,,,,,
,,,TNRC18P3,NSD3,,,,,,,,,,,,,,,
,,,SAMD15,SEMA6D,,,,,,,,,,,,,,,
,,,RNF217-AS1,SLC4A8,,,,,,,,,,,,,,,
,,,ZNF271P,ZCCHC8,,,,,,,,,,,,,,,
,,,C12orf75,LOC389765,,,,,,,,,,,,,,,
,,,NAA50,IGSF3,,,,,,,,,,,,,,,
,,,NRBP2,MAP2K1,,,,,,,,,,,,,,,
,,,SHISA7,ARNT2,,,,,,,,,,,,,,,
,,,SLC44A2,IGSF22,,,,,,,,,,,,,,,
,,,ZNF565,MIR4531,,,,,,,,,,,,,,,
,,,ASCC1,DDX18,,,,,,,,,,,,,,,
,,,DSCR9,ZSCAN21,,,,,,,,,,,,,,,
,,,NDUFAF5,VARS1,,,,,,,,,,,,,,,
,,,PCDHGA12,NHLH2,,,,,,,,,,,,,,,
,,,PCDHGA4,ZNF300,,,,,,,,,,,,,,,
,,,PCDHGA6,MYH1,,,,,,,,,,,,,,,
,,,PCDHGA7,KDM4A,,,,,,,,,,,,,,,
,,,PCDHGB1,MARS1,,,,,,,,,,,,,,,
,,,PCDHGB2,EFCAB10,,,,,,,,,,,,,,,
,,,PCDHGB3,ZSCAN23,,,,,,,,,,,,,,,
,,,PCDHGB4,SMURF2,,,,,,,,,,,,,,,
,,,FAR1P1,CACNB3,,,,,,,,,,,,,,,
,,,OTUD4,MAGI2,,,,,,,,,,,,,,,
,,,PCDHGB5,TEKT2,,,,,,,,,,,,,,,
,,,TMX2,CLASP1,,,,,,,,,,,,,,,
,,,CHIA,METTL24,,,,,,,,,,,,,,,
,,,PCDHGA1,KAT6A,,,,,,,,,,,,,,,
,,,PCDHGA2,SCRN1,,,,,,,,,,,,,,,
,,,PCDHGA3,ERCC3,,,,,,,,,,,,,,,
,,,GPHN,MIPEPP3,,,,,,,,,,,,,,,
,,,PCDHGA9,LOC100288069,,,,,,,,,,,,,,,
,,,PCDHGB6,ZNF225-AS1,,,,,,,,,,,,,,,
,,,PCDHGA11,ZNF333,,,,,,,,,,,,,,,
,,,CHL1,FGD5P1,,,,,,,,,,,,,,,
,,,PGAM4,IRGQ,,,,,,,,,,,,,,,
,,,LINC00305,RCOR2,,,,,,,,,,,,,,,
,,,HIF1AN,PCDH12,,,,,,,,,,,,,,,
,,,LINC00837,PRPF38B,,,,,,,,,,,,,,,
,,,GSG1,RSBN1L,,,,,,,,,,,,,,,
,,,NISCH,RNF157,,,,,,,,,,,,,,,
,,,PCDHGC3,STARD7-AS1,,,,,,,,,,,,,,,
,,,PCDHGC5,SNRNP200,,,,,,,,,,,,,,,
,,,PCDHGC4,ZNF384,,,,,,,,,,,,,,,
,,,LINC01618,ZNF154,,,,,,,,,,,,,,,
,,,LINC01122,KMT2D,,,,,,,,,,,,,,,
,,,EVC,MVB12B,,,,,,,,,,,,,,,
,,,ATP5PO,PPP1R12A,,,,,,,,,,,,,,,
,,,FOXN2,ZNF627,,,,,,,,,,,,,,,
,,,OR1E1,DEK,,,,,,,,,,,,,,,
,,,PAXIP1-DT,BCAR3,,,,,,,,,,,,,,,
,,,LINC02064,ACRV1,,,,,,,,,,,,,,,
,,,SPATA45,PHC1,,,,,,,,,,,,,,,
,,,SLC25A24,CUL9,,,,,,,,,,,,,,,
,,,ADSS2,ZNF253,,,,,,,,,,,,,,,
,,,NUS1P1,MMP12,,,,,,,,,,,,,,,
,,,LINC01706,RTL6,,,,,,,,,,,,,,,
,,,SLC38A2-AS1,SMARCAD1,,,,,,,,,,,,,,,
,,,MARCHF8,MORC2-AS1,,,,,,,,,,,,,,,
,,,ERGIC2,TAFA2,,,,,,,,,,,,,,,
,,,CFAP299,PUM1,,,,,,,,,,,,,,,
,,,SFR1,CMTR1,,,,,,,,,,,,,,,
,,,COPS8,CLEC4F,,,,,,,,,,,,,,,
,,,CARNMT1,IGF2BP2,,,,,,,,,,,,,,,
,,,IQCF5,KLHDC10,,,,,,,,,,,,,,,
,,,HACD4,CUL3,,,,,,,,,,,,,,,
,,,OSTCP1,ZNF596,,,,,,,,,,,,,,,
,,,LINC02833,RBM17,,,,,,,,,,,,,,,
,,,P2RY14,TEAD3,,,,,,,,,,,,,,,
,,,MGST2,NFYA,,,,,,,,,,,,,,,
,,,SRGAP3-AS2,ZBTB12,,,,,,,,,,,,,,,
,,,HPD,RERE,,,,,,,,,,,,,,,
,,,GASK1A,KLF12,,,,,,,,,,,,,,,
,,,ACOT8,GALNT8,,,,,,,,,,,,,,,
,,,ZNF73P,ACVR1B,,,,,,,,,,,,,,,
,,,EML2-AS1,RIPK1,,,,,,,,,,,,,,,
,,,XPA,MCM7,,,,,,,,,,,,,,,
,,,CRACD,ZNF417,,,,,,,,,,,,,,,
,,,TRBV25-1,DUS4L,,,,,,,,,,,,,,,
,,,GGPS1,HNRNPA2B1,,,,,,,,,,,,,,,
,,,CLCN3,USP3,,,,,,,,,,,,,,,
,,,TRIP10,CTDSPL2,,,,,,,,,,,,,,,
,,,PIP4K2C,KCNIP4,,,,,,,,,,,,,,,
,,,GSTM1,CRKL,,,,,,,,,,,,,,,
,,,GSTM2,HOTAIRM1,,,,,,,,,,,,,,,
,,,RP1,DPF1,,,,,,,,,,,,,,,
,,,TMEM182,MYADML2,,,,,,,,,,,,,,,
,,,C18orf54,ZBED4,,,,,,,,,,,,,,,
,,,FOXD1,DCP1A,,,,,,,,,,,,,,,
,,,PILRA,SLC14A1,,,,,,,,,,,,,,,
,,,SLC26A1,ZNF268,,,,,,,,,,,,,,,
,,,LINC00161,GUSBP3,,,,,,,,,,,,,,,
,,,DHFRP3,H4C5,,,,,,,,,,,,,,,
,,,ARL5A,BUD31,,,,,,,,,,,,,,,
,,,PCDHGB7,NPY,,,,,,,,,,,,,,,
,,,BRD8,RGS6,,,,,,,,,,,,,,,
,,,LINC01082,CDC42SE1,,,,,,,,,,,,,,,
,,,UMODL1,KIAA0753,,,,,,,,,,,,,,,
,,,TOR1AIP1,ZNF140,,,,,,,,,,,,,,,
,,,FAHD2A,ZNF697,,,,,,,,,,,,,,,
,,,PSMD5,ZNF587,,,,,,,,,,,,,,,
,,,NAV2-AS5,LINC00654,,,,,,,,,,,,,,,
,,,TIAM1,RFX7,,,,,,,,,,,,,,,
,,,MIR133A1,ZNF555,,,,,,,,,,,,,,,
,,,HDAC9,IGSF9B,,,,,,,,,,,,,,,
,,,CDIPTOSP,DDR1,,,,,,,,,,,,,,,
,,,PHLDA1-DT,TLK2,,,,,,,,,,,,,,,
,,,SMARCA1,ZNF516,,,,,,,,,,,,,,,
,,,CASC11,GRIK1,,,,,,,,,,,,,,,
,,,PPP1R13B,KDM5B,,,,,,,,,,,,,,,
,,,NAALADL2-AS3,KDM7A,,,,,,,,,,,,,,,
,,,BVES,HOXC11,,,,,,,,,,,,,,,
,,,ACBD3,HEYL,,,,,,,,,,,,,,,
,,,ACADM,TFCP2,,,,,,,,,,,,,,,
,,,MIR934,RALA,,,,,,,,,,,,,,,
,,,TMSB4X,SPDYE3,,,,,,,,,,,,,,,
,,,TMSB4XP6,VANGL2,,,,,,,,,,,,,,,
,,,TMSB4XP8,HAUS2,,,,,,,,,,,,,,,
,,,IPP,WDR86,,,,,,,,,,,,,,,
,,,LINC02203,HOOK3,,,,,,,,,,,,,,,
,,,CEP97,ZNF548,,,,,,,,,,,,,,,
,,,ATL2,AGFG1,,,,,,,,,,,,,,,
,,,YES1,COX19,,,,,,,,,,,,,,,
,,,KCTD9,TRIM33,,,,,,,,,,,,,,,
,,,ADAM21,ATXN7L2,,,,,,,,,,,,,,,
,,,NACA4P,C2orf68,,,,,,,,,,,,,,,
,,,EPN2-AS1,MAGEA10,,,,,,,,,,,,,,,
,,,DCLRE1A,CLSTN3,,,,,,,,,,,,,,,
,,,KCNH6,NCOR1P1,,,,,,,,,,,,,,,
,,,OSTM1,SPEN,,,,,,,,,,,,,,,
,,,FAM161B,NANOS3,,,,,,,,,,,,,,,
,,,ANKRD31,MBD5,,,,,,,,,,,,,,,
,,,TRMT1L,RIF1,,,,,,,,,,,,,,,
,,,SOCS5,ZSCAN32,,,,,,,,,,,,,,,
,,,MTCO2P34,ZNF304,,,,,,,,,,,,,,,
,,,PDZD8,ZNF45,,,,,,,,,,,,,,,
,,,SULT1A3,FGFR1OP2,,,,,,,,,,,,,,,
,,,SULT1A4,NOL4L,,,,,,,,,,,,,,,
,,,CDK5RAP3,GRK4,,,,,,,,,,,,,,,
,,,IL13RA1,ZNF200,,,,,,,,,,,,,,,
,,,HECTD2,SPRY2,,,,,,,,,,,,,,,
,,,LIM2,LINC01203,,,,,,,,,,,,,,,
,,,ANKRD13C,ENC1,,,,,,,,,,,,,,,
,,,SLC25A47,ZBTB49,,,,,,,,,,,,,,,
,,,KCNH3,LY6S-AS1,,,,,,,,,,,,,,,
,,,MORC1,MPHOSPH10,,,,,,,,,,,,,,,
,,,ROR1-AS1,AGAP2,,,,,,,,,,,,,,,
,,,BVES-AS1,RPAIN,,,,,,,,,,,,,,,
,,,GPR37L1,ADCY6,,,,,,,,,,,,,,,
,,,CDK5R2-AS1,ZNF783,,,,,,,,,,,,,,,
,,,NOBOX,RGL2,,,,,,,,,,,,,,,
,,,MYB,LINC01000,,,,,,,,,,,,,,,
,,,NDUFA1,KBTBD6,,,,,,,,,,,,,,,
,,,KRT7-AS,SUGP2,,,,,,,,,,,,,,,
,,,FOXS1,ADAMTS9-AS2,,,,,,,,,,,,,,,
,,,VGLL1,ZDHHC17,,,,,,,,,,,,,,,
,,,LINC01896,ZNF800,,,,,,,,,,,,,,,
,,,LINC02372,NAA16,,,,,,,,,,,,,,,
,,,TPM3P4,ZMYM4,,,,,,,,,,,,,,,
,,,BPESC1,GTPBP2,,,,,,,,,,,,,,,
,,,ZPBP2,LRRC37A3,,,,,,,,,,,,,,,
,,,ADAM9,MDC1,,,,,,,,,,,,,,,
,,,LY86-AS1,ARHGEF7,,,,,,,,,,,,,,,
,,,OBP2B,CRABP1,,,,,,,,,,,,,,,
,,,PTPRK,PIANP,,,,,,,,,,,,,,,
,,,ACTR3P2,ZNF507,,,,,,,,,,,,,,,
,,,B3GNT8,SRPK1,,,,,,,,,,,,,,,
,,,MIR124-2HG,RANBP9,,,,,,,,,,,,,,,
,,,PJVK,ATP8A2,,,,,,,,,,,,,,,
,,,NXPE3,ZNF594,,,,,,,,,,,,,,,
,,,MARCHF3,KIF21B,,,,,,,,,,,,,,,
,,,LINC01270,ATAD2B,,,,,,,,,,,,,,,
,,,TUB,CILK1,,,,,,,,,,,,,,,
,,,NGF,PAXBP1,,,,,,,,,,,,,,,
,,,MPP1,MIR410,,,,,,,,,,,,,,,
,,,SYNC,DNMT3A,,,,,,,,,,,,,,,
,,,FAM171B,GTF2H4,,,,,,,,,,,,,,,
,,,MPPED2,E2F3,,,,,,,,,,,,,,,
,,,LINC02770,EIF4ENIF1,,,,,,,,,,,,,,,
,,,ATP6V0E1,SPINK2,,,,,,,,,,,,,,,
,,,MIR449A,RP9,,,,,,,,,,,,,,,
,,,SCARB2,MED13L,,,,,,,,,,,,,,,
,,,LINC02274,SRSF3,,,,,,,,,,,,,,,
,,,PCDHGA8,ZNF528,,,,,,,,,,,,,,,
,,,ANKRD2,SGPL1,,,,,,,,,,,,,,,
,,,NSUN5P1,LUC7L3,,,,,,,,,,,,,,,
,,,APOA4,ZKSCAN1,,,,,,,,,,,,,,,
,,,AZGP1,WBP1,,,,,,,,,,,,,,,
,,,LINC00433,KIF2A,,,,,,,,,,,,,,,
,,,SQOR,ORAI2,,,,,,,,,,,,,,,
,,,LINC00881,NOL9,,,,,,,,,,,,,,,
,,,FFAR4,CCAR2,,,,,,,,,,,,,,,
,,,TRAPPC2B,TYW1B,,,,,,,,,,,,,,,
,,,TSPAN16,PRDM2,,,,,,,,,,,,,,,
,,,GALP,DCUN1D2,,,,,,,,,,,,,,,
,,,SAPCD1,MCF2L-AS1,,,,,,,,,,,,,,,
,,,PXDNL,ASB3,,,,,,,,,,,,,,,
,,,TSNAX,KNTC1,,,,,,,,,,,,,,,
,,,NSUN5P2,BCAT1,,,,,,,,,,,,,,,
,,,SLC22A14,ACVR2A,,,,,,,,,,,,,,,
,,,MBLAC2,HCG11,,,,,,,,,,,,,,,
,,,H2BC1,ETV6,,,,,,,,,,,,,,,
,,,PUM2,USP36,,,,,,,,,,,,,,,
,,,UGT2A1,ZNF326,,,,,,,,,,,,,,,
,,,UGT2A2,CCDC40,,,,,,,,,,,,,,,
,,,HOMER1,ANP32A,,,,,,,,,,,,,,,
,,,LYSMD3,ZSCAN12,,,,,,,,,,,,,,,
,,,LINC02426,ZNF701,,,,,,,,,,,,,,,
,,,OXSR1,HOXA5,,,,,,,,,,,,,,,
,,,LIPJ,DLX2,,,,,,,,,,,,,,,
,,,CFLAR,ACP6,,,,,,,,,,,,,,,
,,,DSPP,NSD2,,,,,,,,,,,,,,,
,,,KLK4,LMBR1,,,,,,,,,,,,,,,
,,,ACOT12,CCNJ,,,,,,,,,,,,,,,
,,,LINC03093,UBE3A,,,,,,,,,,,,,,,
,,,RPS6KC1,GPALPP1,,,,,,,,,,,,,,,
,,,RAB24,NUP93,,,,,,,,,,,,,,,
,,,CPS1-IT1,TMEM170B,,,,,,,,,,,,,,,
,,,CYP4A11,ZNF75A,,,,,,,,,,,,,,,
,,,CYP4A22,SETD5,,,,,,,,,,,,,,,
,,,METTL21C,KLF3-AS1,,,,,,,,,,,,,,,
,,,LINC00507,ING1,,,,,,,,,,,,,,,
,,,SPAG8,GZF1,,,,,,,,,,,,,,,
,,,CLCA3P,SCAND2P,,,,,,,,,,,,,,,
,,,MKKS,MYH3,,,,,,,,,,,,,,,
,,,PRR35,LAPTM4B,,,,,,,,,,,,,,,
,,,RNF170,TIMELESS,,,,,,,,,,,,,,,
,,,TFAP2C,CSNK2B,,,,,,,,,,,,,,,
,,,SRA1,RNF216P1,,,,,,,,,,,,,,,
,,,EPHA5,RAMP2-AS1,,,,,,,,,,,,,,,
,,,VAMP1,CHSY1,,,,,,,,,,,,,,,
,,,NPTN,STX18,,,,,,,,,,,,,,,
,,,OOSP2,ELAVL1,,,,,,,,,,,,,,,
,,,AZGP1P1,GRB2,,,,,,,,,,,,,,,
,,,H1-0,TSPY26P,,,,,,,,,,,,,,,
,,,CRYAA,DYNC2I1,,,,,,,,,,,,,,,
,,,GSAP,H2AZ2,,,,,,,,,,,,,,,
,,,VPS4B,ZNF821,,,,,,,,,,,,,,,
,,,TANGO6,ARID4B,,,,,,,,,,,,,,,
,,,REL-DT,RTF1,,,,,,,,,,,,,,,
,,,IMPG1,PPT2,,,,,,,,,,,,,,,
,,,ANKHD1-EIF4EBP3,TMEM248,,,,,,,,,,,,,,,
,,,PTCHD1-AS,MACROH2A2,,,,,,,,,,,,,,,
,,,WWC1,ZNF621,,,,,,,,,,,,,,,
,,,EFCAB14,PWAR5,,,,,,,,,,,,,,,
,,,TRIM23,DLX5,,,,,,,,,,,,,,,
,,,NALF1-IT1,ZGRF1,,,,,,,,,,,,,,,
,,,EXTL2,CBLL1,,,,,,,,,,,,,,,
,,,RNF130,ZNF812P,,,,,,,,,,,,,,,
,,,NAV3,RFX3,,,,,,,,,,,,,,,
,,,LINC02763,SULT1C4,,,,,,,,,,,,,,,
,,,EMC7,ZNF740,,,,,,,,,,,,,,,
,,,TBX20,ZNF146,,,,,,,,,,,,,,,
,,,PRKCA-AS1,FAM200A,,,,,,,,,,,,,,,
,,,GPHA2,RXRB,,,,,,,,,,,,,,,
,,,CZIB,UTP14C,,,,,,,,,,,,,,,
,,,LINC00504,SRRT,,,,,,,,,,,,,,,
,,,MRPL11,SNORD114-10,,,,,,,,,,,,,,,
,,,ALG13,GABPB1-AS1,,,,,,,,,,,,,,,
,,,FAM83C-AS1,ZNF609,,,,,,,,,,,,,,,
,,,SFMBT1,ZNF578,,,,,,,,,,,,,,,
,,,SPZ1,CNOT9,,,,,,,,,,,,,,,
,,,IFIT5,POLR2B,,,,,,,,,,,,,,,
,,,IDI2-AS1,KDM3B,,,,,,,,,,,,,,,
,,,OR1E2,FNBP1L,,,,,,,,,,,,,,,
,,,GABRR3,KANSL1,,,,,,,,,,,,,,,
,,,FAM187A,OPA1,,,,,,,,,,,,,,,
,,,LIPF,CENPV,,,,,,,,,,,,,,,
,,,RETNLB,RBM12,,,,,,,,,,,,,,,
,,,NPHS1,ZNF230,,,,,,,,,,,,,,,
,,,KANSL1L,PDZD4,,,,,,,,,,,,,,,
,,,CNST,RNF10,,,,,,,,,,,,,,,
,,,DOCK11,SORCS1,,,,,,,,,,,,,,,
,,,NEUROG2,XKR5,,,,,,,,,,,,,,,
,,,IYD,SHC3,,,,,,,,,,,,,,,
,,,SCIRT,PAK3,,,,,,,,,,,,,,,
,,,VGLL2,SLF2,,,,,,,,,,,,,,,
,,,MUSK,ZNF738,,,,,,,,,,,,,,,
,,,APOF,RBMX,,,,,,,,,,,,,,,
,,,SPAG11A,ZMYND8,,,,,,,,,,,,,,,
,,,SPAG11B,DHX15,,,,,,,,,,,,,,,
,,,FIS1,LRIG2,,,,,,,,,,,,,,,
,,,TWF1,LRRC57,,,,,,,,,,,,,,,
,,,LINC01484,PRRC2A,,,,,,,,,,,,,,,
,,,CLVS1,ATF7,,,,,,,,,,,,,,,
,,,SI,SLC35E2B,,,,,,,,,,,,,,,
,,,CARD16,PUS7,,,,,,,,,,,,,,,
,,,PTH,PAN2,,,,,,,,,,,,,,,
,,,MIR1227,TPP2,,,,,,,,,,,,,,,
,,,PLEKHJ1,TUBB,,,,,,,,,,,,,,,
,,,SRGAP2D,GNB1,,,,,,,,,,,,,,,
,,,OBP2A,ZNF43,,,,,,,,,,,,,,,
,,,BCAN-AS2,PARP6,,,,,,,,,,,,,,,
,,,NCKAP1,ZNF606-AS1,,,,,,,,,,,,,,,
,,,PRSS58,ZNF283,,,,,,,,,,,,,,,
,,,ATP5IF1,ZNF135,,,,,,,,,,,,,,,
,,,UBE2W,MCF2L2,,,,,,,,,,,,,,,
,,,HEATR5A,KRIT1,,,,,,,,,,,,,,,
,,,ZNF2,STARD4-AS1,,,,,,,,,,,,,,,
,,,MYO1A,REPIN1,,,,,,,,,,,,,,,
,,,FMC1,GPR173,,,,,,,,,,,,,,,
,,,CACNG6,RAD17,,,,,,,,,,,,,,,
,,,PDZD11,DDX47,,,,,,,,,,,,,,,
,,,LINC02150,HOXA6,,,,,,,,,,,,,,,
,,,ZNF347,RUFY4,,,,,,,,,,,,,,,
,,,LRFN2,GTF2I,,,,,,,,,,,,,,,
,,,FUT11,CCNT1,,,,,,,,,,,,,,,
,,,DIPK2A,ZNF229,,,,,,,,,,,,,,,
,,,SEPTIN10,LMNB1,,,,,,,,,,,,,,,
,,,SEPTIN10P1,CDC5L,,,,,,,,,,,,,,,
,,,SULT1A2,H1-4,,,,,,,,,,,,,,,
,,,CACUL1,ZNF136,,,,,,,,,,,,,,,
,,,TRIM66,NVL,,,,,,,,,,,,,,,
,,,LINC02225,TDG,,,,,,,,,,,,,,,
,,,ARHGAP12,NUP42,,,,,,,,,,,,,,,
,,,EMC4,UBR1,,,,,,,,,,,,,,,
,,,DEFB108A,TRIM9,,,,,,,,,,,,,,,
,,,DEFB108B,LMBR1L,,,,,,,,,,,,,,,
,,,DEFB108C,KANSL3,,,,,,,,,,,,,,,
,,,DEFB108F,SBNO1,,,,,,,,,,,,,,,
,,,RIPPLY1,TRO,,,,,,,,,,,,,,,
,,,TRPC5,VAX2,,,,,,,,,,,,,,,
,,,EPHB4,PLEKHG2,,,,,,,,,,,,,,,
,,,LINC01015,ZNF254,,,,,,,,,,,,,,,
,,,CIMIP4,WDR11,,,,,,,,,,,,,,,
,,,DR1,WRNIP1,,,,,,,,,,,,,,,
,,,DYNC1LI2-DT,KRT86,,,,,,,,,,,,,,,
,,,FAM177A1,LINC00900,,,,,,,,,,,,,,,
,,,COX5AP1,ARGLU1,,,,,,,,,,,,,,,
,,,SACM1L,ZNF264,,,,,,,,,,,,,,,
,,,TJP2,PTPN9,,,,,,,,,,,,,,,
,,,LINC02583,CHST14,,,,,,,,,,,,,,,
,,,GABPA,PI4KAP1,,,,,,,,,,,,,,,
,,,LINC00616,TYW1,,,,,,,,,,,,,,,
,,,DNAJC19,ATXN2,,,,,,,,,,,,,,,
,,,TMEM18,MPHOSPH8,,,,,,,,,,,,,,,
,,,VCAM1,KHDRBS1,,,,,,,,,,,,,,,
,,,LINC00382,SNRNP48,,,,,,,,,,,,,,,
,,,LAMA5,VASH1,,,,,,,,,,,,,,,
,,,ZBTB7C-AS2,HNRNPA0,,,,,,,,,,,,,,,
,,,BNIP3L,ZNF772,,,,,,,,,,,,,,,
,,,MCTP1,CCDC57,,,,,,,,,,,,,,,
,,,CDR2-DT,POLR1H,,,,,,,,,,,,,,,
,,,LINC01720,HECTD4,,,,,,,,,,,,,,,
,,,FNDC9,GCN1,,,,,,,,,,,,,,,
,,,PDZD9,XPO1,,,,,,,,,,,,,,,
,,,NUMA1,ADD1,,,,,,,,,,,,,,,
,,,ECT2,NIM1K,,,,,,,,,,,,,,,
,,,SSTR1,RBPJ,,,,,,,,,,,,,,,
,,,DNPEP,TCF12,,,,,,,,,,,,,,,
,,,JAM3,GDI1,,,,,,,,,,,,,,,
,,,RAD52P1,LOC100131289,,,,,,,,,,,,,,,
,,,GABPAP,GNL1,,,,,,,,,,,,,,,
,,,TPD52L1,NASP,,,,,,,,,,,,,,,
,,,INHBA-AS1,BCORL1,,,,,,,,,,,,,,,
,,,MAJIN,SNRPN,,,,,,,,,,,,,,,
,,,SNRNP70,CECR7,,,,,,,,,,,,,,,
,,,LINC01149,TNPO3,,,,,,,,,,,,,,,
,,,NETO2,RBM8A,,,,,,,,,,,,,,,
,,,CMIP,PHACTR4,,,,,,,,,,,,,,,
,,,KDM5C,COPG2,,,,,,,,,,,,,,,
,,,GIMAP1-GIMAP5,PRDM11,,,,,,,,,,,,,,,
,,,ZNF436-AS1,ZNF566,,,,,,,,,,,,,,,
,,,THAP1,SENP7,,,,,,,,,,,,,,,
,,,HAAO,REV1,,,,,,,,,,,,,,,
,,,TMEM167B,SNAP25,,,,,,,,,,,,,,,
,,,TAS2R3,NDE1,,,,,,,,,,,,,,,
,,,LENG1,ATP6V1G2,,,,,,,,,,,,,,,
,,,PDE9A-AS1,PWWP3A,,,,,,,,,,,,,,,
,,,COLGALT1,ZNF234,,,,,,,,,,,,,,,
,,,ABRAXAS2,DZANK1,,,,,,,,,,,,,,,
,,,AQP12A,ZFC3H1,,,,,,,,,,,,,,,
,,,AQP12B,KANSL2,,,,,,,,,,,,,,,
,,,THAP12P5,LIN54,,,,,,,,,,,,,,,
,,,SETP14,STK38,,,,,,,,,,,,,,,
,,,NEGR1-IT1,C14orf132,,,,,,,,,,,,,,,
,,,GPR149,SEPTIN7P2,,,,,,,,,,,,,,,
,,,LRTM1,TUBGCP4,,,,,,,,,,,,,,,
,,,SMIM2-AS1,LGALS8,,,,,,,,,,,,,,,
,,,PPP2R1A,ZNF100,,,,,,,,,,,,,,,
,,,SLC2A14,TCERG1,,,,,,,,,,,,,,,
,,,CCNT2-AS1,ZNF532,,,,,,,,,,,,,,,
,,,LYZL2,DMXL2,,,,,,,,,,,,,,,
,,,SERPINC1,OSGEPL1-AS1,,,,,,,,,,,,,,,
,,,SLC35G1,NELFE,,,,,,,,,,,,,,,
,,,STAU1,TGIF2,,,,,,,,,,,,,,,
,,,AEBP1,JMJD6,,,,,,,,,,,,,,,
,,,LINC01278,MIDN,,,,,,,,,,,,,,,
,,,ZBTB6,GNAS,,,,,,,,,,,,,,,
,,,ATRNL1,ZNF518A,,,,,,,,,,,,,,,
,,,SLCO1B3,TSPEAR,,,,,,,,,,,,,,,
,,,SLC38A1,CCNT2,,,,,,,,,,,,,,,
,,,FAHD2CP,THOC2,,,,,,,,,,,,,,,
,,,NDUFB2,GPR83,,,,,,,,,,,,,,,
,,,PKN2,ZMYM5,,,,,,,,,,,,,,,
,,,SNHG30,CSNK1G1,,,,,,,,,,,,,,,
,,,SNORD7,TARDBP,,,,,,,,,,,,,,,
,,,FOXA1,MIR25,,,,,,,,,,,,,,,
,,,SULT1A1,SOX5,,,,,,,,,,,,,,,
,,,PPAT,ZC3HAV1L,,,,,,,,,,,,,,,
,,,LINC00922,ZNF32-AS2,,,,,,,,,,,,,,,
,,,TMEM263,TCHP,,,,,,,,,,,,,,,
,,,ATM,JMJD1C,,,,,,,,,,,,,,,
,,,KRT18P50,LOC100294145,,,,,,,,,,,,,,,
,,,DCK,NUP54,,,,,,,,,,,,,,,
,,,TRAPPC2,ZBED5,,,,,,,,,,,,,,,
,,,MYH16,N4BP2L2-IT2,,,,,,,,,,,,,,,
,,,LINC01753,HNRNPA3,,,,,,,,,,,,,,,
,,,ARHGAP33,BLTP3A,,,,,,,,,,,,,,,
,,,C11orf97,AP3B2,,,,,,,,,,,,,,,
,,,PNO1,SAFB,,,,,,,,,,,,,,,
,,,ECHDC2,MSANTD2,,,,,,,,,,,,,,,
,,,ZCWPW2,ZNF138,,,,,,,,,,,,,,,
,,,NCOA7,ERBB3,,,,,,,,,,,,,,,
,,,LINC01180,POGZ,,,,,,,,,,,,,,,
,,,SMIM13,GPATCH8,,,,,,,,,,,,,,,
,,,ATP6V1D,PPIL1,,,,,,,,,,,,,,,
,,,PIK3CD-AS1,ADAM1A,,,,,,,,,,,,,,,
,,,ZNF546,PPIG,,,,,,,,,,,,,,,
,,,OR4M2-OT1,SF3A1,,,,,,,,,,,,,,,
,,,EGR4,UBR2,,,,,,,,,,,,,,,
,,,CPA6,ALG11,,,,,,,,,,,,,,,
,,,ZNF646,CCT6A,,,,,,,,,,,,,,,
,,,USH2A,DIP2A,,,,,,,,,,,,,,,
,,,NKX2-1-AS1,ZSCAN30,,,,,,,,,,,,,,,
,,,CYP2A13,ZNF775,,,,,,,,,,,,,,,
,,,GNL3LP1,BAIAP3,,,,,,,,,,,,,,,
,,,ABI1,LPAR4,,,,,,,,,,,,,,,
,,,ZIM3,MYSM1,,,,,,,,,,,,,,,
,,,LINC00624,DIXDC1,,,,,,,,,,,,,,,
,,,CHMP2B,LINC01116,,,,,,,,,,,,,,,
,,,AARS1,ZNF354C,,,,,,,,,,,,,,,
,,,SNAPC5P1,TOB2P1,,,,,,,,,,,,,,,
,,,SCAMP1,TTYH2,,,,,,,,,,,,,,,
,,,CLDN10-AS1,GATAD1,,,,,,,,,,,,,,,
,,,RAG1,HNRNPL,,,,,,,,,,,,,,,
,,,GOLGA5,DHX9,,,,,,,,,,,,,,,
,,,PAPOLB,GPCPD1,,,,,,,,,,,,,,,
,,,STARD7,ADAMTS7,,,,,,,,,,,,,,,
,,,GALNTL6,ZNF416,,,,,,,,,,,,,,,
,,,ENDOV,HUS1,,,,,,,,,,,,,,,
,,,LINC01541,SPSB4,,,,,,,,,,,,,,,
,,,EXOC8,ZNF10,,,,,,,,,,,,,,,
,,,RAD18,ASNS,,,,,,,,,,,,,,,
,,,RABIF,MSTO2P,,,,,,,,,,,,,,,
,,,HAUS6P3,SMAD5-AS1,,,,,,,,,,,,,,,
,,,STK10,H4C12,,,,,,,,,,,,,,,
,,,PREPL,ZNF286A,,,,,,,,,,,,,,,
,,,DAOA,SCAF11,,,,,,,,,,,,,,,
,,,PRR23E,TRIP4,,,,,,,,,,,,,,,
,,,OR8B2,SNORA54,,,,,,,,,,,,,,,
,,,GPR12,GTF2IRD1,,,,,,,,,,,,,,,
,,,LINC02466,PNN,,,,,,,,,,,,,,,
,,,OLIG3,TOP2B,,,,,,,,,,,,,,,
,,,PRRG3,ZNF431,,,,,,,,,,,,,,,
,,,WDR17,SETDB1,,,,,,,,,,,,,,,
,,,LINC01115,ASB1,,,,,,,,,,,,,,,
,,,MEX3C,PINLYP,,,,,,,,,,,,,,,
,,,ATXN3,ABCC10,,,,,,,,,,,,,,,
,,,LINC01815,FMNL3,,,,,,,,,,,,,,,
,,,FRMD8P1,ZNF74,,,,,,,,,,,,,,,
,,,LOXHD1,DNAJC14,,,,,,,,,,,,,,,
,,,CARD11-AS1,EHMT2,,,,,,,,,,,,,,,
,,,IL36A,PHTF2,,,,,,,,,,,,,,,
,,,PNLIPRP1,HSP90AB1,,,,,,,,,,,,,,,
,,,C12orf57,SLTM,,,,,,,,,,,,,,,
,,,RNU7-1,PSPC1,,,,,,,,,,,,,,,
,,,ERO1A,CSNK1E,,,,,,,,,,,,,,,
,,,SIGLEC1,KCNH8,,,,,,,,,,,,,,,
,,,ESX1,PIP4K2B,,,,,,,,,,,,,,,
,,,NPFFR1,AACSP1,,,,,,,,,,,,,,,
,,,CDR2,MIOS,,,,,,,,,,,,,,,
,,,LINC02053,LMO3,,,,,,,,,,,,,,,
,,,LHCGR,CERS5,,,,,,,,,,,,,,,
,,,ANP32D,HOXA3,,,,,,,,,,,,,,,
,,,DENND10,DAXX,,,,,,,,,,,,,,,
,,,SERPINF1,MED12,,,,,,,,,,,,,,,
,,,OPN1LW,PDCD6P1,,,,,,,,,,,,,,,
,,,OPN1MW,RC3H1,,,,,,,,,,,,,,,
,,,OPN1MW2,IPO8,,,,,,,,,,,,,,,
,,,OPN1MW3,U2SURP,,,,,,,,,,,,,,,
,,,ARMCX1,PHF13,,,,,,,,,,,,,,,
,,,POLG-DT,MKRN1,,,,,,,,,,,,,,,
,,,LDHAL6B,DGCR8,,,,,,,,,,,,,,,
,,,RPS27AP16,CDK17,,,,,,,,,,,,,,,
,,,OPRM1,ZNF383,,,,,,,,,,,,,,,
,,,NPY2R,JPT1,,,,,,,,,,,,,,,
,,,LINC00595,SENP5,,,,,,,,,,,,,,,
,,,LINC00856,NAA25,,,,,,,,,,,,,,,
,,,C15orf32,NGFR,,,,,,,,,,,,,,,
,,,CFAP61,VN1R1,,,,,,,,,,,,,,,
,,,CACNG8,JAKMIP2,,,,,,,,,,,,,,,
,,,GIMAP5,ZNF112,,,,,,,,,,,,,,,
,,,ZZZ3,ZNF649,,,,,,,,,,,,,,,
,,,PPP1R35,SNORD91A,,,,,,,,,,,,,,,
,,,EPPIN,ZNF319,,,,,,,,,,,,,,,
,,,MIR4500HG,ETV3,,,,,,,,,,,,,,,
,,,LINC00529,MTF2,,,,,,,,,,,,,,,
,,,SSTR4,PIAS1,,,,,,,,,,,,,,,
,,,CFHR5,GSE1,,,,,,,,,,,,,,,
,,,CCSER2,PIBF1,,,,,,,,,,,,,,,
,,,NUCKS1,SSBP3,,,,,,,,,,,,,,,
,,,PCDH15,MAGI2-AS3,,,,,,,,,,,,,,,
,,,SYNJ2BP,LY6G5B,,,,,,,,,,,,,,,
,,,NOTCH2NLR,SIL1,,,,,,,,,,,,,,,
,,,LINC00477,FAM184B,,,,,,,,,,,,,,,
,,,CTNNA3,ERN1,,,,,,,,,,,,,,,
,,,SPSB2,ZFP14,,,,,,,,,,,,,,,
,,,LINC02149,SMAD4,,,,,,,,,,,,,,,
,,,ZNF654,GRIA1,,,,,,,,,,,,,,,
,,,LINC00343,LGI2,,,,,,,,,,,,,,,
,,,LINC00608,HNRNPU,,,,,,,,,,,,,,,
,,,DIO2-AS1,KCNIP1,,,,,,,,,,,,,,,
,,,LINC02192,PIP5K1A,,,,,,,,,,,,,,,
,,,RPS16,SNIP1,,,,,,,,,,,,,,,
,,,ST6GALNAC3,LOC283731,,,,,,,,,,,,,,,
,,,UGT2B4,H2AC15,,,,,,,,,,,,,,,
,,,PHOSPHO1,CCAR1,,,,,,,,,,,,,,,
,,,SPATA4,NINL,,,,,,,,,,,,,,,
,,,ARHGAP19-SLIT1,ZFP69B,,,,,,,,,,,,,,,
,,,WNT8A,PPP4R1,,,,,,,,,,,,,,,
,,,SLC39A9,ZNF711,,,,,,,,,,,,,,,
,,,DANCR,TUBA3FP,,,,,,,,,,,,,,,
,,,MIR4449,LBR,,,,,,,,,,,,,,,
,,,SNORA26,SRP68,,,,,,,,,,,,,,,
,,,LINC01613,KAT7,,,,,,,,,,,,,,,
,,,NCOA4,HERC2P10,,,,,,,,,,,,,,,
,,,ARL6IP1,ZNF426,,,,,,,,,,,,,,,
,,,OR4N4C,RBM48,,,,,,,,,,,,,,,
,,,LINC02712,SRSF11,,,,,,,,,,,,,,,
,,,KCNK12,CCDC136,,,,,,,,,,,,,,,
,,,RPL7AP71,ZNF506,,,,,,,,,,,,,,,
,,,PGLYRP3,OCLNP1,,,,,,,,,,,,,,,
,,,LIAS,MAGEC1,,,,,,,,,,,,,,,
,,,CALCB,SNORD116-8,,,,,,,,,,,,,,,
,,,PER2,BMT2,,,,,,,,,,,,,,,
,,,LINC02395,SNX22,,,,,,,,,,,,,,,
,,,ZNF876P,ZFTA,,,,,,,,,,,,,,,
,,,CAMK2D,CPSF4,,,,,,,,,,,,,,,
,,,SLC2A3,HIRA,,,,,,,,,,,,,,,
,,,STT3B,FOXJ2,,,,,,,,,,,,,,,
,,,STX12,BRD1,,,,,,,,,,,,,,,
,,,OGFRL1,ZNF724,,,,,,,,,,,,,,,
,,,LINC00558,PRPF39,,,,,,,,,,,,,,,
,,,ARL16,CEBPG,,,,,,,,,,,,,,,
,,,HTR1A,PCBP1-AS1,,,,,,,,,,,,,,,
,,,MESD,LINC01587,,,,,,,,,,,,,,,
,,,LINC03032,MED8,,,,,,,,,,,,,,,
,,,MBTPS2,SKIL,,,,,,,,,,,,,,,
,,,GRM6,CANT1,,,,,,,,,,,,,,,
,,,IAPP,POLR1C,,,,,,,,,,,,,,,
,,,GPR137B,BAG6,,,,,,,,,,,,,,,
,,,HUWE1,FGFR1,,,,,,,,,,,,,,,
,,,TRBV10-2,STK40,,,,,,,,,,,,,,,
,,,LINC02964,ZNF770,,,,,,,,,,,,,,,
,,,LINC00458,EXOSC8,,,,,,,,,,,,,,,
,,,RSC1A1,ZNF814,,,,,,,,,,,,,,,
,,,NPEPPSP1,STC1,,,,,,,,,,,,,,,
,,,MUC12,SUV39H2,,,,,,,,,,,,,,,
,,,RTEL1-TNFRSF6B,WDR33,,,,,,,,,,,,,,,
,,,VTI1A,CHD2,,,,,,,,,,,,,,,
,,,AASS,MIB1,,,,,,,,,,,,,,,
,,,CT62,SENP2,,,,,,,,,,,,,,,
,,,LINC00906,WNK1,,,,,,,,,,,,,,,
,,,GABRA1,ZNF583,,,,,,,,,,,,,,,
,,,COPS9,SDCCAG8,,,,,,,,,,,,,,,
,,,ERLIN1,KLHL28,,,,,,,,,,,,,,,
,,,TMEM202-AS1,YIPF3,,,,,,,,,,,,,,,
,,,CDH9,ATP6V0E2-AS1,,,,,,,,,,,,,,,
,,,PAFAH1B2,DCAF7,,,,,,,,,,,,,,,
,,,LINC01877,NEK3,,,,,,,,,,,,,,,
,,,LINC01520,CAPRIN2,,,,,,,,,,,,,,,
,,,CCKAR,LOC100288637,,,,,,,,,,,,,,,
,,,KLK12,CTBP2,,,,,,,,,,,,,,,
,,,C14orf93,UBE2O,,,,,,,,,,,,,,,
,,,LINC00334,EXOC7,,,,,,,,,,,,,,,
,,,WDR48,ZNF180,,,,,,,,,,,,,,,
,,,MIR935,MIR555,,,,,,,,,,,,,,,
,,,PTPRG-AS1,AGAP1,,,,,,,,,,,,,,,
,,,MYBL1,ZSWIM3,,,,,,,,,,,,,,,
,,,PPP1R12BP1,NOVA2,,,,,,,,,,,,,,,
,,,ALDH2,ZNF124,,,,,,,,,,,,,,,
,,,LYZL1,CCDC88A,,,,,,,,,,,,,,,
,,,FSCB,TOPBP1,,,,,,,,,,,,,,,
,,,SNHG20,ZBTB40,,,,,,,,,,,,,,,
,,,ASB15,BRME1,,,,,,,,,,,,,,,
,,,LINC01649,KLHL13,,,,,,,,,,,,,,,
,,,ERVH48-1,ZNF551,,,,,,,,,,,,,,,
,,,LOHAN2,DNAJC2,,,,,,,,,,,,,,,
,,,GTF2H3,LUZP6,,,,,,,,,,,,,,,
,,,DPPA3,VARS2,,,,,,,,,,,,,,,
,,,DPPA3P1,ABCF1,,,,,,,,,,,,,,,
,,,DPPA3P2,CAVIN4,,,,,,,,,,,,,,,
,,,DACT3-AS1,ATXN7L1,,,,,,,,,,,,,,,
,,,SPMIP10,STMP1,,,,,,,,,,,,,,,
,,,GBP1P1,HOXA11,,,,,,,,,,,,,,,
,,,MAP3K14-AS1,PGS1,,,,,,,,,,,,,,,
,,,MYOSLID-AS1,INTS6,,,,,,,,,,,,,,,
,,,TSPYL6,ZNF620,,,,,,,,,,,,,,,
,,,SKP1P1,GSK3A,,,,,,,,,,,,,,,
,,,FZD4,HPS4,,,,,,,,,,,,,,,
,,,PTBP3,ITGB5,,,,,,,,,,,,,,,
,,,PRPS2,DHX36,,,,,,,,,,,,,,,
,,,GBE1,YPEL1,,,,,,,,,,,,,,,
,,,LINC03103,ZNF662,,,,,,,,,,,,,,,
,,,PPP1R3A,CNOT11,,,,,,,,,,,,,,,
,,,LINC00173,NT5C2,,,,,,,,,,,,,,,
,,,CREBL2,EP300,,,,,,,,,,,,,,,
,,,TMPRSS11B,RANBP1,,,,,,,,,,,,,,,
,,,SPATA31C1,CUL4A,,,,,,,,,,,,,,,
,,,OR1I1,NUFIP1,,,,,,,,,,,,,,,
,,,NEK4,SNHG33,,,,,,,,,,,,,,,
,,,SLC22A16,HNRNPM,,,,,,,,,,,,,,,
,,,HYAL6P,TYW5,,,,,,,,,,,,,,,
,,,CFAP221,UVSSA,,,,,,,,,,,,,,,
,,,MAP1LC3A,MCM3AP,,,,,,,,,,,,,,,
,,,TEKT5,PPP2R5D,,,,,,,,,,,,,,,
,,,DNA2,U2AF1,,,,,,,,,,,,,,,
,,,DNAJA1P4,AP4B1-AS1,,,,,,,,,,,,,,,
,,,LYRM2,RBM15,,,,,,,,,,,,,,,
,,,CFTR-AS1,MIR5581,,,,,,,,,,,,,,,
,,,MTRF1L,LINC02981,,,,,,,,,,,,,,,
,,,GRK3-AS1,SPRED3,,,,,,,,,,,,,,,
,,,HACD3,SUPT7L,,,,,,,,,,,,,,,
,,,TAS1R2,GSPT1,,,,,,,,,,,,,,,
,,,LINC02382,HOXB7,,,,,,,,,,,,,,,
,,,SPTBN1-AS2,BEND3,,,,,,,,,,,,,,,
,,,ACR,H2BC4,,,,,,,,,,,,,,,
,,,ACRP1,TET2,,,,,,,,,,,,,,,
,,,LINC02936,ZNF767P,,,,,,,,,,,,,,,
,,,FBXL4,PTPN12,,,,,,,,,,,,,,,
,,,KLF14,DDN,,,,,,,,,,,,,,,
,,,AGO1,TJAP1,,,,,,,,,,,,,,,
,,,COX6A1P1,SRSF2,,,,,,,,,,,,,,,
,,,LINC03126,TRIP12,,,,,,,,,,,,,,,
,,,SETP4,TRIM38,,,,,,,,,,,,,,,
,,,SLC30A1,ZNF222,,,,,,,,,,,,,,,
,,,SNRPA1P1,NUDCD3,,,,,,,,,,,,,,,
,,,GMFB,KDM2B,,,,,,,,,,,,,,,
,,,FGD4,YLPM1,,,,,,,,,,,,,,,
,,,VPS26A,ZNF132,,,,,,,,,,,,,,,
,,,MBNL3,EPS8L2,,,,,,,,,,,,,,,
,,,PLD2,POGK,,,,,,,,,,,,,,,
,,,RGMB-AS1,AGPAT1,,,,,,,,,,,,,,,
,,,MOCS2-DT,RBMS2,,,,,,,,,,,,,,,
,,,NDUFB6,FIP1L1,,,,,,,,,,,,,,,
,,,FABP3P2,YKT6,,,,,,,,,,,,,,,
,,,MACROD2-AS1,ZDBF2,,,,,,,,,,,,,,,
,,,DUSP19,FAM8A1,,,,,,,,,,,,,,,
,,,NXT1,ALYREF,,,,,,,,,,,,,,,
,,,GRM8-AS1,SH3BP2,,,,,,,,,,,,,,,
,,,KLF9,UACA,,,,,,,,,,,,,,,
,,,CASP1,ATP1B4,,,,,,,,,,,,,,,
,,,LINC02059,PEX1,,,,,,,,,,,,,,,
,,,NRTN,SLC24A1,,,,,,,,,,,,,,,
,,,ABCG1,CCZ1B,,,,,,,,,,,,,,,
,,,D2HGDH,HMGA1,,,,,,,,,,,,,,,
,,,MYL7,ZFHX3,,,,,,,,,,,,,,,
,,,MYCBPAP,ANKDD1A,,,,,,,,,,,,,,,
,,,LINC02551,CTPS2,,,,,,,,,,,,,,,
,,,ILDR1,ZNF675,,,,,,,,,,,,,,,
,,,DELE1,FOXP1,,,,,,,,,,,,,,,
,,,TMEM198B,NCKAP5L,,,,,,,,,,,,,,,
,,,LINC02579,MARCHF9,,,,,,,,,,,,,,,
,,,STX4,POU3F3,,,,,,,,,,,,,,,
,,,DENND10P1,NPLOC4,,,,,,,,,,,,,,,
,,,OR7E24,H4C4,,,,,,,,,,,,,,,
,,,MDM4P1,COPS7B,,,,,,,,,,,,,,,
,,,SPATA31D1,WDCP,,,,,,,,,,,,,,,
,,,TRBV16,GNAI3,,,,,,,,,,,,,,,
,,,AFP,ETNK1,,,,,,,,,,,,,,,
,,,LINC02481,UBE3C,,,,,,,,,,,,,,,
,,,METTL22,GABBR1,,,,,,,,,,,,,,,
,,,MINPP1,TLE3,,,,,,,,,,,,,,,
,,,SLC13A5,VAMP3,,,,,,,,,,,,,,,
,,,LINC01592,BCOR,,,,,,,,,,,,,,,
,,,BTG3-AS1,RBBP4,,,,,,,,,,,,,,,
,,,ADGRF5-AS1,MIR4712,,,,,,,,,,,,,,,
,,,NOD1,PHF21A,,,,,,,,,,,,,,,
,,,COL25A1,ZNF70,,,,,,,,,,,,,,,
,,,EDEM3,BRAF,,,,,,,,,,,,,,,
,,,PKP4P1,HTATSF1,,,,,,,,,,,,,,,
,,,PEX19,WRN,,,,,,,,,,,,,,,
,,,FGD5-AS1,ZBTB11,,,,,,,,,,,,,,,
,,,TAS2R7,LINC01012,,,,,,,,,,,,,,,
,,,IGHV7-81,TIAL1,,,,,,,,,,,,,,,
,,,GYS2,SEPHS1,,,,,,,,,,,,,,,
,,,ZNF710-AS1,EAF1,,,,,,,,,,,,,,,
,,,PICALM,ZNF678,,,,,,,,,,,,,,,
,,,SCTR-AS1,CLIC1,,,,,,,,,,,,,,,
,,,LINC00486,HIVEP1,,,,,,,,,,,,,,,
,,,GOLGA8IP,COA1,,,,,,,,,,,,,,,
,,,PRELID1,RNF4,,,,,,,,,,,,,,,
,,,LINC01291,TRAM2,,,,,,,,,,,,,,,
,,,DNAAF6,RAB35,,,,,,,,,,,,,,,
,,,CCR8,ZNF564,,,,,,,,,,,,,,,
,,,INTS7,UHRF1,,,,,,,,,,,,,,,
,,,SCGB1D1,ZNF280C,,,,,,,,,,,,,,,
,,,CCDC172,CCNG2,,,,,,,,,,,,,,,
,,,GRID1-AS1,ZNF862,,,,,,,,,,,,,,,
,,,RIPPLY2,FRAS1,,,,,,,,,,,,,,,
,,,FOXD4,ZNF792,,,,,,,,,,,,,,,
,,,FOXD4L1,RIT1,,,,,,,,,,,,,,,
,,,LINC02510,NCBP3,,,,,,,,,,,,,,,
,,,WARS2-AS1,POC5,,,,,,,,,,,,,,,
,,,LINC00375,AQR,,,,,,,,,,,,,,,
,,,MOV10L1,UBQLN4,,,,,,,,,,,,,,,
,,,BAALC-AS1,LEMD2,,,,,,,,,,,,,,,
,,,LINC02297,SMG6,,,,,,,,,,,,,,,
,,,UBA6-DT,FBXL18,,,,,,,,,,,,,,,
,,,ASPDH,CBL,,,,,,,,,,,,,,,
,,,SNRPA1P2,INPP4A,,,,,,,,,,,,,,,
,,,LINC03074,NUP62,,,,,,,,,,,,,,,
,,,EGFLAM-AS2,KPNA3,,,,,,,,,,,,,,,
,,,ACACB,ELOVL5,,,,,,,,,,,,,,,
,,,SLC17A2,LANCL2,,,,,,,,,,,,,,,
,,,GXYLT1,ZNF624,,,,,,,,,,,,,,,
,,,MCEE,SEPTIN2,,,,,,,,,,,,,,,
,,,FPGT-TNNI3K,FAM90A1,,,,,,,,,,,,,,,
,,,TNNI3K,NOP14,,,,,,,,,,,,,,,
,,,CAMK2A,POLG2,,,,,,,,,,,,,,,
,,,DELEC1,TSHZ1,,,,,,,,,,,,,,,
,,,SHPRH,TANC1,,,,,,,,,,,,,,,
,,,CARINH,CAMTA1,,,,,,,,,,,,,,,
,,,LINC01350,NCAPD2,,,,,,,,,,,,,,,
,,,C11orf86,CACNA2D2,,,,,,,,,,,,,,,
,,,CYCSP19,ATF7IP,,,,,,,,,,,,,,,
,,,TMEM19,SLC25A17,,,,,,,,,,,,,,,
,,,TCAIM,SUMO2,,,,,,,,,,,,,,,
,,,LINC01300,HERC1,,,,,,,,,,,,,,,
,,,DMRTB1,TAF1A,,,,,,,,,,,,,,,
,,,LGALSL,SIPA1L1,,,,,,,,,,,,,,,
,,,ZBTB47-AS1,PPP1R15B,,,,,,,,,,,,,,,
,,,LINC00879,NCOA6,,,,,,,,,,,,,,,
,,,OR2A20P,CCP110,,,,,,,,,,,,,,,
,,,OR2A9P,ETFB,,,,,,,,,,,,,,,
,,,ZNF816,DOCK4,,,,,,,,,,,,,,,
,,,LINC02566,DLX6-AS1,,,,,,,,,,,,,,,
,,,PPP1CB,GTF2H2B,,,,,,,,,,,,,,,
,,,EME2,ABI2,,,,,,,,,,,,,,,
,,,MYL12A,SULF2,,,,,,,,,,,,,,,
,,,NPY4R,CLK3,,,,,,,,,,,,,,,
,,,NPY4R2,AMPD2,,,,,,,,,,,,,,,
,,,LINC01134,COG3,,,,,,,,,,,,,,,
,,,CABCOCO1,ALDH18A1,,,,,,,,,,,,,,,
,,,CCDC168,RPS6KL1,,,,,,,,,,,,,,,
,,,DLG1-AS1,SNORD102,,,,,,,,,,,,,,,
,,,SPO11,PCGF3-AS1,,,,,,,,,,,,,,,
,,,LINC01193,ZSCAN2,,,,,,,,,,,,,,,
,,,MIR4300HG,LRRC55,,,,,,,,,,,,,,,
,,,ZNF37A,PPM1B,,,,,,,,,,,,,,,
,,,NIPA1,GOLT1B,,,,,,,,,,,,,,,
,,,PRTN3,SMARCA4,,,,,,,,,,,,,,,
,,,E2F6P1,PDCD7,,,,,,,,,,,,,,,
,,,E2F6P2,MIR10B,,,,,,,,,,,,,,,
,,,E2F6P3,GPATCH2L,,,,,,,,,,,,,,,
,,,LINC01949,ZNF562,,,,,,,,,,,,,,,
,,,OTUD1,ZNF721,,,,,,,,,,,,,,,
,,,LINC02844,RINT1,,,,,,,,,,,,,,,
,,,HNRNPA1P35,N4BP2L2,,,,,,,,,,,,,,,
,,,HNRNPA1P4,TMEM50A,,,,,,,,,,,,,,,
,,,HNRNPA1P7,SYN1,,,,,,,,,,,,,,,
,,,IQSEC3,RAD52,,,,,,,,,,,,,,,
,,,NLRP5,SPATA13,,,,,,,,,,,,,,,
,,,AP1G2-AS1,CDYL2,,,,,,,,,,,,,,,
,,,GLTPD2,PLEKHM3,,,,,,,,,,,,,,,
,,,SFXN1,ECH1,,,,,,,,,,,,,,,
,,,LINC01487,SMARCC1,,,,,,,,,,,,,,,
,,,CNEP1R1,MARK3,,,,,,,,,,,,,,,
,,,WDR90,BZW1,,,,,,,,,,,,,,,
,,,NUDT19,RYBP,,,,,,,,,,,,,,,
,,,LINC01093,WDR88,,,,,,,,,,,,,,,
,,,ARHGAP18,NFATC1,,,,,,,,,,,,,,,
,,,ACTR3,C2,,,,,,,,,,,,,,,
,,,RPAP1,HSPA14,,,,,,,,,,,,,,,
,,,LENEP,KRT81,,,,,,,,,,,,,,,
,,,NECAB1,UCHL1,,,,,,,,,,,,,,,
,,,DNAAF3-AS1,PACRGL,,,,,,,,,,,,,,,
,,,ADAM7-AS2,POLR2D,,,,,,,,,,,,,,,
,,,LINC02339,FCRLB,,,,,,,,,,,,,,,
,,,MIOX,RBM22,,,,,,,,,,,,,,,
,,,CHRM5,NALCN,,,,,,,,,,,,,,,
,,,SLAMF9,TMED10P1,,,,,,,,,,,,,,,
,,,CDC42EP4,SEMA6C,,,,,,,,,,,,,,,
,,,LINC00845,SRRM1,,,,,,,,,,,,,,,
,,,VPS37A,DNM1L,,,,,,,,,,,,,,,
,,,DBR1,MSI2,,,,,,,,,,,,,,,
,,,ELL2P3,GARS1-DT,,,,,,,,,,,,,,,
,,,TERLR1,TMPO,,,,,,,,,,,,,,,
,,,ARHGEF7-IT1,C1QL1,,,,,,,,,,,,,,,
,,,CEP83-DT,S100PBP,,,,,,,,,,,,,,,
,,,EXD1,FBXO21,,,,,,,,,,,,,,,
,,,DNAJC6,ZNF625,,,,,,,,,,,,,,,
,,,LIN28B,PLCG1,,,,,,,,,,,,,,,
,,,ACTG1P17,FBXL21P,,,,,,,,,,,,,,,
,,,VSTM2A-OT1,TNFRSF10B,,,,,,,,,,,,,,,
,,,NCOR2,HEATR6,,,,,,,,,,,,,,,
,,,TTTY7,ZNF133,,,,,,,,,,,,,,,
,,,TTTY7B,NCAPH,,,,,,,,,,,,,,,
,,,ZSWIM2,WBP4,,,,,,,,,,,,,,,
,,,TERB1,EXOC1,,,,,,,,,,,,,,,
,,,AKR1B1,ATP6V0A2,,,,,,,,,,,,,,,
,,,TNFRSF10B-AS1,ZNF845,,,,,,,,,,,,,,,
,,,LINC00301,SEPTIN9,,,,,,,,,,,,,,,
,,,PROX2,ZNF445,,,,,,,,,,,,,,,
,,,GALNT9,SMARCB1,,,,,,,,,,,,,,,
,,,LINC02670,LRP2BP,,,,,,,,,,,,,,,
,,,TCEAL9,ANAPC1,,,,,,,,,,,,,,,
,,,UBE2E2-DT,BMS1,,,,,,,,,,,,,,,
,,,TEX26,ATF2,,,,,,,,,,,,,,,
,,,DPPA5P4,MIR382,,,,,,,,,,,,,,,
,,,DDC-AS1,CAMSAP1,,,,,,,,,,,,,,,
,,,PAK1,SCNM1,,,,,,,,,,,,,,,
,,,TRIM42,BCL9,,,,,,,,,,,,,,,
,,,MGAT4D,DIS3,,,,,,,,,,,,,,,
,,,ATP2B3,METTL2A,,,,,,,,,,,,,,,
,,,TSPYL2,ZNF519,,,,,,,,,,,,,,,
,,,LNCPRESS1,TRAF3IP2-AS1,,,,,,,,,,,,,,,
,,,SYT2,AGAP6,,,,,,,,,,,,,,,
,,,ALKBH8,ORC2,,,,,,,,,,,,,,,
,,,GUCY1A2,KLF7,,,,,,,,,,,,,,,
,,,LINC02008,CSDE1,,,,,,,,,,,,,,,
,,,SLC1A7,PSMC2,,,,,,,,,,,,,,,
,,,SWINGN,SETD2,,,,,,,,,,,,,,,
,,,PLEKHG4B,NONO,,,,,,,,,,,,,,,
,,,SLC38A2,IFT172,,,,,,,,,,,,,,,
,,,KIAA1191P2,ZNF512,,,,,,,,,,,,,,,
,,,CSTF3-DT,WDR86-AS1,,,,,,,,,,,,,,,
,,,CYP11B1,DENND5A,,,,,,,,,,,,,,,
,,,CYLC2,FAN1,,,,,,,,,,,,,,,
,,,LINC01689,CDCA7,,,,,,,,,,,,,,,
,,,TLDC2,EIF2B5,,,,,,,,,,,,,,,
,,,VCF1,FAM86HP,,,,,,,,,,,,,,,
,,,LINC02825,N4BP2,,,,,,,,,,,,,,,
,,,METTL3,REST,,,,,,,,,,,,,,,
,,,SLC17A1,RALB,,,,,,,,,,,,,,,
,,,TTTY4,TOP3B,,,,,,,,,,,,,,,
,,,TTTY4B,ARIH1,,,,,,,,,,,,,,,
,,,TTTY4C,ARHGEF25,,,,,,,,,,,,,,,
,,,ISM2,PAK1IP1,,,,,,,,,,,,,,,
,,,HACE1,FAM133B,,,,,,,,,,,,,,,
,,,FAM167A-AS1,HNRNPUL1,,,,,,,,,,,,,,,
,,,PMPCB,PPP4R2,,,,,,,,,,,,,,,
,,,ALDH1A1,DNAL1,,,,,,,,,,,,,,,
,,,CST9,PTGES3,,,,,,,,,,,,,,,
,,,SPOPL,SAP30BP,,,,,,,,,,,,,,,
,,,IL22,PRRC2C,,,,,,,,,,,,,,,
,,,ZDHHC2,DYNC1I2,,,,,,,,,,,,,,,
,,,LINC03066,ILF2,,,,,,,,,,,,,,,
,,,IL9,DCP1B,,,,,,,,,,,,,,,
,,,SEMG1,HNRNPH1,,,,,,,,,,,,,,,
,,,TMEM63C,ZNF24,,,,,,,,,,,,,,,
,,,NEUROD6,SFT2D3,,,,,,,,,,,,,,,
,,,LINC00561,FBXO11,,,,,,,,,,,,,,,
,,,EVL,ZNF160,,,,,,,,,,,,,,,
,,,RAB6C,LRP6,,,,,,,,,,,,,,,
,,,RAB6D,ARHGAP5,,,,,,,,,,,,,,,
,,,JUND,PLEKHB2,,,,,,,,,,,,,,,
,,,KCNJ11,MAFG,,,,,,,,,,,,,,,
,,,LINC02355,DHX16,,,,,,,,,,,,,,,
,,,ENOSF1,FOXK2,,,,,,,,,,,,,,,
,,,LINC01735,CTCF,,,,,,,,,,,,,,,
,,,RSPH6A,EXOC3L2,,,,,,,,,,,,,,,
,,,SRRM5,ZBTB48,,,,,,,,,,,,,,,
,,,GALNT1,WDR46,,,,,,,,,,,,,,,
,,,VN1R10P,MPZ,,,,,,,,,,,,,,,
,,,RASSF3,SEPTIN7,,,,,,,,,,,,,,,
,,,DNAJC13,LOC392232,,,,,,,,,,,,,,,
,,,CTNNB1,ZNF273,,,,,,,,,,,,,,,
,,,APOBEC4,TXNDC12,,,,,,,,,,,,,,,
,,,TEX51,UBE2I,,,,,,,,,,,,,,,
,,,PRDM10-DT,AGO4,,,,,,,,,,,,,,,
,,,KRTAP5-9,SNORD97,,,,,,,,,,,,,,,
,,,SERAC1,GTF2IRD2B,,,,,,,,,,,,,,,
,,,CMTM2,SIN3A,,,,,,,,,,,,,,,
,,,SPEM1,ATN1,,,,,,,,,,,,,,,
,,,LINC01545,ZNF282,,,,,,,,,,,,,,,
,,,CNOT6LP1,NOL11,,,,,,,,,,,,,,,
,,,NOX3,FAM171A2,,,,,,,,,,,,,,,
,,,NTSR2,ZNF652,,,,,,,,,,,,,,,
,,,MUC6,XPOT,,,,,,,,,,,,,,,
,,,LINC02044,RBM25,,,,,,,,,,,,,,,
,,,IL12A,MCM3,,,,,,,,,,,,,,,
,,,LINC00836,NWD2,,,,,,,,,,,,,,,
,,,TINAG,MED13,,,,,,,,,,,,,,,
,,,ZFP37,NSUN4,,,,,,,,,,,,,,,
,,,CA8,FAM227A,,,,,,,,,,,,,,,
,,,SLX1A-SULT1A3,COL11A2,,,,,,,,,,,,,,,
,,,SLX1B-SULT1A4,GRAMD2A,,,,,,,,,,,,,,,
,,,EPS8L3,LRCH3,,,,,,,,,,,,,,,
,,,LINC01395,RICTOR,,,,,,,,,,,,,,,
,,,IL3,LOC374443,,,,,,,,,,,,,,,
,,,MTND1P33,RAB3GAP2,,,,,,,,,,,,,,,
,,,CD164,TNPO1,,,,,,,,,,,,,,,
,,,FSCN2,CHPT1,,,,,,,,,,,,,,,
,,,SAMD5,DBF4,,,,,,,,,,,,,,,
,,,DYDC1,ZNF141,,,,,,,,,,,,,,,
,,,FXNP2,ZFP69,,,,,,,,,,,,,,,
,,,BORCS6,ZNF418,,,,,,,,,,,,,,,
,,,IFT25,MIR93,,,,,,,,,,,,,,,
,,,BOD1L2,THAP9-AS1,,,,,,,,,,,,,,,
,,,PRC1,CSNK2A1,,,,,,,,,,,,,,,
,,,KCNE2,NOP14-AS1,,,,,,,,,,,,,,,
,,,BRF1,MIR590,,,,,,,,,,,,,,,
,,,HTR7,PAXIP1,,,,,,,,,,,,,,,
,,,PRAMEF11,RFX2,,,,,,,,,,,,,,,
,,,PRAMEF15,BICRAL,,,,,,,,,,,,,,,
,,,PRAMEF22,USP4,,,,,,,,,,,,,,,
,,,PRAMEF25,FGFR2,,,,,,,,,,,,,,,
,,,PRAMEF26,NUB1,,,,,,,,,,,,,,,
,,,PRAMEF27,URB2,,,,,,,,,,,,,,,
,,,PRAMEF4,CWC22,,,,,,,,,,,,,,,
,,,PRAMEF5,TCF20,,,,,,,,,,,,,,,
,,,PRAMEF6,RCC2,,,,,,,,,,,,,,,
,,,PRAMEF9,SERPINB9P1,,,,,,,,,,,,,,,
,,,FSIP1,ZNF407-AS1,,,,,,,,,,,,,,,
,,,THSD4-AS1,H4C11,,,,,,,,,,,,,,,
,,,DKKL1P1,MAGEF1,,,,,,,,,,,,,,,
,,,LINC00309,KMT2B,,,,,,,,,,,,,,,
,,,RPL22P22,NECAP1,,,,,,,,,,,,,,,
,,,SCD,USP34,,,,,,,,,,,,,,,
,,,CFAP97D1,BMP2K,,,,,,,,,,,,,,,
,,,LINC02619,NPPC,,,,,,,,,,,,,,,
,,,PMS2P14,PCBP2,,,,,,,,,,,,,,,
,,,PMS2P6,BAIAP2-DT,,,,,,,,,,,,,,,
,,,PMS2P8,TFDP1,,,,,,,,,,,,,,,
,,,PRKAB2,MED14,,,,,,,,,,,,,,,
,,,SH3GL1P1,IER3,,,,,,,,,,,,,,,
,,,ASAP3,CCDC65,,,,,,,,,,,,,,,
,,,COX15,ADCY8,,,,,,,,,,,,,,,
,,,MIR3152,GNA13,,,,,,,,,,,,,,,
,,,HNRNPD-DT,MNX1,,,,,,,,,,,,,,,
,,,PARM1-AS1,ATG16L1,,,,,,,,,,,,,,,
,,,ZNF628-DT,TRMT6,,,,,,,,,,,,,,,
,,,ESPNP,DDX1,,,,,,,,,,,,,,,
,,,FAM187B,SOCS7,,,,,,,,,,,,,,,
,,,FABP6-AS1,ZNF736,,,,,,,,,,,,,,,
,,,MTA2,BAZ2B,,,,,,,,,,,,,,,
,,,UBE2D3,CD27-AS1,,,,,,,,,,,,,,,
,,,CYB561,YY1AP1,,,,,,,,,,,,,,,
,,,ZBTB21,CABP1,,,,,,,,,,,,,,,
,,,LINC01169,OGA,,,,,,,,,,,,,,,
,,,CATSPERD,LINC01001,,,,,,,,,,,,,,,
,,,MUC4,PCNX2,,,,,,,,,,,,,,,
,,,SYNE2,LRRC73,,,,,,,,,,,,,,,
,,,ZNF747-DT,SLBP,,,,,,,,,,,,,,,
,,,DCUN1D1,RP2,,,,,,,,,,,,,,,
,,,BMI1,CTPS1,,,,,,,,,,,,,,,
,,,RPL26L1-AS1,TAF11,,,,,,,,,,,,,,,
,,,MAEL,RASA3,,,,,,,,,,,,,,,
,,,OR1A2,ZNF780B,,,,,,,,,,,,,,,
,,,ZSCAN5A-AS1,SUGT1,,,,,,,,,,,,,,,
,,,PRKRIP1,RPAP2,,,,,,,,,,,,,,,
,,,PTPRT-AS1,DXO,,,,,,,,,,,,,,,
,,,ACVR1,CNOT2,,,,,,,,,,,,,,,
,,,EDDM3B,GTF3C2,,,,,,,,,,,,,,,
,,,TBC1D23,SDCBP2-AS1,,,,,,,,,,,,,,,
,,,,ZNF791,,,,,,,,,,,,,,,
,,,,NOTCH1,,,,,,,,,,,,,,,
,,,,SNORA81,,,,,,,,,,,,,,,
,,,,SDE2,,,,,,,,,,,,,,,
,,,,SLC25A36,,,,,,,,,,,,,,,
,,,,ZBTB14,,,,,,,,,,,,,,,
,,,,ZNF614,,,,,,,,,,,,,,,
,,,,INO80D,,,,,,,,,,,,,,,
,,,,MACF1,,,,,,,,,,,,,,,
,,,,STK17A,,,,,,,,,,,,,,,
,,,,CYREN,,,,,,,,,,,,,,,
,,,,ZNF14,,,,,,,,,,,,,,,
,,,,VPS13C,,,,,,,,,,,,,,,
,,,,MARCHF6,,,,,,,,,,,,,,,
,,,,SIN3B,,,,,,,,,,,,,,,
,,,,CKAP2,,,,,,,,,,,,,,,
,,,,TMEM185B,,,,,,,,,,,,,,,
,,,,VPS54,,,,,,,,,,,,,,,
,,,,CDYL,,,,,,,,,,,,,,,
,,,,NUP85,,,,,,,,,,,,,,,
,,,,CLDN12,,,,,,,,,,,,,,,
,,,,EXO5,,,,,,,,,,,,,,,
,,,,ZFP3,,,,,,,,,,,,,,,
,,,,MPRIP,,,,,,,,,,,,,,,
,,,,LIN7A,,,,,,,,,,,,,,,
,,,,HMGB2,,,,,,,,,,,,,,,
,,,,EXOSC10,,,,,,,,,,,,,,,
,,,,JOSD1,,,,,,,,,,,,,,,
,,,,METTL2B,,,,,,,,,,,,,,,
,,,,TASP1,,,,,,,,,,,,,,,
,,,,ZNF182,,,,,,,,,,,,,,,
,,,,STAG2,,,,,,,,,,,,,,,
,,,,PWP1,,,,,,,,,,,,,,,
,,,,RNF138,,,,,,,,,,,,,,,
,,,,ADSL,,,,,,,,,,,,,,,
,,,,B3GALT6,,,,,,,,,,,,,,,
,,,,NOTCH2,,,,,,,,,,,,,,,
,,,,TMEM178B,,,,,,,,,,,,,,,
,,,,IFRD1,,,,,,,,,,,,,,,
,,,,RBM5,,,,,,,,,,,,,,,
,,,,ZBTB1,,,,,,,,,,,,,,,
,,,,PHIP,,,,,,,,,,,,,,,
,,,,RP9P,,,,,,,,,,,,,,,
,,,,IQCB1,,,,,,,,,,,,,,,
,,,,FRG1,,,,,,,,,,,,,,,
,,,,TMEM104,,,,,,,,,,,,,,,
,,,,MON2,,,,,,,,,,,,,,,
,,,,RNF34,,,,,,,,,,,,,,,
,,,,UGGT2,,,,,,,,,,,,,,,
,,,,DDX56,,,,,,,,,,,,,,,
,,,,WAPL,,,,,,,,,,,,,,,
,,,,CDCA7L,,,,,,,,,,,,,,,
,,,,UNC79,,,,,,,,,,,,,,,
,,,,CHD1,,,,,,,,,,,,,,,
,,,,PPM1H,,,,,,,,,,,,,,,
,,,,ZNF284,,,,,,,,,,,,,,,
,,,,UBFD1,,,,,,,,,,,,,,,
,,,,CRAT,,,,,,,,,,,,,,,
,,,,HYOU1,,,,,,,,,,,,,,,
,,,,CNTROB,,,,,,,,,,,,,,,
,,,,CDH8,,,,,,,,,,,,,,,
,,,,PRPF38A,,,,,,,,,,,,,,,
,,,,MMP19,,,,,,,,,,,,,,,
,,,,PURB,,,,,,,,,,,,,,,
,,,,PMS2P5,,,,,,,,,,,,,,,
,,,,MAPK8IP1,,,,,,,,,,,,,,,
,,,,C6orf62,,,,,,,,,,,,,,,
,,,,KCNRG,,,,,,,,,,,,,,,
,,,,SNORA5C,,,,,,,,,,,,,,,
,,,,HK2,,,,,,,,,,,,,,,
,,,,ZNF281,,,,,,,,,,,,,,,
,,,,IGF1R,,,,,,,,,,,,,,,
,,,,SUDS3,,,,,,,,,,,,,,,
,,,,LAMTOR5-AS1,,,,,,,,,,,,,,,
,,,,NPPA,,,,,,,,,,,,,,,
,,,,MIR130B,,,,,,,,,,,,,,,
,,,,MED4,,,,,,,,,,,,,,,
,,,,CREB3L4,,,,,,,,,,,,,,,
,,,,ZNF134,,,,,,,,,,,,,,,
,,,,IL17RD,,,,,,,,,,,,,,,
,,,,ELAVL3,,,,,,,,,,,,,,,
,,,,MTMR7,,,,,,,,,,,,,,,
,,,,NABP2,,,,,,,,,,,,,,,
,,,,ACTR3B,,,,,,,,,,,,,,,
,,,,GNB3,,,,,,,,,,,,,,,
,,,,GCC1,,,,,,,,,,,,,,,
,,,,PELI2,,,,,,,,,,,,,,,
,,,,B4GALNT1,,,,,,,,,,,,,,,
,,,,ARHGAP11B,,,,,,,,,,,,,,,
,,,,GPR137C,,,,,,,,,,,,,,,
,,,,LSM5,,,,,,,,,,,,,,,
,,,,ZNF592,,,,,,,,,,,,,,,
,,,,TRIM4,,,,,,,,,,,,,,,
,,,,FBXW8,,,,,,,,,,,,,,,
,,,,HEATR5B,,,,,,,,,,,,,,,
,,,,HNRNPDL,,,,,,,,,,,,,,,
,,,,SRSF10,,,,,,,,,,,,,,,
,,,,CAB39,,,,,,,,,,,,,,,
,,,,CNIH2,,,,,,,,,,,,,,,
,,,,CDKAL1,,,,,,,,,,,,,,,
,,,,MORC2,,,,,,,,,,,,,,,
,,,,PAOX,,,,,,,,,,,,,,,
,,,,HMGCL,,,,,,,,,,,,,,,
,,,,ADAMTS4,,,,,,,,,,,,,,,
,,,,HSD3BP4,,,,,,,,,,,,,,,
,,,,MTRFR,,,,,,,,,,,,,,,
,,,,CACNG1,,,,,,,,,,,,,,,
,,,,PTP4A2,,,,,,,,,,,,,,,
,,,,TUBGCP3,,,,,,,,,,,,,,,
,,,,SNORA70,,,,,,,,,,,,,,,
,,,,LDB1,,,,,,,,,,,,,,,
,,,,KCMF1,,,,,,,,,,,,,,,
,,,,ZNF317,,,,,,,,,,,,,,,
,,,,CHST7,,,,,,,,,,,,,,,
,,,,CMTM1,,,,,,,,,,,,,,,
,,,,KLHL42,,,,,,,,,,,,,,,
,,,,H3-3B,,,,,,,,,,,,,,,
,,,,ABCF2,,,,,,,,,,,,,,,
,,,,MAPK1,,,,,,,,,,,,,,,
,,,,CDK5,,,,,,,,,,,,,,,
,,,,PLAT,,,,,,,,,,,,,,,
,,,,ZNF547,,,,,,,,,,,,,,,
,,,,CSRP3,,,,,,,,,,,,,,,
,,,,SEC24B,,,,,,,,,,,,,,,
,,,,POLR1A,,,,,,,,,,,,,,,
,,,,TPR,,,,,,,,,,,,,,,
,,,,R3HDM1,,,,,,,,,,,,,,,
,,,,SEMA3G,,,,,,,,,,,,,,,
,,,,BLM,,,,,,,,,,,,,,,
,,,,GABPB1-IT1,,,,,,,,,,,,,,,
,,,,EMILIN3,,,,,,,,,,,,,,,
,,,,ZNF611,,,,,,,,,,,,,,,
,,,,BNIP2,,,,,,,,,,,,,,,
,,,,PTMA,,,,,,,,,,,,,,,
,,,,SUPV3L1,,,,,,,,,,,,,,,
,,,,MAGOH,,,,,,,,,,,,,,,
,,,,PHETA1,,,,,,,,,,,,,,,
,,,,GET4,,,,,,,,,,,,,,,
,,,,TNRC6B,,,,,,,,,,,,,,,
,,,,TTC9B,,,,,,,,,,,,,,,
,,,,ZC3H11A,,,,,,,,,,,,,,,
,,,,GTPBP1,,,,,,,,,,,,,,,
,,,,CNR1,,,,,,,,,,,,,,,
,,,,PRPF3,,,,,,,,,,,,,,,
,,,,PTPN11,,,,,,,,,,,,,,,
,,,,TMEM128,,,,,,,,,,,,,,,
,,,,FLVCR1,,,,,,,,,,,,,,,
,,,,IPO9,,,,,,,,,,,,,,,
,,,,MYLIP,,,,,,,,,,,,,,,
,,,,ZKSCAN3,,,,,,,,,,,,,,,
,,,,MFSD11,,,,,,,,,,,,,,,
,,,,BRD4,,,,,,,,,,,,,,,
,,,,XPR1,,,,,,,,,,,,,,,
,,,,IWS1,,,,,,,,,,,,,,,
,,,,DNAJB6,,,,,,,,,,,,,,,
,,,,PIM3,,,,,,,,,,,,,,,
,,,,FOXK1,,,,,,,,,,,,,,,
,,,,LINC00652,,,,,,,,,,,,,,,
,,,,ROCK2,,,,,,,,,,,,,,,
,,,,B4GALNT4,,,,,,,,,,,,,,,
,,,,PPP1R10,,,,,,,,,,,,,,,
,,,,CMTM5,,,,,,,,,,,,,,,
,,,,APBA2,,,,,,,,,,,,,,,
,,,,BOLA3-DT,,,,,,,,,,,,,,,
,,,,ZNF22,,,,,,,,,,,,,,,
,,,,KMT5A,,,,,,,,,,,,,,,
,,,,EXOC4,,,,,,,,,,,,,,,
,,,,ZC3HC1,,,,,,,,,,,,,,,
,,,,ADNP,,,,,,,,,,,,,,,
,,,,HARS2,,,,,,,,,,,,,,,
,,,,ZNF226,,,,,,,,,,,,,,,
,,,,CENPC,,,,,,,,,,,,,,,
,,,,CXCR4,,,,,,,,,,,,,,,
,,,,STK35,,,,,,,,,,,,,,,
,,,,DCAF12,,,,,,,,,,,,,,,
,,,,HNRNPR,,,,,,,,,,,,,,,
,,,,MCMBP,,,,,,,,,,,,,,,
,,,,CROCCP3,,,,,,,,,,,,,,,
,,,,C2CD5,,,,,,,,,,,,,,,
,,,,INAVA,,,,,,,,,,,,,,,
,,,,MCHR1,,,,,,,,,,,,,,,
,,,,INTS2,,,,,,,,,,,,,,,
,,,,LRRC23,,,,,,,,,,,,,,,
,,,,ZNF419,,,,,,,,,,,,,,,
,,,,EGR2,,,,,,,,,,,,,,,
,,,,ZNF786,,,,,,,,,,,,,,,
,,,,CHRND,,,,,,,,,,,,,,,
,,,,ZNF224,,,,,,,,,,,,,,,
,,,,SKAP2,,,,,,,,,,,,,,,
,,,,ANK1,,,,,,,,,,,,,,,
,,,,NPEPPS,,,,,,,,,,,,,,,
,,,,TBL1XR1,,,,,,,,,,,,,,,
,,,,LOC100289561,,,,,,,,,,,,,,,
,,,,NUCB1,,,,,,,,,,,,,,,
,,,,SEC24C,,,,,,,,,,,,,,,
,,,,LOC729683,,,,,,,,,,,,,,,
,,,,SPTB,,,,,,,,,,,,,,,
,,,,ZNF131,,,,,,,,,,,,,,,
,,,,MTERF4,,,,,,,,,,,,,,,
,,,,DENND4B,,,,,,,,,,,,,,,
,,,,TMEM108,,,,,,,,,,,,,,,
,,,,AREL1,,,,,,,,,,,,,,,
,,,,PTK7,,,,,,,,,,,,,,,
,,,,CYTH3,,,,,,,,,,,,,,,
,,,,MEIS2,,,,,,,,,,,,,,,
,,,,AGPAT4,,,,,,,,,,,,,,,
,,,,ZNF502,,,,,,,,,,,,,,,
,,,,POLR3F,,,,,,,,,,,,,,,
,,,,NAA40,,,,,,,,,,,,,,,
,,,,SSR1,,,,,,,,,,,,,,,
,,,,NEDD9,,,,,,,,,,,,,,,
,,,,ATRX,,,,,,,,,,,,,,,
,,,,ANKMY2,,,,,,,,,,,,,,,
,,,,TMEM167A,,,,,,,,,,,,,,,
,,,,MSL2,,,,,,,,,,,,,,,
,,,,DHX40,,,,,,,,,,,,,,,
,,,,BYSL,,,,,,,,,,,,,,,
,,,,ZNF142,,,,,,,,,,,,,,,
,,,,SOCS4,,,,,,,,,,,,,,,
,,,,MEX3D,,,,,,,,,,,,,,,
,,,,RPL13P5,,,,,,,,,,,,,,,
,,,,WDR45B,,,,,,,,,,,,,,,
,,,,PDS5A,,,,,,,,,,,,,,,
,,,,INTS9,,,,,,,,,,,,,,,
,,,,VPS52,,,,,,,,,,,,,,,
,,,,RCBTB1,,,,,,,,,,,,,,,
,,,,CACNA1C-AS1,,,,,,,,,,,,,,,
,,,,SRF,,,,,,,,,,,,,,,
,,,,COTL1,,,,,,,,,,,,,,,
,,,,SMPD4,,,,,,,,,,,,,,,
,,,,GABRD,,,,,,,,,,,,,,,
,,,,SLC35B4,,,,,,,,,,,,,,,
,,,,VAPA,,,,,,,,,,,,,,,
,,,,DENR,,,,,,,,,,,,,,,
,,,,EIF2B1,,,,,,,,,,,,,,,
,,,,STARD9,,,,,,,,,,,,,,,
,,,,MAP4K4,,,,,,,,,,,,,,,
,,,,TANC2,,,,,,,,,,,,,,,
,,,,PARG,,,,,,,,,,,,,,,
,,,,TBK1,,,,,,,,,,,,,,,
,,,,TNRC18,,,,,,,,,,,,,,,
,,,,TPTE2P1,,,,,,,,,,,,,,,
,,,,ANKRD52,,,,,,,,,,,,,,,
,,,,TTL,,,,,,,,,,,,,,,
,,,,AKAP8L,,,,,,,,,,,,,,,
,,,,UTP20,,,,,,,,,,,,,,,
,,,,VEZT,,,,,,,,,,,,,,,
,,,,INTS13,,,,,,,,,,,,,,,
,,,,DCTN5,,,,,,,,,,,,,,,
,,,,YIPF7,,,,,,,,,,,,,,,
,,,,ZSCAN18,,,,,,,,,,,,,,,
,,,,HMGA2,,,,,,,,,,,,,,,
,,,,STRAP,,,,,,,,,,,,,,,
,,,,TLE4,,,,,,,,,,,,,,,
,,,,HMBOX1,,,,,,,,,,,,,,,
,,,,PIKFYVE,,,,,,,,,,,,,,,
,,,,SHLD2,,,,,,,,,,,,,,,
,,,,POP1,,,,,,,,,,,,,,,
,,,,MIR181D,,,,,,,,,,,,,,,
,,,,MRFAP1L1,,,,,,,,,,,,,,,
,,,,MX2,,,,,,,,,,,,,,,
,,,,WDR82,,,,,,,,,,,,,,,
,,,,C6orf89,,,,,,,,,,,,,,,
,,,,PHF8,,,,,,,,,,,,,,,
,,,,SLC35B1,,,,,,,,,,,,,,,
,,,,AKIRIN1,,,,,,,,,,,,,,,
,,,,ZNF526,,,,,,,,,,,,,,,
,,,,ASXL1,,,,,,,,,,,,,,,
,,,,DNAH17,,,,,,,,,,,,,,,
,,,,SOX4,,,,,,,,,,,,,,,
,,,,RANBP2,,,,,,,,,,,,,,,
,,,,ARMC7,,,,,,,,,,,,,,,
,,,,MEST,,,,,,,,,,,,,,,
,,,,SYNPO2L,,,,,,,,,,,,,,,
,,,,DLGAP1,,,,,,,,,,,,,,,
,,,,ANAPC4,,,,,,,,,,,,,,,
,,,,PDE8B,,,,,,,,,,,,,,,
,,,,DFFB,,,,,,,,,,,,,,,
,,,,HDGF,,,,,,,,,,,,,,,
,,,,ATF6,,,,,,,,,,,,,,,
,,,,MEGF10,,,,,,,,,,,,,,,
,,,,EWSR1,,,,,,,,,,,,,,,
,,,,DHCR24,,,,,,,,,,,,,,,
,,,,VPS72,,,,,,,,,,,,,,,
,,,,ANKRD36,,,,,,,,,,,,,,,
,,,,IFT22,,,,,,,,,,,,,,,
,,,,KIFC1,,,,,,,,,,,,,,,
,,,,PCID2,,,,,,,,,,,,,,,
,,,,PRPH,,,,,,,,,,,,,,,
,,,,SOCS2,,,,,,,,,,,,,,,
,,,,ARL8A,,,,,,,,,,,,,,,
,,,,CKAP2L,,,,,,,,,,,,,,,
,,,,MIR9-2HG,,,,,,,,,,,,,,,
,,,,PAPSS1,,,,,,,,,,,,,,,
,,,,TRMT44,,,,,,,,,,,,,,,
,,,,MBD1,,,,,,,,,,,,,,,
,,,,GPANK1,,,,,,,,,,,,,,,
,,,,CAND1,,,,,,,,,,,,,,,
,,,,RABGEF1,,,,,,,,,,,,,,,
,,,,SMG7,,,,,,,,,,,,,,,
,,,,CDC16,,,,,,,,,,,,,,,
,,,,KMT2A,,,,,,,,,,,,,,,
,,,,MRM2,,,,,,,,,,,,,,,
,,,,ZMIZ1,,,,,,,,,,,,,,,
,,,,INTS3,,,,,,,,,,,,,,,
,,,,FAM117B,,,,,,,,,,,,,,,
,,,,ADHFE1,,,,,,,,,,,,,,,
,,,,MAML2,,,,,,,,,,,,,,,
,,,,CDR2L,,,,,,,,,,,,,,,
,,,,DDX55,,,,,,,,,,,,,,,
,,,,SMC3,,,,,,,,,,,,,,,
,,,,CDK3,,,,,,,,,,,,,,,
,,,,SLC12A8,,,,,,,,,,,,,,,
,,,,CRCP,,,,,,,,,,,,,,,
,,,,TAS2R5,,,,,,,,,,,,,,,
,,,,CEP19,,,,,,,,,,,,,,,
,,,,KBTBD11,,,,,,,,,,,,,,,
,,,,ASH1L,,,,,,,,,,,,,,,
,,,,APPAT,,,,,,,,,,,,,,,
,,,,PRRT2,,,,,,,,,,,,,,,
,,,,TMEM237,,,,,,,,,,,,,,,
,,,,WBP11,,,,,,,,,,,,,,,
,,,,THAP2,,,,,,,,,,,,,,,
,,,,MAU2,,,,,,,,,,,,,,,
,,,,ACAT1,,,,,,,,,,,,,,,
,,,,MC5R,,,,,,,,,,,,,,,
,,,,NKTR,,,,,,,,,,,,,,,
,,,,SCAF8,,,,,,,,,,,,,,,
,,,,H2AC6,,,,,,,,,,,,,,,
,,,,MYBPH,,,,,,,,,,,,,,,
,,,,NFE2L3,,,,,,,,,,,,,,,
,,,,SGSM1,,,,,,,,,,,,,,,
,,,,PNPT1,,,,,,,,,,,,,,,
,,,,LINC00205,,,,,,,,,,,,,,,
,,,,CCDC77,,,,,,,,,,,,,,,
,,,,USP5,,,,,,,,,,,,,,,
,,,,CBX3,,,,,,,,,,,,,,,
,,,,HSD17B4,,,,,,,,,,,,,,,
,,,,SNORA75,,,,,,,,,,,,,,,
,,,,GGA3,,,,,,,,,,,,,,,
,,,,ZNF850,,,,,,,,,,,,,,,
,,,,CDK8,,,,,,,,,,,,,,,
,,,,SLC30A4,,,,,,,,,,,,,,,
,,,,POMK,,,,,,,,,,,,,,,
,,,,XPO4,,,,,,,,,,,,,,,
,,,,CCDC39,,,,,,,,,,,,,,,
,,,,BTAF1,,,,,,,,,,,,,,,
,,,,TNPO2,,,,,,,,,,,,,,,
,,,,NPY5R,,,,,,,,,,,,,,,
,,,,MICAL3,,,,,,,,,,,,,,,
,,,,PTPRS,,,,,,,,,,,,,,,
,,,,IRF2BP2,,,,,,,,,,,,,,,
,,,,FOXJ3,,,,,,,,,,,,,,,
,,,,SANBR,,,,,,,,,,,,,,,
,,,,NUP107,,,,,,,,,,,,,,,
,,,,RIMKLA,,,,,,,,,,,,,,,
,,,,ISOC2,,,,,,,,,,,,,,,
,,,,MYH8,,,,,,,,,,,,,,,
,,,,BAG5,,,,,,,,,,,,,,,
,,,,EIF5B,,,,,,,,,,,,,,,
,,,,ARHGAP36,,,,,,,,,,,,,,,
,,,,KDM4B,,,,,,,,,,,,,,,
,,,,SLC22A17,,,,,,,,,,,,,,,
,,,,USP7,,,,,,,,,,,,,,,
,,,,UBAP2L,,,,,,,,,,,,,,,
,,,,NOXO1,,,,,,,,,,,,,,,
,,,,XPNPEP3,,,,,,,,,,,,,,,
,,,,ADPGK,,,,,,,,,,,,,,,
,,,,AMMECR1L,,,,,,,,,,,,,,,
,,,,UNC5B,,,,,,,,,,,,,,,
,,,,UBE2H,,,,,,,,,,,,,,,
,,,,LINC02731,,,,,,,,,,,,,,,
,,,,ENOPH1,,,,,,,,,,,,,,,
,,,,CKLF,,,,,,,,,,,,,,,
,,,,RAD51C,,,,,,,,,,,,,,,
,,,,NHLRC3,,,,,,,,,,,,,,,
,,,,SMN2,,,,,,,,,,,,,,,
,,,,AKAP9,,,,,,,,,,,,,,,
,,,,CALML4,,,,,,,,,,,,,,,
,,,,MEAF6,,,,,,,,,,,,,,,
,,,,DPH7,,,,,,,,,,,,,,,
,,,,DDX5,,,,,,,,,,,,,,,
,,,,TMEM151B,,,,,,,,,,,,,,,
,,,,CEP135,,,,,,,,,,,,,,,
,,,,ZSWIM5,,,,,,,,,,,,,,,
,,,,WDR3,,,,,,,,,,,,,,,
,,,,STAMBP,,,,,,,,,,,,,,,
,,,,PI4KA,,,,,,,,,,,,,,,
,,,,PXN,,,,,,,,,,,,,,,
,,,,PSMC5,,,,,,,,,,,,,,,
,,,,SND1,,,,,,,,,,,,,,,
,,,,TAF6,,,,,,,,,,,,,,,
,,,,USP49,,,,,,,,,,,,,,,
,,,,MTNAP1,,,,,,,,,,,,,,,
,,,,DGKI,,,,,,,,,,,,,,,
,,,,ZNF514,,,,,,,,,,,,,,,
,,,,UBE2K,,,,,,,,,,,,,,,
,,,,PPM1G,,,,,,,,,,,,,,,
,,,,RUFY3,,,,,,,,,,,,,,,
,,,,PRKACA,,,,,,,,,,,,,,,
,,,,PRR14L,,,,,,,,,,,,,,,
,,,,TANK,,,,,,,,,,,,,,,
,,,,SNRNP27,,,,,,,,,,,,,,,
,,,,DNAJC11,,,,,,,,,,,,,,,
,,,,TRAPPC11,,,,,,,,,,,,,,,
,,,,NPR1,,,,,,,,,,,,,,,
,,,,PCBP1,,,,,,,,,,,,,,,
,,,,BCDIN3D,,,,,,,,,,,,,,,
,,,,IST1,,,,,,,,,,,,,,,
,,,,ZNF567,,,,,,,,,,,,,,,
,,,,CUL4B,,,,,,,,,,,,,,,
,,,,C1orf174,,,,,,,,,,,,,,,
,,,,NCBP2,,,,,,,,,,,,,,,
,,,,WDR87BP,,,,,,,,,,,,,,,
,,,,PITPNC1,,,,,,,,,,,,,,,
,,,,ENPP6,,,,,,,,,,,,,,,
,,,,OGT,,,,,,,,,,,,,,,
,,,,FBXO42,,,,,,,,,,,,,,,
,,,,FKRP,,,,,,,,,,,,,,,
,,,,MATR3,,,,,,,,,,,,,,,
,,,,EIF2AK4,,,,,,,,,,,,,,,
,,,,ICE2,,,,,,,,,,,,,,,
,,,,UNC45B,,,,,,,,,,,,,,,
,,,,SKA3,,,,,,,,,,,,,,,
,,,,TIE1,,,,,,,,,,,,,,,
,,,,IGHMBP2,,,,,,,,,,,,,,,
,,,,ARVCF,,,,,,,,,,,,,,,
,,,,HOXD4,,,,,,,,,,,,,,,
,,,,ACTR2,,,,,,,,,,,,,,,
,,,,NLRP3,,,,,,,,,,,,,,,
,,,,GUSBP11,,,,,,,,,,,,,,,
,,,,BTF3L4,,,,,,,,,,,,,,,
,,,,SPRING1,,,,,,,,,,,,,,,
,,,,YARS1,,,,,,,,,,,,,,,
,,,,ZFP28,,,,,,,,,,,,,,,
,,,,RAD51AP1,,,,,,,,,,,,,,,
,,,,NAIP,,,,,,,,,,,,,,,
,,,,ZNF557,,,,,,,,,,,,,,,
,,,,PHF10,,,,,,,,,,,,,,,
,,,,ISG20L2,,,,,,,,,,,,,,,
,,,,MPP2,,,,,,,,,,,,,,,
,,,,KDM6B,,,,,,,,,,,,,,,
,,,,LOC100240735,,,,,,,,,,,,,,,
,,,,PAN3-AS1,,,,,,,,,,,,,,,
,,,,WDR77,,,,,,,,,,,,,,,
,,,,SUPT4H1,,,,,,,,,,,,,,,
,,,,DNTTIP2,,,,,,,,,,,,,,,
,,,,ETFDH,,,,,,,,,,,,,,,
,,,,ATP1A2,,,,,,,,,,,,,,,
,,,,MORF4L2,,,,,,,,,,,,,,,
,,,,GLS,,,,,,,,,,,,,,,
,,,,MYEF2,,,,,,,,,,,,,,,
,,,,SOS2,,,,,,,,,,,,,,,
,,,,MTMR4,,,,,,,,,,,,,,,
,,,,DHDDS,,,,,,,,,,,,,,,
,,,,MYBPC2,,,,,,,,,,,,,,,
,,,,ALAD,,,,,,,,,,,,,,,
,,,,ZNF518B,,,,,,,,,,,,,,,
,,,,SLC39A10,,,,,,,,,,,,,,,
,,,,CDC27,,,,,,,,,,,,,,,
,,,,CYTH2,,,,,,,,,,,,,,,
,,,,FLJ42627,,,,,,,,,,,,,,,
,,,,TREH,,,,,,,,,,,,,,,
,,,,FREM1,,,,,,,,,,,,,,,
,,,,LOC100128361,,,,,,,,,,,,,,,
,,,,RABGEF1P1,,,,,,,,,,,,,,,
,,,,MYNN,,,,,,,,,,,,,,,
,,,,C3orf62,,,,,,,,,,,,,,,
,,,,PCBP4,,,,,,,,,,,,,,,
,,,,ZNF737,,,,,,,,,,,,,,,
,,,,TGFA,,,,,,,,,,,,,,,
,,,,RAP1B,,,,,,,,,,,,,,,
,,,,ZNF221,,,,,,,,,,,,,,,
,,,,ZNF891,,,,,,,,,,,,,,,
,,,,TBC1D20,,,,,,,,,,,,,,,
,,,,STXBP3,,,,,,,,,,,,,,,
,,,,TMED4,,,,,,,,,,,,,,,
,,,,DDX21,,,,,,,,,,,,,,,
,,,,HEATR1,,,,,,,,,,,,,,,
,,,,NAPB,,,,,,,,,,,,,,,
,,,,CARMIL3,,,,,,,,,,,,,,,
,,,,SRSF7,,,,,,,,,,,,,,,
,,,,PLEKHO1,,,,,,,,,,,,,,,
,,,,CCDC150,,,,,,,,,,,,,,,
,,,,RIOK1,,,,,,,,,,,,,,,
,,,,ALG10B,,,,,,,,,,,,,,,
,,,,SRSF1,,,,,,,,,,,,,,,
,,,,PANK2,,,,,,,,,,,,,,,
,,,,SLC29A4,,,,,,,,,,,,,,,
,,,,HNRNPA1,,,,,,,,,,,,,,,
,,,,HSDL2,,,,,,,,,,,,,,,
,,,,DCTN2,,,,,,,,,,,,,,,
,,,,MRPS31,,,,,,,,,,,,,,,
,,,,PIF1,,,,,,,,,,,,,,,
,,,,MED21,,,,,,,,,,,,,,,
,,,,RTN4RL2,,,,,,,,,,,,,,,
,,,,MIR4653,,,,,,,,,,,,,,,
,,,,ZNF584,,,,,,,,,,,,,,,
,,,,RHEB,,,,,,,,,,,,,,,
,,,,PYCR1,,,,,,,,,,,,,,,
,,,,NCAPG2,,,,,,,,,,,,,,,
,,,,KPNA1,,,,,,,,,,,,,,,
,,,,LYPD6,,,,,,,,,,,,,,,
,,,,NRDC,,,,,,,,,,,,,,,
,,,,PDAP1,,,,,,,,,,,,,,,
,,,,TUBA3C,,,,,,,,,,,,,,,
,,,,CPSF3,,,,,,,,,,,,,,,
,,,,IL27RA,,,,,,,,,,,,,,,
,,,,TAF8,,,,,,,,,,,,,,,
,,,,RPRD2,,,,,,,,,,,,,,,
,,,,USP24,,,,,,,,,,,,,,,
,,,,PRIM2,,,,,,,,,,,,,,,
,,,,ZC3H10,,,,,,,,,,,,,,,
,,,,ATAD5,,,,,,,,,,,,,,,
,,,,HNRNPUL2,,,,,,,,,,,,,,,
,,,,MSTN,,,,,,,,,,,,,,,
,,,,CACNA1D,,,,,,,,,,,,,,,
,,,,H3C4,,,,,,,,,,,,,,,
,,,,C6orf47,,,,,,,,,,,,,,,
,,,,ATF6B,,,,,,,,,,,,,,,
,,,,MARVELD1,,,,,,,,,,,,,,,
,,,,ZNF454,,,,,,,,,,,,,,,
,,,,GPN1,,,,,,,,,,,,,,,
,,,,LOC100130691,,,,,,,,,,,,,,,
,,,,SEC23B,,,,,,,,,,,,,,,
,,,,UBXN10,,,,,,,,,,,,,,,
,,,,ZNF181,,,,,,,,,,,,,,,
,,,,ERCC8,,,,,,,,,,,,,,,
,,,,ICE1,,,,,,,,,,,,,,,
,,,,DLL4,,,,,,,,,,,,,,,
,,,,SMARCD3,,,,,,,,,,,,,,,
,,,,MTREX,,,,,,,,,,,,,,,
,,,,TPRXL,,,,,,,,,,,,,,,
,,,,POLR3C,,,,,,,,,,,,,,,
,,,,PBX1,,,,,,,,,,,,,,,
,,,,ELF2,,,,,,,,,,,,,,,
,,,,ANP32E,,,,,,,,,,,,,,,
,,,,GAS8-AS1,,,,,,,,,,,,,,,
,,,,CCDC174,,,,,,,,,,,,,,,
,,,,MTHFD1L,,,,,,,,,,,,,,,
,,,,SNCA,,,,,,,,,,,,,,,
,,,,POLR3A,,,,,,,,,,,,,,,
,,,,SALL1,,,,,,,,,,,,,,,
,,,,WIPI2,,,,,,,,,,,,,,,
,,,,BARD1,,,,,,,,,,,,,,,
,,,,SDHAP4,,,,,,,,,,,,,,,
,,,,DUSP11,,,,,,,,,,,,,,,
,,,,TSHZ2,,,,,,,,,,,,,,,
,,,,ACTR8,,,,,,,,,,,,,,,
,,,,RNASE4,,,,,,,,,,,,,,,
,,,,ANGEL2,,,,,,,,,,,,,,,
,,,,GATAD2A,,,,,,,,,,,,,,,
,,,,SLX4IP,,,,,,,,,,,,,,,
,,,,SNAP23,,,,,,,,,,,,,,,
,,,,CUEDC1,,,,,,,,,,,,,,,
,,,,ACADS,,,,,,,,,,,,,,,
,,,,IREB2,,,,,,,,,,,,,,,
,,,,LOXL1-AS1,,,,,,,,,,,,,,,
,,,,COIL,,,,,,,,,,,,,,,
,,,,ICA1L,,,,,,,,,,,,,,,
,,,,ZNF641,,,,,,,,,,,,,,,
,,,,LINC-PINT,,,,,,,,,,,,,,,
,,,,IDS,,,,,,,,,,,,,,,
,,,,ZNF430,,,,,,,,,,,,,,,
,,,,TIGAR,,,,,,,,,,,,,,,
,,,,BCLAF1,,,,,,,,,,,,,,,
,,,,UBXN7,,,,,,,,,,,,,,,
,,,,ZCCHC3,,,,,,,,,,,,,,,
,,,,LMNB2,,,,,,,,,,,,,,,
,,,,GIGYF2,,,,,,,,,,,,,,,
,,,,ZNF343,,,,,,,,,,,,,,,
,,,,SRRM2,,,,,,,,,,,,,,,
,,,,FAM230C,,,,,,,,,,,,,,,
,,,,RNPS1,,,,,,,,,,,,,,,
,,,,BRWD3,,,,,,,,,,,,,,,
,,,,UFM1,,,,,,,,,,,,,,,
,,,,IP6K2,,,,,,,,,,,,,,,
,,,,FYTTD1,,,,,,,,,,,,,,,
,,,,TBL2,,,,,,,,,,,,,,,
,,,,GGA1,,,,,,,,,,,,,,,
,,,,KNSTRN,,,,,,,,,,,,,,,
,,,,CWC25,,,,,,,,,,,,,,,
,,,,RAB31,,,,,,,,,,,,,,,
,,,,CYP2J2,,,,,,,,,,,,,,,
,,,,ORC1,,,,,,,,,,,,,,,
,,,,SARS1,,,,,,,,,,,,,,,
,,,,FANCI,,,,,,,,,,,,,,,
,,,,ISY1,,,,,,,,,,,,,,,
,,,,CLDND1,,,,,,,,,,,,,,,
,,,,FASTKD3,,,,,,,,,,,,,,,
,,,,VMA21,,,,,,,,,,,,,,,
,,,,ATXN10,,,,,,,,,,,,,,,
,,,,TACC3,,,,,,,,,,,,,,,
,,,,SOBP,,,,,,,,,,,,,,,
,,,,UBALD2,,,,,,,,,,,,,,,
,,,,ESPL1,,,,,,,,,,,,,,,
,,,,EHD3,,,,,,,,,,,,,,,
,,,,RTL10,,,,,,,,,,,,,,,
,,,,SV2A,,,,,,,,,,,,,,,
,,,,NPPA-AS1,,,,,,,,,,,,,,,
,,,,ACTC1,,,,,,,,,,,,,,,
,,,,GINS1,,,,,,,,,,,,,,,
,,,,BDP1,,,,,,,,,,,,,,,
,,,,PROSER3,,,,,,,,,,,,,,,
,,,,CYP27C1,,,,,,,,,,,,,,,
,,,,WWTR1,,,,,,,,,,,,,,,
,,,,PTAR1,,,,,,,,,,,,,,,
,,,,CDC45,,,,,,,,,,,,,,,
,,,,MSL1,,,,,,,,,,,,,,,
,,,,TMEM217,,,,,,,,,,,,,,,
,,,,SLC4A7,,,,,,,,,,,,,,,
,,,,H2BC21,,,,,,,,,,,,,,,
,,,,NOP56,,,,,,,,,,,,,,,
,,,,DBF4B,,,,,,,,,,,,,,,
,,,,RPS6KB1,,,,,,,,,,,,,,,
,,,,ZNF549,,,,,,,,,,,,,,,
,,,,LZTR1,,,,,,,,,,,,,,,
,,,,CCDC17,,,,,,,,,,,,,,,
,,,,PLXND1,,,,,,,,,,,,,,,
,,,,POLB,,,,,,,,,,,,,,,
,,,,ZNF480,,,,,,,,,,,,,,,
,,,,DNALI1,,,,,,,,,,,,,,,
,,,,TRIM46,,,,,,,,,,,,,,,
,,,,NUP133,,,,,,,,,,,,,,,
,,,,RLIM,,,,,,,,,,,,,,,
,,,,DDX11L2,,,,,,,,,,,,,,,
,,,,NPHP3,,,,,,,,,,,,,,,
,,,,SRSF9,,,,,,,,,,,,,,,
,,,,TMCO3,,,,,,,,,,,,,,,
,,,,ZMYM6,,,,,,,,,,,,,,,
,,,,AP4B1,,,,,,,,,,,,,,,
,,,,ZNF263,,,,,,,,,,,,,,,
,,,,ANKRD11,,,,,,,,,,,,,,,
,,,,MFHAS1,,,,,,,,,,,,,,,
,,,,TMOD4,,,,,,,,,,,,,,,
,,,,TIPIN,,,,,,,,,,,,,,,
,,,,VHL,,,,,,,,,,,,,,,
,,,,TTBK2,,,,,,,,,,,,,,,
,,,,HNRNPH3,,,,,,,,,,,,,,,
,,,,CAMSAP2,,,,,,,,,,,,,,,
,,,,NIN,,,,,,,,,,,,,,,
,,,,HDAC2,,,,,,,,,,,,,,,
,,,,KATNBL1,,,,,,,,,,,,,,,
,,,,TTF2,,,,,,,,,,,,,,,
,,,,MAPKAPK2,,,,,,,,,,,,,,,
,,,,ANGEL1,,,,,,,,,,,,,,,
,,,,POLQ,,,,,,,,,,,,,,,
,,,,WDR47,,,,,,,,,,,,,,,
,,,,PFN4,,,,,,,,,,,,,,,
,,,,RNFT2,,,,,,,,,,,,,,,
,,,,THOC5,,,,,,,,,,,,,,,
,,,,STIM1,,,,,,,,,,,,,,,
,,,,ZNF91,,,,,,,,,,,,,,,
,,,,FANCE,,,,,,,,,,,,,,,
,,,,FHIP2A,,,,,,,,,,,,,,,
,,,,NKAIN1,,,,,,,,,,,,,,,
,,,,GPC4,,,,,,,,,,,,,,,
,,,,ST13,,,,,,,,,,,,,,,
,,,,LMOD3,,,,,,,,,,,,,,,
,,,,EFCAB2,,,,,,,,,,,,,,,
,,,,TMEM39A,,,,,,,,,,,,,,,
,,,,M6PR,,,,,,,,,,,,,,,
,,,,KLHL7-DT,,,,,,,,,,,,,,,
,,,,SMARCE1,,,,,,,,,,,,,,,
,,,,RAB40A,,,,,,,,,,,,,,,
,,,,ROCK1,,,,,,,,,,,,,,,
,,,,HGS,,,,,,,,,,,,,,,
,,,,NR2C2,,,,,,,,,,,,,,,
,,,,AHI1,,,,,,,,,,,,,,,
,,,,INO80,,,,,,,,,,,,,,,
,,,,RFC5,,,,,,,,,,,,,,,
,,,,ZNF777,,,,,,,,,,,,,,,
,,,,NPHP3-ACAD11,,,,,,,,,,,,,,,
,,,,TNIK,,,,,,,,,,,,,,,
,,,,TMEM209,,,,,,,,,,,,,,,
,,,,PARP16,,,,,,,,,,,,,,,
,,,,ZNF93,,,,,,,,,,,,,,,
,,,,USP38,,,,,,,,,,,,,,,
,,,,SFSWAP,,,,,,,,,,,,,,,
,,,,SKP2,,,,,,,,,,,,,,,
,,,,MELTF-AS1,,,,,,,,,,,,,,,
,,,,VPS50,,,,,,,,,,,,,,,
,,,,RBBP6,,,,,,,,,,,,,,,
,,,,TMEM131L,,,,,,,,,,,,,,,
,,,,EFTUD2,,,,,,,,,,,,,,,
,,,,EN2,,,,,,,,,,,,,,,
,,,,TGS1,,,,,,,,,,,,,,,
,,,,NDST2,,,,,,,,,,,,,,,
,,,,CREB3L2,,,,,,,,,,,,,,,
,,,,ADGRA3,,,,,,,,,,,,,,,
,,,,GPR153,,,,,,,,,,,,,,,
,,,,CFAP210,,,,,,,,,,,,,,,
,,,,GPATCH1,,,,,,,,,,,,,,,
,,,,KIF14,,,,,,,,,,,,,,,
,,,,SF3A3,,,,,,,,,,,,,,,
,,,,VPS41,,,,,,,,,,,,,,,
,,,,ZNF766,,,,,,,,,,,,,,,
,,,,CLIP2,,,,,,,,,,,,,,,
,,,,MAGEA1,,,,,,,,,,,,,,,
,,,,DST,,,,,,,,,,,,,,,
,,,,HMGB3,,,,,,,,,,,,,,,
,,,,CEP350,,,,,,,,,,,,,,,
,,,,CNNM4,,,,,,,,,,,,,,,
,,,,WDR35,,,,,,,,,,,,,,,
,,,,ANKRD17,,,,,,,,,,,,,,,
,,,,SAMD13,,,,,,,,,,,,,,,
,,,,C10orf71,,,,,,,,,,,,,,,
,,,,PTGR1,,,,,,,,,,,,,,,
,,,,BZW2,,,,,,,,,,,,,,,
,,,,COG5,,,,,,,,,,,,,,,
,,,,UBN1,,,,,,,,,,,,,,,
,,,,USP15,,,,,,,,,,,,,,,
,,,,TRAFD1,,,,,,,,,,,,,,,
,,,,HERC2P2,,,,,,,,,,,,,,,
,,,,TMEM106B,,,,,,,,,,,,,,,
,,,,LINC01816,,,,,,,,,,,,,,,
,,,,TPTEP2,,,,,,,,,,,,,,,
,,,,TRIM62,,,,,,,,,,,,,,,
,,,,SNRPD3,,,,,,,,,,,,,,,
,,,,ZNF302,,,,,,,,,,,,,,,
,,,,AMPD3,,,,,,,,,,,,,,,
,,,,RSPRY1,,,,,,,,,,,,,,,
,,,,DCUN1D4,,,,,,,,,,,,,,,
,,,,STYXL1,,,,,,,,,,,,,,,
,,,,SUGP1,,,,,,,,,,,,,,,
,,,,LINC00674,,,,,,,,,,,,,,,
,,,,CLCN6,,,,,,,,,,,,,,,
,,,,SOX12,,,,,,,,,,,,,,,
,,,,TMIE,,,,,,,,,,,,,,,
,,,,FZD2,,,,,,,,,,,,,,,
,,,,SHISA2,,,,,,,,,,,,,,,
,,,,TUG1,,,,,,,,,,,,,,,
,,,,MIR4701,,,,,,,,,,,,,,,
,,,,SMG1,,,,,,,,,,,,,,,
,,,,HOXA11-AS,,,,,,,,,,,,,,,
,,,,SLC4A1AP,,,,,,,,,,,,,,,
,,,,BCKDHB,,,,,,,,,,,,,,,
,,,,GTF2IRD2,,,,,,,,,,,,,,,
,,,,GCSAM,,,,,,,,,,,,,,,
,,,,FHOD3,,,,,,,,,,,,,,,
,,,,BAZ1A,,,,,,,,,,,,,,,
,,,,EDC3,,,,,,,,,,,,,,,
,,,,MFAP1,,,,,,,,,,,,,,,
,,,,CRTC2,,,,,,,,,,,,,,,
,,,,NUP155,,,,,,,,,,,,,,,
,,,,C2orf92,,,,,,,,,,,,,,,
,,,,RNF24,,,,,,,,,,,,,,,
,,,,SLCO3A1,,,,,,,,,,,,,,,
,,,,FNBP4,,,,,,,,,,,,,,,
,,,,TPM3,,,,,,,,,,,,,,,
,,,,IKBKE,,,,,,,,,,,,,,,
,,,,LHPP,,,,,,,,,,,,,,,
,,,,MIR1250,,,,,,,,,,,,,,,
,,,,MAGEC2,,,,,,,,,,,,,,,
,,,,SCARNA1,,,,,,,,,,,,,,,
,,,,SETD6,,,,,,,,,,,,,,,
,,,,ADAT1,,,,,,,,,,,,,,,
,,,,DAZAP2,,,,,,,,,,,,,,,
,,,,EGFLAM,,,,,,,,,,,,,,,
,,,,ASH2L,,,,,,,,,,,,,,,
,,,,HIVEP3,,,,,,,,,,,,,,,
,,,,SLC39A7,,,,,,,,,,,,,,,
,,,,YWHAQ,,,,,,,,,,,,,,,
,,,,CIRBP-AS1,,,,,,,,,,,,,,,
,,,,CLIP3,,,,,,,,,,,,,,,
,,,,G2E3,,,,,,,,,,,,,,,
,,,,SRPK2,,,,,,,,,,,,,,,
,,,,GAREM2,,,,,,,,,,,,,,,
,,,,TEAD1,,,,,,,,,,,,,,,
,,,,DDX46,,,,,,,,,,,,,,,
,,,,SNORD117,,,,,,,,,,,,,,,
,,,,NAGS,,,,,,,,,,,,,,,
,,,,ARRB1,,,,,,,,,,,,,,,
,,,,CCDC142,,,,,,,,,,,,,,,
,,,,MTMR6,,,,,,,,,,,,,,,
,,,,ZNF839,,,,,,,,,,,,,,,
,,,,DACH1,,,,,,,,,,,,,,,
,,,,EFNA2,,,,,,,,,,,,,,,
,,,,SNTB2,,,,,,,,,,,,,,,
,,,,NAPEPLD,,,,,,,,,,,,,,,
,,,,KPNB1,,,,,,,,,,,,,,,
,,,,LIMCH1,,,,,,,,,,,,,,,
,,,,HM13-AS1,,,,,,,,,,,,,,,
,,,,LYNX1,,,,,,,,,,,,,,,
,,,,PMS2P1,,,,,,,,,,,,,,,
,,,,AEBP2,,,,,,,,,,,,,,,
,,,,WASL,,,,,,,,,,,,,,,
,,,,CLTRN,,,,,,,,,,,,,,,
,,,,OCRL,,,,,,,,,,,,,,,
,,,,HDHD3,,,,,,,,,,,,,,,
,,,,CEP83,,,,,,,,,,,,,,,
,,,,UBE2L3,,,,,,,,,,,,,,,
,,,,SLC43A2,,,,,,,,,,,,,,,
,,,,BUD23,,,,,,,,,,,,,,,
,,,,MSN,,,,,,,,,,,,,,,
,,,,LDHD,,,,,,,,,,,,,,,
,,,,HOXC13,,,,,,,,,,,,,,,
,,,,CALN1,,,,,,,,,,,,,,,
,,,,ZNF232,,,,,,,,,,,,,,,
,,,,MAPK12,,,,,,,,,,,,,,,
,,,,BORA,,,,,,,,,,,,,,,
,,,,STX2,,,,,,,,,,,,,,,
,,,,AFF1,,,,,,,,,,,,,,,
,,,,KIF27,,,,,,,,,,,,,,,
,,,,BIVM,,,,,,,,,,,,,,,
,,,,ZNF337,,,,,,,,,,,,,,,
,,,,CASP3,,,,,,,,,,,,,,,
,,,,STAC3,,,,,,,,,,,,,,,
,,,,ADAR,,,,,,,,,,,,,,,
,,,,UBTF,,,,,,,,,,,,,,,
,,,,DGCR11,,,,,,,,,,,,,,,
,,,,ETV4,,,,,,,,,,,,,,,
,,,,NBPF15,,,,,,,,,,,,,,,
,,,,PSMG3,,,,,,,,,,,,,,,
,,,,CABIN1,,,,,,,,,,,,,,,
,,,,ZNF563,,,,,,,,,,,,,,,
,,,,MCUR1,,,,,,,,,,,,,,,
,,,,SPMIP4,,,,,,,,,,,,,,,
,,,,ITGA7,,,,,,,,,,,,,,,
,,,,COP1,,,,,,,,,,,,,,,
,,,,LRRC47,,,,,,,,,,,,,,,
,,,,MED23,,,,,,,,,,,,,,,
,,,,ZNF717,,,,,,,,,,,,,,,
,,,,KCNQ3,,,,,,,,,,,,,,,
,,,,PPIL2,,,,,,,,,,,,,,,
,,,,CLGN,,,,,,,,,,,,,,,
,,,,MOB1B,,,,,,,,,,,,,,,
,,,,CDCA3,,,,,,,,,,,,,,,
,,,,HNRNPK,,,,,,,,,,,,,,,
,,,,ANAPC7,,,,,,,,,,,,,,,
,,,,EBLN2,,,,,,,,,,,,,,,
,,,,ZIC2,,,,,,,,,,,,,,,
,,,,CIT,,,,,,,,,,,,,,,
,,,,GJC3,,,,,,,,,,,,,,,
,,,,CACNA1S,,,,,,,,,,,,,,,
,,,,ZNF808,,,,,,,,,,,,,,,
,,,,ZNF354A,,,,,,,,,,,,,,,
,,,,TNNI1,,,,,,,,,,,,,,,
,,,,PSMC3IP,,,,,,,,,,,,,,,
,,,,TSR1,,,,,,,,,,,,,,,
,,,,ZNF670,,,,,,,,,,,,,,,
,,,,ACIN1,,,,,,,,,,,,,,,
,,,,ZNF544,,,,,,,,,,,,,,,
,,,,PPP2R2A,,,,,,,,,,,,,,,
,,,,LOC100128288,,,,,,,,,,,,,,,
,,,,UMPS,,,,,,,,,,,,,,,
,,,,SGSH,,,,,,,,,,,,,,,
,,,,STK4,,,,,,,,,,,,,,,
,,,,KCTD20,,,,,,,,,,,,,,,
,,,,ZNF568,,,,,,,,,,,,,,,
,,,,ZNF274,,,,,,,,,,,,,,,
,,,,GUF1,,,,,,,,,,,,,,,
,,,,EFS,,,,,,,,,,,,,,,
,,,,CDC42EP3,,,,,,,,,,,,,,,
,,,,RASSF4,,,,,,,,,,,,,,,
,,,,C1orf115,,,,,,,,,,,,,,,
,,,,NDUFA9,,,,,,,,,,,,,,,
,,,,CBFB,,,,,,,,,,,,,,,
,,,,POMT2,,,,,,,,,,,,,,,
,,,,DESI2,,,,,,,,,,,,,,,
,,,,MDFI,,,,,,,,,,,,,,,
,,,,FGF11,,,,,,,,,,,,,,,
,,,,MRS2,,,,,,,,,,,,,,,
,,,,BCL7A,,,,,,,,,,,,,,,
,,,,LAMB2P1,,,,,,,,,,,,,,,
,,,,ZNF691,,,,,,,,,,,,,,,
,,,,SEMA6A,,,,,,,,,,,,,,,
,,,,UNK,,,,,,,,,,,,,,,
,,,,SETD1B,,,,,,,,,,,,,,,
,,,,ZNF266,,,,,,,,,,,,,,,
,,,,JAK1,,,,,,,,,,,,,,,
,,,,PTBP2,,,,,,,,,,,,,,,
,,,,ZBTB34,,,,,,,,,,,,,,,
,,,,CYP39A1,,,,,,,,,,,,,,,
,,,,NRAP,,,,,,,,,,,,,,,
,,,,SPAG9,,,,,,,,,,,,,,,
,,,,MYOG,,,,,,,,,,,,,,,
,,,,POU6F1,,,,,,,,,,,,,,,
,,,,GBP3,,,,,,,,,,,,,,,
,,,,FIRRE,,,,,,,,,,,,,,,
,,,,UBE2Q1,,,,,,,,,,,,,,,
,,,,ARHGAP11A,,,,,,,,,,,,,,,
,,,,RYK,,,,,,,,,,,,,,,
,,,,ZNF85,,,,,,,,,,,,,,,
,,,,LRWD1,,,,,,,,,,,,,,,
,,,,GAR1,,,,,,,,,,,,,,,
,,,,CGGBP1,,,,,,,,,,,,,,,
,,,,AIG1,,,,,,,,,,,,,,,
,,,,YTHDF2,,,,,,,,,,,,,,,
,,,,PRKD2,,,,,,,,,,,,,,,
,,,,DISP2,,,,,,,,,,,,,,,
,,,,ZNF615,,,,,,,,,,,,,,,
,,,,C20orf96,,,,,,,,,,,,,,,
,,,,SPEG,,,,,,,,,,,,,,,
,,,,HMGN4,,,,,,,,,,,,,,,
,,,,TRIM11,,,,,,,,,,,,,,,
,,,,IL16,,,,,,,,,,,,,,,
,,,,PARVB,,,,,,,,,,,,,,,
,,,,PRKDC,,,,,,,,,,,,,,,
,,,,LSM8,,,,,,,,,,,,,,,
,,,,RFWD3,,,,,,,,,,,,,,,
,,,,ZYX,,,,,,,,,,,,,,,
,,,,BIRC6,,,,,,,,,,,,,,,
,,,,TAFA3,,,,,,,,,,,,,,,
,,,,ADGRE2,,,,,,,,,,,,,,,
,,,,SMCHD1,,,,,,,,,,,,,,,
,,,,ZFP82,,,,,,,,,,,,,,,
,,,,SRP72,,,,,,,,,,,,,,,
,,,,ACADL,,,,,,,,,,,,,,,
,,,,ORC4,,,,,,,,,,,,,,,
,,,,RNF185,,,,,,,,,,,,,,,
,,,,SNORA7B,,,,,,,,,,,,,,,
,,,,MSH4,,,,,,,,,,,,,,,
,,,,GEN1,,,,,,,,,,,,,,,
,,,,SLC1A1,,,,,,,,,,,,,,,
,,,,RAE1,,,,,,,,,,,,,,,
,,,,LRRC61,,,,,,,,,,,,,,,
,,,,MIR3685,,,,,,,,,,,,,,,
,,,,POLR1F,,,,,,,,,,,,,,,
,,,,NUFIP2,,,,,,,,,,,,,,,
,,,,ARMC8,,,,,,,,,,,,,,,
,,,,ALPK3,,,,,,,,,,,,,,,
,,,,KLHL11,,,,,,,,,,,,,,,
,,,,ACOT9,,,,,,,,,,,,,,,
,,,,FNTA,,,,,,,,,,,,,,,
,,,,PRCP,,,,,,,,,,,,,,,
,,,,MAP1A,,,,,,,,,,,,,,,
,,,,EPHB2,,,,,,,,,,,,,,,
,,,,UBE2R2,,,,,,,,,,,,,,,
,,,,STYXL2,,,,,,,,,,,,,,,
,,,,ACHE,,,,,,,,,,,,,,,
,,,,ASB5,,,,,,,,,,,,,,,
,,,,DNAJB5,,,,,,,,,,,,,,,
,,,,TFAP2B,,,,,,,,,,,,,,,
,,,,SPG11,,,,,,,,,,,,,,,
,,,,COL2A1,,,,,,,,,,,,,,,
,,,,ANKIB1,,,,,,,,,,,,,,,
,,,,MRPL9,,,,,,,,,,,,,,,
,,,,CELF1,,,,,,,,,,,,,,,
,,,,SNRPF,,,,,,,,,,,,,,,
,,,,HSPB9,,,,,,,,,,,,,,,
,,,,MRPS10,,,,,,,,,,,,,,,
,,,,DLG4,,,,,,,,,,,,,,,
,,,,STAG3L2,,,,,,,,,,,,,,,
,,,,NHSL2,,,,,,,,,,,,,,,
,,,,RECQL,,,,,,,,,,,,,,,
,,,,ACSL5,,,,,,,,,,,,,,,
,,,,GTPBP10,,,,,,,,,,,,,,,
,,,,WTAP,,,,,,,,,,,,,,,
,,,,FCHO2,,,,,,,,,,,,,,,
,,,,SON,,,,,,,,,,,,,,,
,,,,PITX1-AS1,,,,,,,,,,,,,,,
,,,,RORC,,,,,,,,,,,,,,,
,,,,CCNK,,,,,,,,,,,,,,,
,,,,UBE2E1,,,,,,,,,,,,,,,
,,,,ZNF432,,,,,,,,,,,,,,,
,,,,PIK3CA,,,,,,,,,,,,,,,
,,,,COA3,,,,,,,,,,,,,,,
,,,,ZNF202,,,,,,,,,,,,,,,
,,,,RAD54L,,,,,,,,,,,,,,,
,,,,TULP4,,,,,,,,,,,,,,,
,,,,ZNF530,,,,,,,,,,,,,,,
,,,,PFDN6,,,,,,,,,,,,,,,
,,,,GNA12,,,,,,,,,,,,,,,
,,,,ZNF559,,,,,,,,,,,,,,,
,,,,SNORD110,,,,,,,,,,,,,,,
,,,,LOC100506639,,,,,,,,,,,,,,,
,,,,SPICE1,,,,,,,,,,,,,,,
,,,,LIMK2,,,,,,,,,,,,,,,
,,,,WASHC4,,,,,,,,,,,,,,,
,,,,NREP,,,,,,,,,,,,,,,
,,,,NAB2,,,,,,,,,,,,,,,
,,,,STARD8,,,,,,,,,,,,,,,
,,,,CCZ1P-OR7E38P,,,,,,,,,,,,,,,
,,,,ST3GAL2,,,,,,,,,,,,,,,
,,,,RNF213-AS1,,,,,,,,,,,,,,,
,,,,EPHX2,,,,,,,,,,,,,,,
,,,,SNORD35B,,,,,,,,,,,,,,,
,,,,HDHD5,,,,,,,,,,,,,,,
,,,,EXOG,,,,,,,,,,,,,,,
,,,,KALRN,,,,,,,,,,,,,,,
,,,,ZNF468,,,,,,,,,,,,,,,
,,,,UBOX5,,,,,,,,,,,,,,,
,,,,SSBP1,,,,,,,,,,,,,,,
,,,,VPS33A,,,,,,,,,,,,,,,
,,,,PEX11G,,,,,,,,,,,,,,,
,,,,IDI2,,,,,,,,,,,,,,,
,,,,KCNK17,,,,,,,,,,,,,,,
,,,,ZNF324,,,,,,,,,,,,,,,
,,,,COBLL1,,,,,,,,,,,,,,,
,,,,ARF3,,,,,,,,,,,,,,,
,,,,ATG4B,,,,,,,,,,,,,,,
,,,,CDHR3,,,,,,,,,,,,,,,
,,,,PITRM1-AS1,,,,,,,,,,,,,,,
,,,,SMUG1,,,,,,,,,,,,,,,
,,,,DDX25,,,,,,,,,,,,,,,
,,,,RABEP1,,,,,,,,,,,,,,,
,,,,BRPF1,,,,,,,,,,,,,,,
,,,,PXK,,,,,,,,,,,,,,,
,,,,APOL1,,,,,,,,,,,,,,,
,,,,ZZEF1,,,,,,,,,,,,,,,
,,,,RARA,,,,,,,,,,,,,,,
,,,,NEB,,,,,,,,,,,,,,,
,,,,PRPSAP1,,,,,,,,,,,,,,,
,,,,TSEN54,,,,,,,,,,,,,,,
,,,,MAGOHB,,,,,,,,,,,,,,,
,,,,STK32B,,,,,,,,,,,,,,,
,,,,GTSE1,,,,,,,,,,,,,,,
,,,,ZNF529,,,,,,,,,,,,,,,
,,,,DCHS1,,,,,,,,,,,,,,,
,,,,SSH1,,,,,,,,,,,,,,,
,,,,SAP130,,,,,,,,,,,,,,,
,,,,LIX1L,,,,,,,,,,,,,,,
,,,,FAM199X,,,,,,,,,,,,,,,
,,,,CCDC14,,,,,,,,,,,,,,,
,,,,PISD,,,,,,,,,,,,,,,
,,,,SLC25A37,,,,,,,,,,,,,,,
,,,,ABHD16A,,,,,,,,,,,,,,,
,,,,DIAPH3,,,,,,,,,,,,,,,
,,,,IKBKB,,,,,,,,,,,,,,,
,,,,MIR573,,,,,,,,,,,,,,,
,,,,RRAD,,,,,,,,,,,,,,,
,,,,SNORD19B,,,,,,,,,,,,,,,
,,,,DUSP28,,,,,,,,,,,,,,,
,,,,MFSD9,,,,,,,,,,,,,,,
,,,,ZWINT,,,,,,,,,,,,,,,
,,,,CCL1,,,,,,,,,,,,,,,
,,,,DES,,,,,,,,,,,,,,,
,,,,SMARCA5,,,,,,,,,,,,,,,
,,,,CHMP7,,,,,,,,,,,,,,,
,,,,PTPRE,,,,,,,,,,,,,,,
,,,,HERC2P3,,,,,,,,,,,,,,,
,,,,DNAAF9,,,,,,,,,,,,,,,
,,,,ARHGEF11,,,,,,,,,,,,,,,
,,,,WDFY3,,,,,,,,,,,,,,,
,,,,ENTPD5,,,,,,,,,,,,,,,
,,,,MIPEP,,,,,,,,,,,,,,,
,,,,CHPF2,,,,,,,,,,,,,,,
,,,,TRIO,,,,,,,,,,,,,,,
,,,,ELL,,,,,,,,,,,,,,,
,,,,NMRK1,,,,,,,,,,,,,,,
,,,,AGAP3,,,,,,,,,,,,,,,
,,,,ISLR2,,,,,,,,,,,,,,,
,,,,AFAP1L1,,,,,,,,,,,,,,,
,,,,GLYR1,,,,,,,,,,,,,,,
,,,,OTUD3,,,,,,,,,,,,,,,
,,,,GMEB1,,,,,,,,,,,,,,,
,,,,CHID1,,,,,,,,,,,,,,,
,,,,SERHL2,,,,,,,,,,,,,,,
,,,,FN3KRP,,,,,,,,,,,,,,,
,,,,H2BC5,,,,,,,,,,,,,,,
,,,,RCBTB2,,,,,,,,,,,,,,,
,,,,SH3BP1,,,,,,,,,,,,,,,
,,,,SORCS2,,,,,,,,,,,,,,,
,,,,ACTL6A,,,,,,,,,,,,,,,
,,,,CNPY4,,,,,,,,,,,,,,,
,,,,GEMIN5,,,,,,,,,,,,,,,
,,,,SIAE,,,,,,,,,,,,,,,
,,,,COPZ1,,,,,,,,,,,,,,,
,,,,SNORD113-4,,,,,,,,,,,,,,,
,,,,CHD8,,,,,,,,,,,,,,,
,,,,ZSWIM6,,,,,,,,,,,,,,,
,,,,KLF6,,,,,,,,,,,,,,,
,,,,SNCAIP,,,,,,,,,,,,,,,
,,,,RPL23AP64,,,,,,,,,,,,,,,
,,,,DSCC1,,,,,,,,,,,,,,,
,,,,NCOR1,,,,,,,,,,,,,,,
,,,,PSD3,,,,,,,,,,,,,,,
,,,,H2BC6,,,,,,,,,,,,,,,
,,,,SYT9,,,,,,,,,,,,,,,
,,,,MBD4,,,,,,,,,,,,,,,
,,,,IFT56,,,,,,,,,,,,,,,
,,,,ZNF449,,,,,,,,,,,,,,,
,,,,CHP1P2,,,,,,,,,,,,,,,
,,,,NSD1,,,,,,,,,,,,,,,
,,,,AHCTF1,,,,,,,,,,,,,,,
,,,,GTDC1,,,,,,,,,,,,,,,
,,,,BICD1,,,,,,,,,,,,,,,
,,,,MRPS35,,,,,,,,,,,,,,,
,,,,INSYN2B,,,,,,,,,,,,,,,
,,,,RFC1,,,,,,,,,,,,,,,
,,,,RCC1L,,,,,,,,,,,,,,,
,,,,GATC,,,,,,,,,,,,,,,
,,,,NUSAP1,,,,,,,,,,,,,,,
,,,,MEX3B,,,,,,,,,,,,,,,
,,,,CHTOP,,,,,,,,,,,,,,,
,,,,TM4SF19,,,,,,,,,,,,,,,
,,,,PXDN,,,,,,,,,,,,,,,
,,,,TMEM177,,,,,,,,,,,,,,,
,,,,SRSF4,,,,,,,,,,,,,,,
,,,,AAAS,,,,,,,,,,,,,,,
,,,,SRPK3,,,,,,,,,,,,,,,
,,,,PSMD1,,,,,,,,,,,,,,,
,,,,PIGG,,,,,,,,,,,,,,,
,,,,DUSP16,,,,,,,,,,,,,,,
,,,,HMGXB4,,,,,,,,,,,,,,,
,,,,SS18,,,,,,,,,,,,,,,
,,,,HAPSTR1,,,,,,,,,,,,,,,
,,,,KPNA6,,,,,,,,,,,,,,,
,,,,GNPDA2,,,,,,,,,,,,,,,
,,,,ANG,,,,,,,,,,,,,,,
,,,,SLC38A9,,,,,,,,,,,,,,,
,,,,MED15,,,,,,,,,,,,,,,
,,,,TMSB15A,,,,,,,,,,,,,,,
