GSE91061,GSE61992,GSE91061|GSE61992
PAX5,ATP5F1EP2,HCLS1
CLEC17A,STC1,FLOT2
TCL1A,FKBP5,PLEKHA2
TNFRSF13C,POMP,CD83
TLR10,DAB2,FNBP1
CD19,HLA-B,ZNF394
FCRL2,CSE1L,ZNF682
GPR18,CTSZ,SYMPK
POU2F2,WIPI1,DCTD
CNR2,TNFRSF21,ITPR1
FCRL1,PIGM,WDR18
STAP1,IGKV1ORY-1,DDX17
MS4A1,TAP1,NISCH
BANK1,GSDME,IL10
TESPA1,ITGA3,BET1
CXCR5,AURKA,DPF2
CD79A,GALNT11,RBM23
SPIB,S100A3,BLOC1S6
TMEM156,DNAJC9,EHD1
NIBAN3,NPTX2,CFL1
BLK,SLC25A23,HIGD2A
ZC3H12D,DNAJB1,PDLIM1
LTA,TMCO1,CERS4
P2RX2,IL1B,RAB32
CCR6,SELENOP,KLHL9
MAP4K1,PLPBP,TBC1D9B
RHOH,ADO,SIN3A
GCSAM,SLC37A4,CCDC117
ADGRG5,SESTD1,ZNF529
IKZF1,DPM1,DLD
P2RX5,MAGED1,RPL21
CD37,SERTAD1,
BACH2,POLG,
BEND4,MARCHF6,
GAPT,NAP1L4,
FCRL3,SCRN1,
CLLU1,S100A8,
CD22,GID8,
PPP1R16B,RNF125,
IRF8,BEX4,
IRAG2,DPY30,
SLAMF6,DDX27,
WDFY4,PNPT1,
BTLA,DUSP19,
SASH3,OCA2,
SP140,CTSG,
PNOC,BAG3,
CORO1A,IER5L,
SEPTIN1,TMED7,
P2RY10,COMMD6,
HLA-DOB,CCL8,
CD79B,ANGPTL7,
INPP5D,LUM,
LCK,HERPUD1,
KBTBD8,CCDC6,
CD40LG,DUS4L,
IKZF3,IFI27,
HVCN1,SRPRB,
NCR3,TMEM43,
TRAF3IP3,FCSK,
POU2AF1,GSTO1,
TSPOAP1-AS1,AOC4P,
PTPN6,TFAP2A,
TLR9,EVI5,
VPREB3,MFAP2,
TREML2,FICD,
BCL11A,SPTAN1,
LINC00926,SCIN,
AICDA,SLC25A36,
CD3G,HGC6.3,
CARMIL2,EXOSC10,
PLCG2,NAPRT,
RASGRP2,H2BC11,
GVINP1,HDDC3,
IL17REL,IMPA1,
ZNF101,NUP205,
NLRC3,TAF4,
LNROP,UGT2B11,
AKNA,QRFPR,
PCED1B-AS1,KIAA1671,
TMEM131L,DNAJB2,
FCRL5,CAMK2N1,
GRAP,NRIP3,
SHISAL2A,SRP14,
SUSD3,PCDH17,
BTK,TBCE,
FCRL4,ACTL6A,
RGS13,DARS2,
LTB,P4HB,
CR2,CFAP74,
LY9,TAGLN,
RCSD1,SIL1,
CLECL1P,ERCC1,
PIK3CG,VGF,
ATP2A3,C19orf12,
FCHO1,LRRFIP1,
FAM30A,EMC1,
C12orf42,SFMBT2,
LINC01501,HDAC4,
SHISA8,SERPINB6,
ACAP1,CDK2,
DTX1,EIF3L,
CCDC88C,COPS7A,
SNX29P2,CISD1,
BLNK,HAUS2,
ARHGAP30,BLZF1,
SLC12A3,ITPK1,
TMC8,EIF2B4,
CARD11,GFRA3,
C16orf54,PSME1,
CD180,ZBTB4,
CD6,RCBTB2,
VAV3-AS1,PTP4A1,
FCER2,CERS5,
RAB37,EFHD1,
LINC00487,BTG3,
TNFRSF13B,FAM133CP,
TBC1D10C,RPS12,
PLD4,AP1M1,
PCED1B,LOC100134868,
EAF2,LTA4H,
CD27,TXNDC5,
ELL3,CCNY,
CD247,SLC38A10,
TRAC,TTC17,
TNFAIP8,CATSPER2,
CRIP3,ALPP,
CCL21,STXBP1,
DAPP1,ASB1,
RASAL3,TCTN3,
FCMR,LINC00652,
CD48,DONSON,
DEF6,GTF2H2B,
PARP15,H2BC4,
HSH2D,SULF2,
CDC42SE2,P2RX4,
ARHGAP9,MRPS22,
LINC00861,LOXL4,
DENND1C,RHEB,
ARHGDIB,LINC00221,
CD3E,,
CCR7,,
CBFA2T3,,
GPR132,,
FCAMR,,
SIT1,,
TRAT1,,
NUAK2,,
ZBTB32,,
PLEKHG7,,
CD1C,,
SPOCK2,,
IL2RG,,
BIRC3,,
CD5,,
TCF7,,
LINGO3,,
FUT7,,
LINC00996,,
ARHGAP45,,
MIR142,,
CD96,,
IL7R,,
RASSF5,,
EVL,,
GRK2,,
ARMH1,,
GMIP,,
ITK,,
SLA2,,
SNX20,,
SCN3A,,
PACSIN1,,
CD28,,
STK17B,,
ICAM3,,
LAT2,,
JAK3,,
NAPSB,,
MFNG,,
TXK,,
WAS,,
CYTH1,,
ARHGAP27,,
CLEC9A,,
CLEC2D,,
ALPK2,,
ARRDC5,,
PTPN7,,
IL21R,,
LOC100130298,,
ZNF831,,
TNF,,
KEL,,
DOCK8,,
THEMIS,,
MIR600HG,,
CSK,,
HTR3A,,
CLEC4C,,
STAT4,,
RASGRP1,,
PSD4,,
ZNF107,,
SERPINA9,,
PIK3C2B,,
ARHGAP25,,
CCDC88B,,
CRLF3,,
MYO1G,,
SSTR3,,
NCKAP1L,,
SIRPG,,
DENND2D,,
ITGB7,,
CD72,,
FGD3,,
DOCK2,,
SEMA4D,,
LILRA4,,
UBASH3A,,
IGHM,,
MAP3K14,,
DCK,,
CYSLTR1,,
CD3D,,
PLAC8,,
TMIGD2,,
PRKD2,,
KRT72,,
SMAP2,,
DGKA,,
ITGAL,,
NPHS1,,
SIPA1,,
PARVG,,
MOB3A,,
SIDT1,,
COL4A3,,
ANXA2R,,
FAM117A,,
CCDC69,,
SCIMP,,
ECE1-AS1,,
S1PR4,,
CNOT6L,,
SH2D3C,,
PTPRCAP,,
RNF44,,
RAC2,,
FGD2,,
BCL11B,,
GP1BA,,
ARL11,,
NELL2,,
PASK,,
RALGPS2,,
SYK,,
SNX29P1,,
PTK2B,,
MDS2,,
PTPRC,,
LYL1,,
SYTL1,,
ANKRD13A,,
HMSD,,
SPNS3,,
SERPINB9P1,,
C11orf21,,
TRANK1,,
CIITA,,
RBM38,,
IL4R,,
SH2D1A,,
AGAP2,,
ICOS,,
TIGIT,,
TERF2,,
ILDR1,,
CYLD,,
CD8B,,
GIMAP7,,
IPCEF1,,
TNFAIP8L2,,
ITGB2-AS1,,
FLI1,,
TNFRSF17,,
IKBKE,,
KCNA3,,
ZNF296,,
RAPGEF6,,
FAM216B,,
LIMD2,,
CHMP7,,
TTC24,,
PVRIG,,
STRBP,,
CD52,,
EMB,,
RIPOR2,,
SLC15A2,,
NLRC5,,
CNTRL,,
NCOA3,,
BFSP2,,
CD40,,
MAST3,,
ARHGEF18,,
BIN2,,
TRAV9-2,,
CYTIP,,
GRK6,,
TIFA,,
PRKCB,,
NLRP1,,
CEACAM21,,
CLUHP3,,
FMNL1,,
NRF1,,
LINC00954,,
RFTN1,,
SIGLEC6,,
ARHGEF1,,
IRF2,,
RESF1,,
BTG2,,
LBH,,
STK4,,
MAP4K2,,
TNFRSF25,,
UIMC1,,
CD2,,
RASSF2,,
DUS2,,
FLT3LG,,
LY75,,
RABGAP1L,,
LPAR5,,
TLR6,,
NEK8,,
FLT3,,
TASL,,
CARD8-AS1,,
STEAP1B-AS1,,
GNGT2,,
IL22RA2,,
PLCL2,,
MBD4,,
CCR4,,
CD69,,
ST8SIA4,,
TNFRSF9,,
CEPT1,,
ITSN2,,
CCNG2,,
SAMD3,,
NFKB1,,
PDE7A,,
RELB,,
ALOX15P1,,
C1orf220,,
EBLN3P,,
PTPN22,,
FCHSD2,,
KIF21B,,
SPIC,,
MYO7B,,
RBL2,,
COLQ,,
NCF1B,,
LINC01550,,
ARHGAP4,,
CYBC1,,
ZNF675,,
RABEP2,,
DDX6,,
IL12RB1,,
SELPLG,,
GRAP2,,
ZNF708,,
ZBTB14,,
DNAH1,,
S1PR1,,
WNT10A,,
TMEM150C,,
SH2B2,,
DBNL,,
LNPEP,,
ZNF586,,
SYNRG,,
FOXP3,,
CCL19,,
NDST2,,
ZNF721,,
ACHE,,
EDAR,,
LAX1,,
MSL3,,
ATOSA,,
USP20,,
EPC1,,
VAV1,,
DENND4A,,
APBB1IP,,
CXCR3,,
MLLT6,,
REL,,
RGL4,,
IL7,,
DCANP1,,
NFATC3,,
CTC1,,
PHF12,,
GIMAP2,,
PCDHAC2,,
LINC01547,,
MED28,,
RGS14,,
CYRIA,,
TRAV13-2,,
TBX21,,
SPINK2,,
SMIM14,,
SP4,,
ICAM2,,
SYVN1,,
YTHDC1,,
PLA2G2D,,
GPSM3,,
INPP4A,,
DOK3,,
ZNF737,,
NUGGC,,
RAB8A,,
CRTAM,,
UICLM,,
USP44,,
NCF1C,,
MYCL,,
XCR1,,
SELL,,
UCP2,,
LGALS2,,
MOB1A,,
IL27RA,,
ZFAT,,
HDAC9,,
ZNF154,,
ARHGAP17,,
TFEB,,
PPP2R5C,,
DGKZ,,
RAB39B,,
TMED8,,
OFD1,,
TADA2B,,
IL21,,
MTRFR,,
ANKRD49,,
EPB41,,
HMGB2,,
MIR548AN,,
ZNF80,,
PCF11,,
GPR183,,
RUBCNL,,
TOX2,,
GIMAP1,,
RGS19,,
ZCCHC7,,
EHMT1,,
PSTPIP1,,
TIFAB,,
ZSCAN32,,
UNC13D,,
ZNF276,,
ZNF14,,
RNF4,,
LOC100652768,,
KLF2,,
ZBTB18,,
CETP,,
CLK4,,
KDM4B,,
HELQ,,
MORN3,,
SLC25A45,,
HMCES,,
SCT,,
EVI2B,,
LINC00324,,
LRRK1,,
SHISA3,,
ZBTB25,,
TRAF3,,
ZNF141,,
GPR174,,
ORAI2,,
TDP1,,
LINC00494,,
NCF1,,
CCDC18,,
TMEM273,,
SEL1L3,,
CUTALP,,
SENP7,,
RPS6KA1,,
MTMR1,,
SOCS1,,
FBRS,,
MKNK2,,
TRIM22,,
VOPP1,,
POLD4,,
FRAT1,,
LBR,,
KLHL6,,
ZNF821,,
GGA2,,
TMEM243,,
P2RY14,,
LINC02591,,
QRSL1,,
IL10RA,,
RAMP3,,
CARINH,,
NFATC1,,
PPP1R9B,,
PACS1,,
RBM15,,
PIK3IP1,,
GTSF1L,,
MADCAM1,,
CD7,,
DEF8,,
FBXO46,,
GPBP1,,
MSL2,,
MALT1,,
PITPNM1,,
ZNF253,,
CENPC,,
GAB3,,
IRAK4,,
MIOS,,
MBNL1,,
ZNF230,,
KIF2A,,
TIMD4,,
CLDN16,,
ZBP1,,
CDK9,,
PHYKPL,,
CEP120,,
LINC00921,,
ANKRD33B,,
TOX,,
SETX,,
GIMAP4,,
ABI3,,
SP140L,,
ATAD2B,,
COX19,,
BICDL1,,
ZNF92,,
NECAP2,,
ZNF75D,,
CNOT8,,
NOSIP,,
CTCF,,
RSBN1,,
ANKRD29,,
CFLAR,,
SEMA4A,,
ZNF143,,
GZMM,,
ZNF430,,
KDM4C,,
CDX1,,
CNN2,,
TRIM38,,
MTERF4,,
LINC00892,,
ANAPC16,,
DNASE1L3,,
ZFAND4,,
UBTF,,
ACSF3,,
PSMB8-AS1,,
PRDM2,,
SLC22A3,,
REST,,
CD53,,
LSM6,,
VAMP1,,
ZNF136,,
USP30-AS1,,
APOBEC3D,,
SYNE1,,
IL23A,,
ARID4A,,
ADRA2A,,
ACY3,,
SLC25A53,,
TCF3,,
FGD6,,
COL4A4,,
NFYB,,
ZNF44,,
SLC25A25-AS1,,
EMBP1,,
KDM2B,,
ZNF551,,
USPL1,,
RNF166,,
PNRC2,,
POC5,,
PDE6B,,
ARID4B,,
VHL,,
ZHX2,,
TACC3,,
HMGN1,,
GRB2,,
ZBTB1,,
TRAPPC2,,
HNRNPH1,,
TANK,,
CTRL,,
PSME3IP1,,
IST1,,
FAM110A,,
ZNF791,,
SLC12A6,,
SYT15,,
ANO9,,
EML4,,
BCAS4,,
PPP6R1,,
USF1,,
CEP135,,
CTBP1,,
ZNF211,,
TTC7A,,
MATN1-AS1,,
CHTF8,,
STAT5B,,
RSBN1L,,
SH3BP2,,
LYSMD2,,
RINL,,
SCAF11,,
MCOLN2,,
LAT,,
HNRNPL,,
MEF2C,,
CDC40,,
PPWD1,,
HMGN2,,
OSTF1,,
DGKD,,
KLHDC4,,
HECA,,
IKZF2,,
ANKRD65,,
ZNF41,,
USP3,,
WDR89,,
ZNF366,,
TEP1,,
ZNF671,,
TAPT1-AS1,,
PIM2,,
AMPD3,,
ANKMY1,,
FERMT3,,
ZNF490,,
ABHD18,,
SPN,,
STK26,,
LAPTM5,,
ANKRD12,,
MYCBP2,,
LINC03034,,
VPS51,,
IL2RB,,
FAM78A,,
ADCY7,,
CD80,,
ZNF792,,
ZNF506,,
CHD2,,
TMPO,,
ANKRD55,,
IZUMO4,,
ZNF100,,
IRF3,,
ZBTB6,,
ZNF709,,
PLEKHF2,,
MIR4645,,
ABCA7,,
APOBEC3F,,
SNX2,,
CCM2,,
PGGT1B,,
CCDC12,,
IER2,,
TYK2,,
SHOC2,,
ZNF764,,
PIAS1,,
ARID5A,,
FYB1,,
PPP4R3A,,
UNKL,,
LARGE2,,
TNIP2,,
STYX,,
LOC100130744,,
CASP4LP,,
RUFY4,,
SP110,,
RBM14,,
MED18,,
CCND3,,
LRCH4,,
TRG-AS1,,
RFX5,,
ZNF335,,
HHEX,,
TP53,,
CD1D,,
MPEG1,,
JAML,,
ELMO1,,
CASP8,,
FAM107B,,
NIPBL,,
PCSK7,,
SF1,,
CCDC65,,
KMT2B,,
APBA3,,
SSH2,,
CXCL13,,
SENP1,,
TRAPPC14,,
PAOX,,
MIR3939,,
TRAV8-6,,
MRFAP1L1,,
KLHL36,,
P2RY13,,
CDC42SE1,,
ACTB,,
MITD1,,
SLX4,,
SIPA1L3,,
ZNF169,,
SLC7A6,,
TBC1D9,,
RNGTT,,
CCDC32,,
RAB30,,
FMNL3,,
HDAC3,,
ZNF383,,
ZNF493,,
HDAC7,,
C10orf143,,
ZNF235,,
FBXO38,,
ZNF626,,
ZBED5,,
ARRDC2,,
SGPP1,,
MAT2B,,
TRERF1,,
TCP11L2,,
TENT2,,
RAB8B,,
UNC119,,
BCDIN3D,,
SLC38A1,,
ARPC3,,
UNC93B1,,
DIAPH1,,
CISH,,
CREB1,,
RBMX,,
ARID1A,,
NLRP2,,
RBM22,,
ZSWIM3,,
PFN1,,
ZNF180,,
ATPAF2,,
PTP4A2,,
UBA7,,
NUBP1,,
ATXN7L3,,
GMFG,,
VASP,,
TMSB4X,,
ZBTB49,,
ZC3H4,,
CNOT3,,
CERKL,,
CASP3,,
ARHGEF6,,
CR1,,
CWF19L2,,
HCP5,,
STK17A,,
PARM1,,
OGA,,
MYBL1,,
NSD1,,
PIK3AP1,,
TRAF5,,
MBD2,,
SS18L2,,
LOC728743,,
RSPRY1,,
CEP85L,,
C1RL-AS1,,
ZNF138,,
MTF2,,
ZNF33A,,
DENND4B,,
TRMO,,
TNFRSF10A,,
ING3,,
NOP14,,
PPP1R18,,
TSPAN33,,
RICTOR,,
ISCU,,
TNFRSF4,,
SNAI3,,
TMEM170A,,
ZNF487,,
INPP5B,,
ZNF429,,
ZNF776,,
OTULIN,,
SAMD9,,
MAP3K14-AS1,,
CWC25,,
THAP11,,
CAPZA1,,
CSNK1G2,,
VSIR,,
ZBTB5,,
BICRAL,,
NCOA5,,
CYTH4,,
NPAT,,
PLCB2,,
TRAV13-1,,
DCLRE1C,,
MED26,,
BOD1L1,,
ZNF548,,
ZC3H18,,
SEPTIN6,,
ACTR3,,
IRF5,,
PBX2,,
CCND2,,
BRD2,,
NOP53,,
ANAPC2,,
PTPN18,,
SLTM,,
PTBP3,,
PREX1,,
PRPF38B,,
MIDEAS,,
MED11,,
DNM2,,
SKAP1,,
PRPSAP2,,
DEDD2,,
SLC25A38,,
EHBP1L1,,
WIPF1,,
KLHL3,,
UBE2J1,,
ELF4,,
TTC12,,
TNFRSF10A-DT,,
ELF2,,
ZNF800,,
MARCHF1,,
TRABD,,
KMT2A,,
ZNF43,,
DGKE,,
ATM,,
MDM4,,
E2F5,,
ZNF564,,
STK40,,
NFATC2IP,,
ZNF740,,
RPIA,,
RHOG,,
RAD17,,
SYNGR2,,
MARF1,,
BCL7A,,
NUP88,,
BUD13,,
MAML1,,
TARP,,
OGG1,,
FBXW7,,
MTMR14,,
CLASRP,,
MIGA2,,
ELF1,,
ZNF226,,
TRIM52,,
PTMA,,
ZNF18,,
ZAP70,,
ST3GAL2,,
USP24,,
ZNF266,,
PDCL3P4,,
MARCHF8,,
SETD2,,
CAMK2G,,
GLYR1,,
DCP2,,
SELP,,
CCDC97,,
PATL2,,
SLC2A6,,
CTDSPL2,,
ZFP62,,
PPP1CC,,
BIN1,,
CYP27B1,,
OGT,,
INSM1,,
PMS2P1,,
CAB39,,
ZNF227,,
TRAFD1,,
ZCCHC10,,
BLOC1S4,,
ZNF346,,
SETD1B,,
HCG26,,
STX18,,
CMTR2,,
ALKBH1,,
PHC3,,
UPF1,,
SPOP,,
RBM26,,
CRTC2,,
IL16,,
JAK1,,
HNRNPA1L2,,
ZNF701,,
CASS4,,
PPP1CA,,
TRAV12-2,,
FPGS,,
CYB561D1,,
HIP1R,,
ACTR2,,
RBM10,,
GIMAP6,,
DENND11,,
ARHGEF3,,
ZNF563,,
HNRNPA0,,
MON1B,,
BTAF1,,
NKAPP1,,
SCYL3,,
PARP11,,
ETS1,,
SMARCA2,,
USP7,,
ZNF525,,
ALKBH8,,
RMND5B,,
FOXO1,,
PAPLN,,
GZMK,,
NFKBIE,,
ZNF816,,
TNFSF8,,
UTP3,,
ZNF839,,
HNRNPD,,
MIXL1,,
NUDT16L1,,
RAP1A,,
GLCCI1,,
ZFP14,,
MYB,,
KDM3B,,
CCNK,,
RELT,,
SNX29,,
CD226,,
ZBTB44,,
ARAF,,
SLC25A46,,
CARD8,,
L3MBTL3,,
VRK3,,
MED6,,
TRABD2A,,
TCERG1L,,
C9orf78,,
NBEAL2,,
GRIPAP1,,
AVL9,,
ARRDC1-AS1,,
MYBL2,,
OSBPL11,,
VAV2,,
SHLD1,,
ZCCHC18,,
PLEKHO1,,
CXorf38,,
CYFIP2,,
MCL1,,
RBM5,,
SUB1,,
UBR7,,
RASA2,,
ADAMDEC1,,
HIVEP2,,
SRSF3,,
APAF1,,
CD1E,,
AP5M1,,
KMT2E,,
DDX28,,
SLBP,,
HNRNPDL,,
SRSF9,,
CDV3,,
SAFB2,,
BRI3BP,,
MARK2,,
ZNF830,,
LMNB1,,
YTHDC2,,
TSPOAP1,,
R3HDM4,,
SLC9A9,,
ELL,,
SRSF10,,
TRIM41,,
FOXP1,,
POLM,,
NFKB2,,
TC2N,,
LOC729683,,
YY1,,
NLRP4,,
MXD3,,
SIMC1P1,,
CHTOP,,
DCAF5,,
PABIR1,,
GPCPD1,,
PSMA3-AS1,,
MTHFSD,,
PARP1,,
ZNF207,,
FGFR1OP2,,
HERC3,,
TRIM59,,
LAMP5,,
WDR33,,
TRMT10B,,
TADA2A,,
LINC00938,,
ZNF763,,
ERICH1,,
CEP295,,
CTSH,,
RPRD1B,,
ZNF765,,
SNAP23,,
BMP2K,,
STK11,,
HNRNPK,,
ARL14EP,,
TUBGCP6,,
SATB1,,
DEPDC5,,
ATF7IP,,
PMS2P5,,
BCL9L,,
CH25H,,
MIR3142,,
PUS7L,,
NOA1,,
GET4,,
ING1,,
XPA,,
ERP29,,
ABCD2,,
ZBED10P,,
CMAHP,,
ZNF91,,
GIN1,,
AP1G1,,
ZNF573,,
IL33,,
GABPB1,,
CUL3,,
REPIN1,,
EDC4,,
NUDT21,,
PRKCH,,
HAUS8,,
ZNF655,,
LOC100129034,,
CBL,,
JMJD1C,,
CMIP,,
TUT4,,
WAPL,,
LY86,,
INO80E,,
ZNF510,,
UBLCP1,,
HAUS3,,
ZNF814,,
ZNF468,,
ZNF681,,
MAP2K4,,
PPP1R12A,,
METTL18,,
ITGA4,,
LFNG,,
RAB35,,
CDK14,,
ZNF486,,
VRK1,,
KLRB1,,
PNPLA7,,
RBM27,,
U2AF2,,
CCDC66,,
ZNF318,,
RIC3,,
ZNF736,,
SZT2,,
ZBTB48,,
INIP,,
NOG,,
CTLA4,,
DCAF12,,
CNR1,,
AP1G2,,
AFTPH,,
ZBTB11,,
LINGO1,,
ZNF76,,
NRIP2,,
ZNF224,,
MAX,,
FAM13B,,
PHKG2,,
TNK2,,
ARL4C,,
E2F4,,
PPP6C,,
ZNF431,,
BAG5,,
LSP1,,
ZFC3H1,,
MRPS31,,
HDAC1,,
ZNF417,,
ZNF862,,
ZNF263,,
DAXX,,
ZNF480,,
CDKN1B,,
EXOSC9,,
COX18,,
RPA2,,
ABCA11P,,
PHF6,,
ZNRF2,,
LCNL1,,
PLEKHG2,,
KLF13,,
PHF11,,
SPPL2B,,
SMCHD1,,
BIK,,
CWF19L1,,
RFX1,,
RNPC3,,
COTL1,,
TAF15,,
SP3,,
PRMT1,,
SDHAF1,,
CXCR4,,
PAN3,,
XAB2,,
WDR82,,
LARP7,,
ARID3B,,
MCUB,,
ZMAT2,,
RANBP3,,
HEIH,,
HNRNPC,,
SRP72,,
CUTC,,
ZNF319,,
RSRC2,,
SH2B1,,
PAPOLA,,
ZBTB40,,
MYO15B,,
TENT4B,,
SRRT,,
ZNF592,,
FAM193B,,
PWWP2A,,
CBX5,,
WTAP,,
ACOX3,,
TRMT44,,
AIP,,
ZNF585A,,
DCAF15,,
BRD7,,
SPDYE3,,
MUS81,,
EEIG1,,
ZNF786,,
PRR13,,
RBM8A,,
THUMPD1,,
RAP2C,,
POP4,,
CNOT1,,
ZFP90,,
CIRBP,,
EIF4E,,
ICOSLG,,
SERPINB9,,
SLFN13,,
KPNA5,,
SUPT20H,,
LINC02067,,
IK,,
TRAPPC10,,
MTHFR,,
MRTFA,,
ABT1,,
TRA2A,,
ZDHHC17,,
AKAP13,,
SHKBP1,,
SIPA1L1,,
TFEC,,
C12orf43,,
NELFB,,
GMEB1,,
SLC10A7,,
USP38,,
RPL36AL,,
C2CD5,,
MTA2,,
MRNIP,,
ZNF561,,
FBXL12,,
HNRNPM,,
FDCSP,,
ZNF571,,
BCL7B,,
PPIG,,
CXXC1,,
XPO6,,
ANKZF1,,
DDHD1,,
HERC1,,
MIR3916,,
LRBA,,
EME2,,
CUL9,,
ZNF540,,
SPEN,,
STIM2,,
INTS15,,
DELE1,,
ADAMTS10,,
TSPAN32,,
USP28,,
TGIF2,,
ANKRD13D,,
DDX39A,,
DTX2,,
ZMIZ2,,
TNIP1,,
NAA40,,
ZMYM6,,
CCAR1,,
SNX11,,
BET1L,,
ARGLU1,,
MYPOP,,
EVI2A,,
PLCH2,,
SART3,,
RPL34,,
SUZ12,,
ZNF818P,,
PRR14,,
GPR65,,
HARS2,,
TRIM14,,
ARPC2,,
MED13L,,
INTS6L,,
KDM2A,,
OGFOD2,,
SUGP1,,
LCP1,,
SMARCE1,,
SECISBP2,,
ZNF527,,
RUFY1,,
KDM6A,,
PPM1J,,
MATR3,,
USP10,,
SRCAP,,
RANBP6,,
TOR3A,,
ZNF600,,
MIR3667HG,,
HNRNPA2B1,,
GATC,,
MRPL20-AS1,,
PDPK1,,
WHAMM,,
PHF8,,
KAT6B,,
DDX50,,
TLR1,,
ANP32B,,
TMEM259,,
CFP,,
IL18R1,,
METTL25,,
BTG1,,
AKAP8,,
KDM7A,,
PDCD4-AS1,,
ZNF304,,
SIRT7,,
PARP16,,
MIF4GD,,
SREK1IP1,,
ZRSR2,,
PRKX,,
IRF7,,
OSGEP,,
NADSYN1,,
HCFC1,,
POU2AF3,,
ADD1,,
SSBP2,,
KBTBD7,,
TLE5,,
NSUN5,,
PLEKHJ1,,
YPEL3,,
SP2,,
NCK1,,
KRBOX5,,
RPL23AP64,,
UBE2D3,,
LSM8,,
AASDH,,
KIAA1549L,,
TERF2IP,,
RNASE6,,
PRDM10,,
CASP2,,
GSAP,,
COL26A1,,
BORA,,
LYRM1,,
ZNF256,,
MAP2K7,,
SORL1,,
LILRB1,,
TMC6,,
ZNF414,,
NADK,,
GPA33,,
NSMCE4A,,
RAVER1,,
MRFAP1L2,,
PEX16,,
PUS10,,
SURF6,,
SNORA13,,
ZNF845,,
USF3,,
BCL10,,
ASB16,,
MPHOSPH8,,
RNF34,,
ATP8B1-AS1,,
ZNF500,,
PUS3,,
LCOR,,
FCHSD1,,
NELFA,,
RSPO3,,
TSPAN13,,
SPCS3,,
MXD4,,
ALDH16A1,,
HS3ST3B1,,
ANKRD11,,
CD38,,
ZNF718,,
PPIL2,,
NUB1,,
ZNF182,,
DKFZP586I1420,,
SLC44A2,,
FRYL,,
ALKBH4,,
ARPC5L,,
PPP3CC,,
FNDC8,,
FANCA,,
UBE2D2,,
ZNF45,,
SBF1,,
SRSF1,,
ITGAD,,
WDR1,,
SLA,,
GRPEL1,,
CCDC28B,,
LAMTOR3,,
NCF4,,
EPHA1,,
TMEM63A,,
THAP1,,
GTPBP10,,
RAB11FIP4,,
FBXW5,,
CAPN15,,
CPNE5,,
ATF7IP2,,
BPNT1,,
HNRNPA1,,
ADA,,
ZCCHC8,,
THYN1,,
SP100,,
CLINT1,,
STK38,,
GPRASP1,,
ZNF202,,
PLEKHM1P1,,
KMT2C,,
DMTF1,,
MTO1,,
NUP210,,
RRAS2,,
ZNF85,,
ZNF738,,
SYF2,,
LRRC72,,
FAM117B,,
CEP44,,
SGF29,,
PPHLN1,,
EP400P1,,
AURKC,,
PGGHG,,
PAGR1,,
DENND3,,
SPOPL,,
GGA3,,
TMCO6,,
COX7B2,,
SCAI,,
LOC100289230,,
CYRIB,,
TTC13,,
DPH7,,
POLR1H,,
IER5,,
RIOK2,,
EED,,
STAMBPL1,,
C5orf63,,
SLC12A9,,
KIAA0586,,
CAAP1,,
GABPB1-IT1,,
PIKFYVE,,
SYS1,,
ATXN7L3B,,
POLR2B,,
C2orf68,,
RUBCN,,
IL10RB-DT,,
CCDC22,,
GOLGA2P5,,
ZNF665,,
VCAM1,,
CLK3,,
TNRC6C,,
TET2,,
GPR82,,
ZNF646,,
GMEB2,,
MGC12916,,
STXBP2,,
CENATAC,,
RAPGEF1,,
GSTK1,,
PLEKHG1,,
MPHOSPH9,,
ZNF780B,,
ADAT1,,
ZBTB2,,
CCDC186,,
IGFLR1,,
ZNF22,,
DCTN5,,
ASB16-AS1,,
MCM9,,
ALG13,,
RBM39,,
CD2BP2,,
TASOR,,
CHST4,,
MZB1,,
DOCK11,,
CAMK1D,,
SP1,,
OXNAD1,,
PNISR,,
CLK1,,
KLHDC1,,
FAM193A,,
ZNF543,,
ELK4,,
POLR3E,,
C2orf42,,
CASC3,,
TRIM5,,
POGLUT1,,
MED7,,
TRIR,,
PCNX3,,
ZNF808,,
NDUFA5,,
SLC24A4,,
LASP1NB,,
PPA2,,
NOL8,,
DNAJC7,,
EXOSC3,,
CAMK4,,
FOXN3,,
POU2F1,,
MRM3,,
SRSF5,,
MRPS27,,
RELA,,
TRIM13,,
DHX38,,
GSDMD,,
RPP25L,,
LUC7L3,,
ATP13A1,,
MAEA,,
QSOX2,,
SNRPA1,,
ZNF585B,,
TRA2B,,
SAMD10,,
KAT8,,
BICRA,,
BORCS6,,
HEXD,,
THOC6,,
PDCL,,
TRMT13,,
ZNF589,,
DNAJA2,,
FBXL14,,
ZNF148,,
DAZAP2,,
PPTC7,,
SLFN5,,
RNF10,,
PRR12,,
PNKP,,
SUN2,,
PMPCB,,
CHFR,,
ZNF557,,
KANSL1,,
TAF8,,
RABGEF1,,
ZNF32-AS1,,
LGALS9,,
KSR1,,
DNASE1,,
TATDN2,,
PHF21A,,
MIR4420,,
TMEM39B,,
PPP3CB,,
VCPKMT,,
PCNX1,,
FAU,,
PROCA1,,
YJU2,,
DAZAP1,,
IL17RA,,
ISCA2,,
CSTF2T,,
DRAM2,,
RASL11A,,
SRSF7,,
ZNF552,,
HNRNPF,,
IKBKG,,
ZNF813,,
RBM25,,
PMS2CL,,
THOC3,,
ZNF200,,
ZNF155,,
PTGDS,,
RNF41,,
AFF2,,
ANKRA2,,
CPSF6,,
RAD51-AS1,,
SETD1A,,
ZNF273,,
SPG11,,
MAP2K6,,
METTL22,,
SPHK2,,
RPL6,,
ZNF767P,,
TCERG1,,
EIF4H,,
ZNF611,,
RPL13A,,
C3orf62,,
ZNF225,,
HERPUD2,,
CCDC102B,,
FBXO33,,
BCL3,,
ABTB1,,
TFAM,,
TSEN54,,
PUS1,,
ZNF547,,
NPRL2,,
ZDHHC21,,
ARAP2,,
EIF1AD,,
CTDP1,,
MIS12,,
MSH3,,
NSA2,,
MGA,,
PSPC1,,
RBM4B,,
NR3C1,,
GAK,,
TRNT1,,
KIAA0040,,
CSF2RB,,
METAP2,,
TMEM175,,
POLA2,,
CCDC191,,
ZNF467,,
PPIL3,,
MAP3K1,,
CASP10,,
TRRAP,,
PRDM11,,
SLC38A9,,
BATF,,
CDK11A,,
SEC24C,,
RPS27,,
CACNA2D3,,
MRPS14,,
WHAMMP1,,
MEPCE,,
SAMD9L,,
TCEANC2,,
GNA14,,
IKBKB,,
ANXA7,,
PNN,,
ATG16L2,,
ACKR1,,
ZNF75A,,
THAP2,,
POLR2C,,
GTF2F1,,
CLPX,,
SRF,,
APBB3,,
PLAGL2,,
SNRNP35,,
MIR631,,
MRPL50,,
RPL23A,,
EWSR1,,
HS6ST1,,
NFX1,,
DOP1A,,
ACAP2,,
SIRT1,,
AKIRIN1,,
MIR3176,,
RABEP1,,
CBX7,,
MAPKAPK2,,
PYM1,,
ZIK1,,
RHOBTB2,,
RFX7,,
ELP5,,
RNASEH2B,,
SREK1,,
TMEM129,,
CARF,,
PSMB10,,
GPATCH11,,
EXOG,,
SWSAP1,,
LGI2,,
RAP1GDS1,,
RFT1,,
EZR,,
VPS13C,,
FAS,,
CDK13,,
CXorf65,,
TAGAP,,
TUT7,,
SLC25A42,,
DIMT1,,
PRMT6,,
PIH1D1,,
KYAT3,,
CTSW,,
FAM220A,,
MAPKAPK5-AS1,,
SPG7,,
VPS33A,,
WDR70,,
RNF138,,
PIGG,,
BUB3,,
DDX3X,,
TAF12,,
ZNF891,,
METTL14,,
KIAA1143,,
PRKAB1,,
RPS29,,
PDIK1L,,
PPP1R15B,,
ZNF329,,
OTUD5,,
LPAR2,,
BIRC6,,
TMEM186,,
CCDC39,,
PLPP5,,
ZNF761,,
CASP8AP2,,
NFYC,,
GNA12,,
RPAP3,,
RPUSD4,,
HMGB1,,
PCIF1,,
ELP6,,
PTPN2,,
PAXIP1-AS2,,
ZNF292,,
PSIP1,,
MEF2A,,
ABHD13,,
POLL,,
IKZF5,,
RIC1,,
SIK3,,
RBM7,,
EID3,,
AMN1,,
MIR3197,,
VTI1A,,
ZNF420,,
BAZ1A,,
DHRS12,,
DNAJC4,,
KLRA1P,,
TRMT2B,,
GTF2B,,
MYD88,,
OMA1,,
RNF126,,
PTCRA,,
RPS14,,
TMEM161B,,
E4F1,,
VEZT,,
EPHA4,,
PLPP6,,
ARAP1,,
RBM17,,
ANAPC10,,
NDOR1,,
CCDC28A,,
MBNL3,,
LOC374443,,
TUSC2,,
ZNF254,,
C1QL4,,
ABRAXAS1,,
HSD17B7P2,,
C1orf50,,
INO80,,
RMI1,,
RIPK3,,
TCEANC,,
SLC12A2-DT,,
SFXN1,,
CEP250,,
CNPY3,,
MIDN,,
TCAF2,,
RC3H2,,
C19orf47,,
HNRNPUL1,,
PCGF3,,
IFT57,,
SF3B1,,
CNOT11,,
SLC26A7,,
RPS6KA4,,
IMP4,,
ZNF652,,
DOK1,,
PBX4,,
ZNF17,,
ZNF680,,
RPS6,,
MTREX,,
ZNF212,,
STAR,,
MED30,,
PALD1,,
AIMP1,,
SH2D3A,,
CCNI,,
WDR83,,
HNRNPH3,,
METAP1,,
ERCC8,,
HLA-DMB,,
MBTD1,,
ANGEL2,,
CACTIN,,
U2AF1,,
MIR3609,,
UPK1A-AS1,,
MTMR12,,
MSANTD2,,
CHD1,,
CDKL1,,
PAPOLG,,
TOP1,,
ATP5MG,,
FUBP1,,
CDKN2AIP,,
LSM10,,
PRKCQ,,
KDM5C,,
RPS11,,
ZNF134,,
ABCD4,,
LMBRD2,,
RNU6-78P,,
FBXL3,,
REXO1,,
MTA1,,
RAB11FIP1,,
GGNBP2,,
TBC1D1,,
IBA57,,
H2AZ2,,
MBD1,,
AP4E1,,
MRPL54,,
MYNN,,
FZR1,,
SON,,
SLC7A6OS,,
ZNF397,,
SLU7,,
NUDCD2,,
MAPKAPK5,,
WDR59,,
ZNF614,,
STK10,,
FBXO8,,
NUP62,,
DUSP2,,
GABPB2,,
SEC31B,,
CLCF1,,
SRRM2,,
EIF2B1,,
TXNL4B,,
ZKSCAN7,,
PPP5C,,
SNX22,,
SSNA1,,
PRKACB,,
PHF10,,
SIRT6,,
HTT,,
TAFAZZIN,,
SNRNP25,,
CTBP1-DT,,
SNRPA,,
EDRF1,,
LINC01089,,
AKAP10,,
P2RX1,,
MRPL11,,
ZNF687,,
NFKBID,,
ELOF1,,
POLE3,,
NUP54,,
ZNF350,,
MAPRE2,,
PTBP1,,
NSMCE3,,
TECPR1,,
MAU2,,
RBM12,,
ZNF444,,
RPS15A,,
COX10,,
DNAJB14,,
TUBGCP3,,
DHPS,,
ZNF23,,
TNNI3,,
LINC00174,,
SPNS2,,
MLC1,,
CHKB,,
ZNF33B,,
RPS23,,
SNRNP40,,
FBRSL1,,
PAXX,,
CHI3L2,,
ROCK1,,
LRR1,,
SPOUT1,,
EIF4EBP2,,
NCOA1,,
SUGP2,,
USP25,,
ACTR1B,,
RMC1,,
USP4,,
SIVA1,,
CCDC115,,
FOXRED1,,
ZCCHC4,,
ATXN2L,,
ZDHHC4,,
COX7C,,
NPHP4,,
RPL19,,
ZNF484,,
ASF1A,,
SRP19,,
MRPS31P5,,
FRAT2,,
ZNF48,,
ZSWIM1,,
KMO,,
SETBP1,,
ORC2,,
RNF216,,
DPY19L1P1,,
PLRG1,,
RPL7A,,
NEURL4,,
TLR7,,
TBRG1,,
MAPK9,,
ERVK13-1,,
FBXO34,,
GCDH,,
MIS18BP1,,
KIF22,,
SDHD,,
RNF111,,
SBNO2,,
MEN1,,
RPL5,,
COPS3,,
TBCC,,
CIAO3,,
CHMP4A,,
ARFGAP2,,
PPP6R2,,
ALMS1P1,,
GPALPP1,,
ZNF407,,
NCBP3,,
PFN2,,
CMTM1,,
IRF1,,
RPL23P8,,
ACSL6,,
CEP350,,
UHRF2,,
PPP1R35,,
RFXANK,,
UPF3A,,
LIG4,,
SNORD95,,
RHOT2,,
ZNF641,,
MED22,,
TXNIP,,
OAZ2,,
ZSCAN16,,
SNORA80B,,
BCLAF1,,
KAT6A,,
BNIP1,,
HINFP,,
NMRK1,,
H2AX,,
SGSM3,,
DCAF8,,
CCDC146,,
ZXDA,,
ZNF766,,
TSC22D4,,
HECTD4,,
PRKAA1,,
TNFRSF18,,
STN1,,
TRAPPC4,,
BRF1,,
PATZ1,,
MARK3,,
FIP1L1,,
NUDT22,,
TRIM56,,
RC3H1,,
SDCCAG8,,
ZNF140,,
PPP1R12C,,
RABGAP1,,
AGFG2,,
AKAP11,,
ACIN1,,
ZSCAN25,,
THAP6,,
IGHE,,
COA1,,
TRAV21,,
CDAN1,,
ARF6,,
NSD3,,
PPP2R1A,,
TMEM134,,
MACROD2,,
CHD3,,
MRFAP1,,
COX10-DT,,
YJU2B,,
TCIRG1,,
NBPF15,,
ZNF507,,
RRN3P2,,
PSMB9,,
EPC2,,
TOPORS,,
MIR186,,
ZNF181,,
DDX39B,,
RHBDF2,,
ACD,,
RPA3,,
IQCB1,,
MRPL1,,
GPN2,,
MED16,,
MTIF3,,
ERCC6L2,,
SMDT1,,
WDR55,,
PNRC1,,
ZNF324,,
SPI1,,
ATXN7L2,,
DGKQ,,
TRMT10A,,
MAPK8IP3,,
KLHDC7B,,
TXLNG,,
FASTKD3,,
SMG9,,
SLC6A16,,
ZNF234,,
GOSR1,,
ZFP36L1,,
NFYC-AS1,,
GABPB1-AS1,,
CIRBP-AS1,,
SNX5,,
SUZ12P1,,
UBE2N,,
LMO2,,
SH3BP1,,
RBM19,,
DGCR5,,
MYO1F,,
RCAN3AS,,
SLC9A7,,
RBM6,,
KLF12,,
PSMA5,,
BNIP2,,
GIMAP8,,
LUZP6,,
MIER3,,
COPS4,,
PPP2CA,,
QRICH1,,
STK16,,
MZF1,,
TMEM154,,
MRPL42,,
RNF214,,
DENND1B,,
ZNF222,,
XRCC3,,
TRADD,,
DMAC1,,
EML3,,
CELF1,,
SNORD62A,,
STAG2,,
THAP5,,
LIFR,,
NSUN3,,
C15orf62,,
DDX54,,
CDR2,,
ALOX5,,
CCR8,,
SCLT1,,
UXT,,
PRP4K,,
ZNF570,,
YY1AP1,,
MCTS1,,
ZFP36L2,,
FBXW2,,
SLC35E2A,,
ZMYM2,,
NOB1,,
TIRAP,,
LYSMD3,,
TOR2A,,
BMPR2,,
ZNF137P,,
EIF3G,,
UBAC2,,
CAMK1G,,
NFRKB,,
CREBRF,,
RGS9,,
PARD6A,,
TUBA4A,,
TMEM167B,,
SEC16A,,
SH3BGRL,,
SRFBP1,,
TRIM28,,
SFPQ,,
JUNB,,
TADA1,,
ZBTB7B,,
POLR1F,,
IL10RB,,
TLE3,,
SRRM1,,
OTX1,,
DBP,,
CLU,,
ODC1,,
ZFYVE28,,
RPL10,,
DNAAF2,,
CBLL1,,
UBE2I,,
ERH,,
ZNF277,,
NAA60,,
PSEN2,,
DDX41,,
SLC25A19,,
CCDC106,,
ZNF175,,
CCDC174,,
MAP3K2,,
ANP32A,,
RASA4CP,,
PDPR2P,,
B9D2,,
ZNF274,,
RPUSD1,,
BDP1,,
RPL28,,
TRIM26,,
TRAF2,,
RPS25,,
APOLD1,,
VMAC,,
CDC14A,,
RPAIN,,
EXOSC6,,
DNAJC17,,
ACTR6,,
TMPO-AS1,,
OBI1,,
HELB,,
RPL10A,,
SFSWAP,,
PDS5B,,
FCF1,,
ANP32E,,
FAM86FP,,
ALPK1,,
BAZ1B,,
PRIMPOL,,
AMPD2,,
PNPLA8,,
CEP20,,
SAFB,,
INTS9,,
NCOR1,,
ICE2,,
METTL17,,
SMIM27,,
PPP1R8,,
N4BP2L2,,
KDM5A,,
PIBF1,,
S100PBP,,
WDR73,,
LETM1,,
FAM32A,,
NOPCHAP1,,
GPR171,,
PRPF31,,
TNKS2,,
ZNF865,,
FAM111A,,
TMA16,,
EXOC8,,
CYB5R4,,
CHMP1A,,
MIR4712,,
TOR4A,,
ATG4C,,
PHIP,,
GATAD2B,,
SANBR,,
ZBTB26,,
PMPCA,,
CCDC71,,
CHCHD7,,
ZNF275,,
ABHD15,,
SCAF4,,
DUS3L,,
DCP1A,,
UMAD1,,
ZXDB,,
C14orf93,,
ZNF574,,
TAF5,,
RBBP6,,
CALM3,,
POM121,,
ZEB1-AS1,,
ZZEF1,,
FAM169A,,
LENG8,,
NHERF1,,
CRBN,,
RFX3,,
PCNT,,
PITPNC1,,
GRWD1,,
NUP42,,
RPRD2,,
WDR77,,
ZNF567,,
IL18,,
NDUFA3,,
ZNF302,,
CCNT2-AS1,,
CFAP20,,
MGAT2,,
SPAG7,,
MTERF1,,
ERAL1,,
USP12,,
UTP6,,
ZNF606,,
SMU1,,
ABHD17A,,
MED29,,
NFKBIB,,
SNORD96A,,
SFI1,,
LYRM7,,
LAMP3,,
DMAP1,,
FAAP100,,
DNTTIP2,,
PHF1,,
TMEM218,,
NUDCD3,,
ZC3H6,,
SET,,
MRPL20,,
NAT1,,
SGPL1,,
GPATCH8,,
TMEM203,,
PRPF38A,,
PYGO2,,
RNASET2,,
CHIC2,,
GPR108,,
SNX13,,
KLHDC2,,
NLE1,,
GRK5,,
ZNF550,,
TTC14,,
RPS9,,
LUC7L,,
PRRC2B,,
TMEM248,,
CTDNEP1,,
MAGEE1,,
TLK1,,
GSG1L,,
SDAD1,,
NEK6,,
DDX46,,
ZNF844,,
DIS3,,
NAA80,,
TTPAL,,
RPL37,,
PHLPP2,,
EPOP,,
PCGF3-AS1,,
SKAP2,,
SLC35A4,,
TRAPPC13,,
AKAP8L,,
TTC33,,
OTUB1,,
ZNF268,,
MCPH1,,
WDR36,,
BACE2,,
MARCHF9,,
RACK1,,
EIF4E3,,
ZNF204P,,
STING1,,
ETV6,,
ERN1,,
HARS1,,
SNN,,
HCK,,
RTRAF,,
ZKSCAN4,,
RHBDD1,,
HAPSTR1,,
PRPS1,,
PPP4C,,
SUV39H1,,
MAP3K5,,
RRN3P1,,
UBAP1,,
TRMT1,,
EIF2D,,
DDX56,,
POLK,,
TSSC4,,
C1orf131,,
UVSSA,,
ARID2,,
UBL7-DT,,
UQCRC2,,
SCAF8,,
DHX15,,
TRAPPC11,,
ZNF264,,
SMARCAD1,,
TSPYL1,,
BTN2A1,,
PPP3CA,,
ZNF79,,
RASA3,,
RPL15,,
LOC286437,,
KHDRBS1,,
PRPF39,,
R3HDM1,,
SNORD20,,
EOLA1,,
CHURC1,,
ARHGEF7,,
SPATS2L,,
DMAC2L,,
ZNF782,,
LDB1,,
N4BP1,,
ZNF81,,
PCBD2,,
AP4S1,,
QDPR,,
ZCCHC3,,
ANAPC15,,
DDX19B,,
LASP1,,
CYBA,,
KIAA0232,,
IRF2BP1,,
SAYSD1,,
COG8,,
ABHD17B,,
CRCP,,
MIR5581,,
TRAPPC1,,
ARID3A,,
MTG1,,
RASA1,,
EDF1,,
RNF220,,
AP5Z1,,
SUPT5H,,
TEPSIN,,
SNRPF,,
ISY1,,
SMIM20,,
SERTAD3,,
CCR2,,
GNS,,
TMEM143,,
MRRF,,
GEMIN4,,
SH3GLB2,,
KANSL2,,
SCO1,,
MORC2-AS1,,
MGAT4A,,
PRPF3,,
GPBP1L1,,
ARRDC1,,
FBXO41,,
KCTD18,,
INTS5,,
ITFG2,,
MGAT3,,
LOC100240735,,
ZNF606-AS1,,
ZNF93,,
KLHL11,,
B3GNTL1,,
SART1,,
DDX51,,
SDR39U1,,
ZNF860,,
RPUSD2,,
MIER1,,
NAXD,,
RPL13,,
AFG3L1P,,
COG4,,
EPS15L1,,
SEPHS1,,
RPS3A,,
RNASEH2C,,
ABRACL,,
SH3TC1,,
GNAI2,,
EXOSC8,,
SIN3B,,
NHLRC4,,
MCM3AP,,
CLDN15,,
C16orf87,,
VPS50,,
GEMIN2,,
XRCC1,,
CBFB,,
LRP11,,
BLCAP,,
CARNMT1,,
PANK4,,
NOTCH1,,
MACROH2A1,,
GJA4,,
CCDC59,,
LOC554206,,
ORMDL3,,
TTC1,,
ZGRF1,,
PIWIL4,,
CCDC152,,
RAB14,,
WDR5B,,
RPS20,,
ATP5PB,,
ZC3H11A,,
N4BP2,,
ZBTB17,,
SZRD1,,
NUP188,,
MEI1,,
MBLAC2,,
GSE1,,
LAMTOR1,,
NRDE2,,
CCT6P1,,
PGAM2,,
SIGIRR,,
KLRF1,,
FUCA2,,
TNRC6A,,
PIGL,,
NKAPD1,,
MTRF1,,
STAG3L2,,
SBNO1,,
RPL18,,
RAB1B,,
TARDBP,,
ZNF461,,
UBE2Q2,,
FEM1A,,
SIKE1,,
ARPC4,,
RCC1L,,
RPS6KB2,,
TCF4,,
ZNF10,,
UPRT,,
PHAX,,
GFM2,,
PER2,,
CAP1,,
EP400,,
TIAL1,,
MYO18A,,
CCNH,,
DDX5,,
LARP4B,,
EIF3F,,
ATF6B,,
CD101,,
ELAC1,,
MARCHF7,,
TMEM116,,
SUSD6,,
PHF20,,
PARG,,
ZNF131,,
LSM14A,,
PGAM5,,
RNF38,,
ZNF12,,
NASP,,
FAH,,
ZNF691,,
ZNF669,,
FAM120AOS,,
RBBP4,,
MINK1,,
EIF3K,,
PAIP2,,
ZNF780A,,
GALT,,
SLC49A4,,
P2RY12,,
AP4B1,,
CDCA7,,
ACVR1,,
UBXN1,,
PRAG1,,
TUT1,,
PLOD1,,
PPFIBP1,,
NSMCE1,,
CCDC170,,
AMPH,,
VPS37B,,
AGK,,
RILPL2,,
GTF2H3,,
GEMIN7,,
EEF2,,
USB1,,
ATP6V0A2,,
AGAP6,,
YWHAB,,
TDG,,
PSKH1,,
LRRC61,,
REXO4,,
BRMS1,,
NAF1,,
GATD3,,
CAPZB,,
LAS1L,,
SCAND2P,,
RDH13,,
TMEM128,,
TMEM42,,
ZNRD2-DT,,
SELENOO,,
SPSB3,,
ISG20L2,,
LINS1,,
ATRX,,
SUMO2,,
PSMA3,,
DENND6B,,
JPX,,
GFI1,,
ZBTB24,,
ATP11C,,
ZNF530,,
ZNF267,,
ZNF710,,
ZNF260,,
FAM120A,,
ICE1,,
GBA2,,
MIR3124,,
SNAPC4,,
PSMD7,,
CTDSP1,,
NSL1,,
WDR76,,
POLR2J,,
EIF5A2,,
KRI1,,
TXNDC11,,
PPM1K,,
SMIM7,,
IL6ST,,
IPO8,,
RPS6KB1,,
ZNF653,,
ENSA,,
MTX3,,
IL15RA,,
LIN54,,
TAF7,,
MIR641,,
ZNF699,,
UBR1,,
NGLY1,,
CDKN2D,,
CBX3P2,,
RPL30,,
POLR3GL,,
MRPL4,,
LENG1,,
ZNHIT3,,
KATNB1,,
DHX29,,
MMP9,,
NOC4L,,
RNPS1,,
HIVEP1,,
TSSK6,,
FANCF,,
LINC00312,,
ECSIT,,
PQBP1,,
TEX9,,
ZNF587B,,
TMEM183A,,
SMCO2,,
ZFP3,,
SLC35C2,,
TRPT1,,
METTL4,,
SF3B3,,
THAP9,,
ZRANB2,,
CHD8,,
CDK10,,
HLA-F,,
PCNX2,,
KAT5,,
HERC4,,
USP16,,
BRD9,,
MATN3,,
METTL25B,,
RPL3,,
HMGN3,,
RAB23,,
DYRK1B,,
DNAJC8,,
TMEM106B,,
ITCH,,
CHERP,,
INE1,,
PRKCQ-AS1,,
RBP5,,
NKTR,,
RPS2,,
MAP10,,
CIB1,,
TRAP1,,
RCAN3,,
C10orf95-AS1,,
TPM3,,
DPEP2,,
GRAMD1A,,
RAD50,,
BRWD3,,
SARS2,,
RABL2A,,
WRAP53,,
ZMAT1,,
SHLD2,,
ENTR1,,
MLX,,
CWC27,,
DUSP28,,
RPL32,,
ZNF354B,,
FKBP15,,
JMJD7,,
IDH3G,,
ZNF439,,
LOC100506639,,
CIC,,
BTBD2,,
SSBP1,,
DPH5,,
RPL18A,,
POM121C,,
DHFR,,
USP34,,
PWAR5,,
LRIG2,,
KIAA0753,,
MATK,,
UBOX5,,
ZNF407-AS1,,
RCOR1,,
FBXO10,,
AP3B1,,
PCID2,,
GOLPH3L,,
PCBP2,,
RRAGD,,
LSM7,,
SLFN12L,,
CCDC126,,
GOLGA7B,,
RMI2,,
RNF213,,
SEMA7A,,
ZFX,,
CCN4,,
UBIAD1,,
MIR4435-2HG,,
DOT1L,,
AP3M1,,
ZNF165,,
SNIP1,,
BEX5,,
TLE4,,
DHX9,,
XRCC4,,
RPL11,,
ZNF8,,
ZNF184,,
ZNF581,,
DCAF17,,
TELO2,,
ANKRD10,,
MED10,,
CDK2AP2,,
FGF11,,
MAGOH,,
DRG2,,
BCL2L12,,
TBC1D10B,,
TRIM4,,
HMGN4,,
EEF1A1,,
ZBTB7A,,
CCDC18-AS1,,
MRPL32,,
HASPIN,,
C9orf72,,
BRWD1,,
NUBP2,,
PRMT9,,
HBP1,,
ABCC1,,
THG1L,,
HEATR3,,
IL34,,
DEK,,
MAPK8,,
CHD9,,
AMIGO1,,
PIM1,,
CDC23,,
AGGF1,,
NDE1,,
KXD1,,
POLR2D,,
ZNF594,,
BTF3,,
RBM33,,
SOCS4,,
ZBTB22,,
TBP,,
STRIP1,,
LRIF1,,
FAM98C,,
COL13A1,,
SPEN-AS1,,
OSBPL8,,
APOBEC3C,,
WDR11,,
MRAS,,
INKA1,,
TMEM260,,
GUSBP11,,
EIF4B,,
KIF3C,,
LINC01000,,
TRAF4,,
EXOSC7,,
ZBTB8OS,,
ATR,,
EXOSC1,,
RSAD1,,
COQ8B,,
EPB41L3,,
CROCCP2,,
SF3B2,,
PPM1B,,
ZNF317,,
RNF113A,,
TRIM66,,
PRMT7,,
PLAA,,
AP1B1,,
MOB3B,,
RUNDC1,,
GOLPH3,,
IFNGR1,,
POLR3K,,
AQR,,
TCOF1,,
ZNF613,,
ZNF416,,
DDX24,,
RBMY2EP,,
GLIDR,,
LOC730183,,
YLPM1,,
KRR1,,
LINC00520,,
MRPL49,,
ZNF678,,
ZNF485,,
MCM5,,
RNF144A,,
ZNF83,,
NAA25,,
ZNF879,,
PDCD7,,
UBE2Q1,,
ZNHIT2,,
RPL26,,
OSER1,,
BRD10,,
PIEZO2,,
CEP164,,
COP1,,
PSMC6,,
DDX23,,
MRPS18C,,
DAGLB,,
PYCR2,,
PISD,,
RAD9A,,
WBP1L,,
PHF19,,
SEC24B,,
PIK3CD,,
ALKBH5,,
NAAA,,
CD1B,,
TRIM11,,
FYN,,
SIMC1,,
APRT,,
PTPN4,,
LCMT2,,
LYPLA2,,
ABCE1,,
BRD3,,
SYPL1,,
ZNF644,,
CLEC16A,,
SEPTIN7P14,,
SURF1,,
USP21,,
RAB24,,
METTL3,,
SMARCA5,,
CUL5,,
GPRIN3,,
ZNF513,,
LAMC2,,
UFM1,,
TIMM17B,,
WIPI2,,
CD82,,
VAMP4,,
MRPS9,,
MORC3,,
ZNF875,,
ZNF132,,
C1QB,,
MED27,,
CREBZF,,
RIPOR1,,
DNMT1,,
TTC39C,,
G3BP2,,
ASPHD2,,
SNRNP48,,
SUPT4H1,,
ZNF568,,
ZNF32-AS2,,
DR1,,
RPS27A,,
CNOT7,,
ZNF815P,,
MAP3K4,,
KAT14,,
PPIA,,
ARHGEF9,,
RABGEF1P1,,
NOP16,,
CCNT2,,
KRIT1,,
ADAM28,,
ZNF772,,
PAFAH2,,
IDUA,,
RFC1,,
PDS5A,,
CAPZA2,,
ZNF583,,
CXXC5,,
CYBB,,
SMC5,,
GTF2E1,,
SESN3,,
HPS6,,
JMY,,
TOMM20L,,
SKIC3,,
NIF3L1,,
UBE2J2,,
ATG2B,,
ZNF827,,
DOC2GP,,
CNOT9,,
SMG7,,
ANKRD44,,
MMP12,,
GMCL1,,
ZNF347,,
AGL,,
AASDHPPT,,
ANO1,,
UBE2R2,,
RBM4,,
GCNT4,,
SFT2D3,,
SMPD3,,
TIA1,,
CREBBP,,
CSTF3,,
TTI2,,
HMMR,,
PMS2P3,,
SF3A2,,
TAB2,,
ANAPC1,,
HACD4,,
SETD6,,
ZC4H2,,
EEF1B2,,
PTPRE,,
TIMM29,,
ZC3H7A,,
ZFP82,,
SHCBP1,,
RELCH,,
USP8,,
PPP1R3E,,
AGO3,,
SDC3,,
MAN2B2,,
GABPA,,
C2CD2L,,
HIRIP3,,
ATP6V1G1,,
PCYOX1L,,
GFOD2,,
GAS2L1,,
REC8,,
MOB3C,,
CCDC159,,
FAM135B,,
ASB8,,
PHF14,,
EXOC1,,
CBX6,,
GSK3A,,
IFNLR1,,
EXOSC2,,
PPIP5K2,,
BAZ2A,,
C15orf40,,
UBA52,,
MSL1,,
ZBTB37,,
TYW1,,
IDNK,,
CHMP2A,,
VPS39,,
KRTAP22-2,,
SMPD4BP,,
ABRAXAS2,,
DDX49,,
PROSER1,,
PTGES2,,
IP6K2,,
RP2,,
CDK5RAP3,,
TYSND1,,
KMT2D,,
REX1BD,,
LOC100132356,,
MAPK13,,
SMYD4,,
TINCR,,
TMEM35B,,
PJA2,,
TANC1,,
RAI2,,
CWC22,,
KBTBD3,,
BRPF1,,
ITM2A,,
ZNF624,,
RAB6B,,
TRMT1L,,
EBI3,,
ELK3,,
NOTUM,,
GTF2A1,,
FGF1,,
ZNF32,,
ZNF146,,
CLPP,,
ZNF117,,
DDX42,,
AGTPBP1,,
ACAD8,,
TRBC1,,
HEATR5B,,
NFAT5,,
HSPA14,,
NCEH1,,
EEF1D,,
CBLN3,,
TXLNB,,
TEDC1,,
ZNF526,,
EML6,,
CCDC102A,,
RPS4X,,
FBXL5,,
TXN2,,
IFNAR2,,
BPTF,,
GNB2,,
ANAPC4,,
HMGA1,,
ZNF559,,
TMEM102,,
ZNF445,,
PYROXD1,,
PAF1,,
NOD1,,
WDR6,,
MBD3,,
ERBIN,,
ZNF672,,
APOBEC3G,,
MKRN1,,
THEMIS2,,
PDHB,,
PI4KB,,
RPL23,,
GIGYF1,,
MRPS34,,
NXF1,,
CENPT,,
ZNF189,,
FBXO42,,
SDHAP3,,
LIX1L,,
MDM1,,
GARS1-DT,,
ANKRD36BP2,,
ERMARD,,
AXIN1,,
C1orf35,,
RAB28,,
IGHD,,
RCL1,,
SDCBP2-AS1,,
POU6F1,,
GPATCH2L,,
MAN1A2,,
EMID1,,
TRAF7,,
ATG4D,,
HNRNPR,,
PHF2,,
DCAF1,,
C11orf58,,
YAF2,,
PRPF40A,,
XYLB,,
DNAJA3,,
MEF2D,,
WRAP73,,
CETN3,,
AREL1,,
S1PR3,,
MTMR10,,
AKR1A1,,
NSD2,,
PPIE,,
SNAP91,,
SKIC2,,
LSM5,,
MBD5,,
GCN1,,
KCTD13,,
MRPL10,,
TRIM52-AS1,,
ARIH2,,
ABCC3,,
SETDB1,,
NHP2,,
INPP5E,,
CHCHD2,,
DYRK1A,,
ZNF280D,,
TMEM167A,,
USP15,,
VPS4A,,
ZNF398,,
CMTR1,,
DLST,,
ZNF28,,
PPP6R3,,
WFDC11,,
HCST,,
ILF3,,
PSMA2,,
LRIG1,,
PEF1,,
NXT1,,
BAX,,
BBIP1,,
PARP10,,
RPS15,,
C19orf25,,
SPDL1,,
MFAP1,,
ZC3HAV1,,
RBM42,,
TSC1,,
LAMP2,,
SBDSP1,,
MUTYH,,
LRWD1,,
PWWP2B,,
ST6GALNAC3,,
SRA1,,
HAUS5,,
PPCDC,,
TINF2,,
SNX19,,
INTS1,,
CCNA2,,
ZNF3,,
PRDM15,,
RPS16,,
UBA6-DT,,
ZDHHC18,,
PPP1R13B,,
ATXN1L,,
ELAC2,,
NDUFV1,,
TFAP4,,
ADD3,,
MVD,,
RPS24,,
DGLUCY,,
PRELID1,,
FAM114A2,,
DFFB,,
ZNF142,,
PGBD2,,
GOLGA8A,,
ARF1,,
NAA15,,
RTN4RL2,,
DDX18,,
ZBTB46,,
ASB7,,
LOC728392,,
RPL12,,
MRPL9,,
RTF1,,
ZNF2,,
NEDD1,,
SYNGAP1,,
GFER,,
LINC00865,,
ZNF607,,
NMI,,
OCIAD1,,
RSL1D1,,
LDLRAP1,,
TUFM,,
CNOT6,,
PRKCD,,
SMARCD2,,
FBXL17,,
NHLRC2,,
CASP6,,
MED17,,
TRPC4AP,,
LIN52,,
SLC9A8,,
DPH1,,
FAM185A,,
DBF4,,
ELAVL1,,
ITPKA,,
FANCM,,
GCC2,,
EPM2AIP1,,
GSDMB,,
CLSTN3,,
ZC3H12A,,
UPK1A,,
DOLPP1,,
ATP5F1D,,
BMAL1,,
APOL1,,
RAB40C,,
ERV3-1,,
CCDC9,,
ZNF569,,
IL15,,
ARL6IP4,,
RBAK,,
THADA,,
ZNF582,,
PSMD4,,
SIX1,,
RAB33B,,
BARD1,,
SWAP70,,
KBTBD4,,
ZNF566,,
KLHL8,,
ZFR,,
GIT2,,
LIPT1,,
GON7,,
FAM204A,,
G3BP1,,
SH3YL1,,
INTS11,,
CNOT4,,
MFSD14A,,
PIK3CA,,
PRKAR1B,,
FBXO4,,
DOK2,,
FAF2,,
FIBCD1,,
MIR155HG,,
SIGLEC14,,
PPP2R3C,,
SNORD12C,,
PDAP1,,
ELP4,,
TTF1,,
PEX11B,,
FUS,,
NOP14-AS1,,
GMPPB,,
CCL24,,
MIAT,,
ST6GALNAC4,,
TRAPPC12,,
PRPS2,,
TRAPPC6A,,
BLTP2,,
ZRANB3,,
NEIL1,,
INO80D,,
FN1,,
COG3,,
RHEX,,
AMY2B,,
E2F8,,
GOSR2,,
PAK2,,
RASGEF1B,,
AAAS,,
PHF23,,
SNRPN,,
FAM110D,,
DERL3,,
TREML1,,
LRRC37B,,
PPP1R10,,
RIOX2,,
PUM2,,
BASP1,,
STARD3NL,,
NT5C2,,
MIR29C,,
BORCS8,,
EMX2,,
GTF2I,,
NOVA1,,
ZNF418,,
RPS5,,
DDX59,,
FBXW11,,
TCF25,,
SRSF6,,
RGS18,,
OCIAD2,,
SLX4IP,,
LYRM9,,
CYB5B,,
CSNK1D,,
TOMM5,,
PRORP,,
SDE2,,
SURF2,,
RPL36,,
HNRNPAB,,
VAMP2,,
CCDC163,,
ATG16L1,,
EHBP1,,
TNRC6B,,
GPATCH3,,
NR1H3,,
STXBP3,,
LPCAT1,,
ATXN7,,
CGAS,,
GEMIN8,,
ASTE1,,
CCAR2,,
METTL8,,
ZBTB43,,
B4GALT3,,
ATP11B,,
COX4I1,,
DDX19A,,
TBCA,,
ZSCAN18,,
FPR3,,
ATMIN,,
EZH1,,
CHCHD1,,
OC90,,
CD300LF,,
RNF167,,
KBTBD2,,
CHD6,,
JUND,,
ATF1,,
ACVRL1,,
GATB,,
POLD1,,
MRPS33,,
RAF1,,
CAMTA2,,
DCUN1D2,,
LMTK2,,
POLRMT,,
GABARAPL2,,
HPCAL4,,
MGC70870,,
RABL2B,,
TRAPPC8,,
PIP4P1,,
SUPT6H,,
MED4,,
LDOC1,,
ARHGAP44,,
LIAS,,
CEP192,,
ADM,,
SUDS3,,
MACROH2A2,,
SDR42E1,,
C1QC,,
NT5DC1,,
NIP7,,
TCF12,,
PCBP1,,
WAC,,
SMIM19,,
GDI2,,
P4HTM,,
UBE2D1,,
PRPF8,,
C1orf52,,
OSBPL7,,
ABHD14B,,
BRD4,,
TAF1,,
TET3,,
ZNF257,,
CHST15,,
YPEL5,,
SNORD36A,,
MIR1244-2,,
MED1,,
PAFAH1B2,,
RNF216P1,,
ZNF71,,
TRIP12,,
UBR2,,
TSSK4,,
FBXO5,,
IL6R,,
RAD51D,,
LBHD1,,
CPSF2,,
GRPEL2,,
FAM118B,,
SRSF2,,
C1QBP,,
PPIH,,
NAPEPLD,,
IL12RB2,,
SPIN2B,,
ZNF174,,
SFR1,,
TNFAIP2,,
GNA13,,
TBCCD1,,
MCCC2,,
POMT1,,
RAN,,
TEX264,,
NEMF,,
ZNF354C,,
TMEM131,,
C16orf74,,
COPE,,
CMTM6,,
LIPT2,,
RBM48,,
ZNF707,,
ZNF232,,
TOR1AIP1,,
SNORA41,,
NUP37,,
WDCP,,
IGBP1,,
ZBED6,,
COMMD10,,
SLCO2A1,,
SGSM2,,
YPEL2,,
MRPS17,,
TIPARP,,
CLCC1,,
TFDP1,,
FAM76B,,
FBL,,
ZNF546,,
MIR4489,,
TFCP2,,
NRDC,,
KDM6B,,
TAOK3,,
WDR75,,
CIAO2A,,
E2F2,,
SNRNP27,,
MRPL22,,
MCRS1,,
DHX34,,
LIN7C,,
ZDHHC24,,
B3GALT4,,
CSNK1A1,,
POLR2E,,
CTU2,,
GDPGP1,,
ZNF580,,
PILRB,,
UBE3A,,
METTL21A,,
PGS1,,
MRE11,,
ZNF426,,
SEMA4C,,
MTMR6,,
MRPS16,,
SEPTIN9,,
DHX37,,
RFWD3,,
MIR5047,,
ZNRD2,,
CBR4,,
PRCC,,
QARS1,,
CTTNBP2,,
ZNG1B,,
NVL,,
LHPP,,
ZSCAN29,,
WSB1,,
ZNF281,,
DDX20,,
ADAM19,,
PSAP,,
COX15,,
CYB561D2,,
ETF1,,
TMEM86B,,
PKIG,,
MALAT1,,
TAF1A,,
RAB29,,
TOX4,,
RRN3,,
TPM3P9,,
RPL35,,
TMEM216,,
ATP5IF1,,
TUBB2A,,
KARS1,,
INO80C,,
NMNAT3,,
MLKL,,
BRAP,,
ZNF596,,
UBL7,,
STRADA,,
DEDD,,
NOC3L,,
GLB1L3,,
FIS1,,
ATP10D,,
ZMYM5,,
RPP38,,
STX17,,
CCDC57,,
PTOV1,,
CLK2,,
PHF3,,
DAP3,,
RNF19A,,
COQ4,,
TNPO3,,
GATA3,,
FAM200A,,
RTN4IP1,,
TMEM250,,
DOCK10,,
TAF1C,,
OXA1L,,
HAUS1,,
SSPN,,
RBM18,,
THRAP3,,
ZNF395,,
PLK1,,
MRPL57,,
SPTY2D1,,
C7orf50,,
PRKAG2,,
POLR1E,,
GGACT,,
SNORD103A,,
LRRK2,,
ARF5,,
CCDC82,,
NPM1,,
NAA38,,
LEO1,,
SEPTIN7,,
SLC25A28,,
ZCCHC2,,
APOBR,,
ARID1B,,
SNORD102,,
SNORD4A,,
ABLIM1,,
SMG1,,
RPL31,,
MC1R,,
SCAMP4,,
ZNF239,,
RBM26-AS1,,
SLC30A4,,
LINC02603,,
ZDHHC23,,
PLPP4,,
BABAM1,,
TPK1,,
SLC25A11,,
TTBK2,,
MKLN1,,
CDK11B,,
FUT4,,
TSHZ3,,
DOCK9,,
QPCT,,
MPRIP,,
SPATA24,,
WDR7,,
NHSL1,,
LRCH1,,
SCARF1,,
CFAP410,,
SNRPD3,,
KBTBD6,,
RHOT1,,
WASH8P,,
ERAP2,,
ZNF746,,
MICAL2,,
FLT1,,
ZNF627,,
SNORA72,,
POLR1B,,
GSPT2,,
ZNF236,,
MED25,,
CCNF,,
IKZF4,,
PIM3,,
C3orf38,,
SLF1,,
DRAXIN,,
LRP1,,
MLST8,,
TESK1,,
NPEPL1,,
BMT2,,
TBL1XR1,,
TBPL1,,
KMT2E-AS1,,
EAPP,,
MDH2,,
APOL3,,
PTEN,,
SLC66A1LP,,
ELSPBP1,,
UBXN2B,,
PAFAH1B1,,
GLE1,,
RBBP5,,
ZRANB2-AS1,,
ZCRB1,,
CDK5RAP1,,
RPSA,,
SSR2,,
ZNF320,,
NOL9,,
DUS1L,,
IFRD2,,
GHITM,,
DICER1,,
C8orf44,,
GOLGA8B,,
CD109,,
RPL32P3,,
NUP153,,
SLC35E2B,,
ATXN3,,
LGR6,,
ST7,,
LRP5L,,
SNAP47,,
ZDHHC12-DT,,
PRPF4,,
TP53RK,,
ZNF700,,
DMAC2,,
TRMT112,,
SS18,,
DNAJC2,,
RPL7,,
EBAG9,,
BCL2L14,,
MED20,,
DEPDC1B,,
TRIM44,,
LARS1,,
BTN3A1,,
HMGCR,,
MAP2K2,,
PGBD4,,
MMP25,,
FAM216A,,
EID2,,
ECH1,,
HOXC9,,
CWC15,,
VIPAS39,,
LAG3,,
GTDC1,,
FOXF1,,
ENO2,,
ADPRM,,
ING2,,
SKIL,,
SNAPC3,,
ANAPC5,,
PSMD13,,
RORA,,
RETSAT,,
CACHD1,,
ZNF441,,
MYL5,,
SHFL,,
GTF3C2,,
DYDC2,,
BBS10,,
DZIP3,,
RLF,,
ANKLE2,,
SLIT1,,
ASNSD1,,
EIF4E2,,
EEFSEC,,
RPSA2,,
RPL4,,
TRMT10C,,
LINC00239,,
TAF10,,
ENY2,,
PROSER3,,
WDR24,,
TRIM23,,
RPS19,,
TYW3,,
KRBA2,,
COQ9,,
PDE6G,,
ABCB10,,
COX16,,
BRD3OS,,
EIF2B2,,
APEX2,,
NTNG2,,
TENT4A,,
ALOX5AP,,
TBL3,,
BCOR,,
CDCA7L,,
UTP14C,,
NIN,,
RSL24D1,,
PSMC2,,
NDUFA2,,
ATG12,,
ACSS1,,
ALKBH6,,
EFCC1,,
GBP1P1,,
CAMKK2,,
TUG1,,
WDR41,,
DNMT3A,,
ECM1,,
SNORD87,,
BTF3L4,,
WASH3P,,
TSC22D2,,
SRPK1,,
CEP162,,
SEC61B,,
SNX9,,
RHEBL1,,
NUMA1,,
UBE2G2,,
CAPN6,,
PARVA,,
TES,,
THAP9-AS1,,
TRIM27,,
KLRG1,,
NME6,,
GNG7,,
LINC03019,,
PSMB3,,
RUVBL2,,
ZNF195,,
USO1,,
PGLS,,
CLPTM1L,,
PBXIP1,,
LOC646903,,
UBE2K,,
NUMB,,
KLHL28,,
BLTP1,,
SNX17,,
ILF2,,
RCE1,,
PLCXD3,,
DUSP7,,
SMC2,,
INVS,,
ASF1B,,
GNG2,,
ADAR,,
TTC19,,
MIR7-1,,
DPF3,,
LCDR,,
TRPM7,,
ZNF518A,,
UBALD2,,
FGR,,
BUD23,,
KIF20B,,
CASP4,,
VCF1,,
CD47,,
RASGRF2,,
PIK3R5,,
COPS5,,
CDC123,,
RBIS,,
PAX6,,
METTL23,,
PPP1R12B,,
RBM11,,
GAPVD1,,
HIPK1,,
LAMTOR4,,
CCND1,,
NIFK-AS1,,
RETREG3,,
ZNF30,,
SFXN2,,
