GSE61992,GSE22155_02,GSE22155_47,GSE35640,GSE91061,GSE61992|GSE22155_02,GSE61992|GSE22155_47,GSE61992|GSE35640,GSE61992|GSE91061,GSE22155_02|GSE22155_47,GSE22155_02|GSE35640,GSE22155_02|GSE91061,GSE22155_47|GSE35640,GSE22155_47|GSE91061,GSE35640|GSE91061,GSE61992|GSE22155_02|GSE22155_47,GSE61992|GSE22155_02|GSE35640,GSE61992|GSE22155_02|GSE91061,GSE61992|GSE22155_47|GSE91061,GSE61992|GSE35640|GSE91061,GSE22155_02|GSE22155_47|GSE35640,GSE22155_02|GSE22155_47|GSE91061,GSE22155_02|GSE35640|GSE91061,GSE61992|GSE22155_02|GSE35640|GSE91061
PNLIPRP3,RPS16,RPA2,LIPI,DOCK9,ABHD17C,DSCR8,NLRP9,NAPG,NAT9,RPS11,ATG101,RPL41,ITGA6,DEFA4,LINC00239,RPL27A,CTLA4,BAMBI,GRAMD4,NT5C,AP3B2,CAPN11,NPTN
LINC01816,POLR2I,ENDOD1,SNORA21,GPR15,CRKL,ZNF544,ELMOD2,ENTPD1,FIS1,ZC3H18,RTF2,RLN3,CCSER2,GDF3,GTF3C3,,LEF1-AS1,ARHGAP32,ISM2,,ATP6V0E2,ACTL6A,GABRG3
ERMP1,RNPS1,CHRM3,TPT1P8,SANBR,RAMP1,MB21D2,LRRCC1,ATL3,LMAN2,UCMA,NABP2,ADGRG1,NCOA1,CD1B,,,CHN2,DBI,ZFAND6,,KMT5A,TOPBP1,
ANKRD19P,RPS29,ATOH8,LINC01936,CFAP161,FGF18,CYP2R1,ALPI,HNRNPUL2,RSAD1,SRBD1,PKP4,NPPB,CCDC9B,SALL3,,,SH3KBP1,,PXYLP1,,TTC31,LEMD3,
KRTAP10-12,RPL10,FRS3,UBDP1,EFCC1,ISLR2,SLC9A5,MMP23B,EPHA4,NOL11,TAFA4,CELF2,SPACA7,DSN1,PDE6H,,,GOLGA7B,,ELANE,,,GOLIM4,
TNFRSF10A,HCFC1,CPT1C,LINC00838,SCML1,HPCAL4,NLGN2,OR52D1,TMEM170A,METTL23,DTD1,SLX4,ARHGDIG,TRMU,DDX11-AS1,,,RUNX3,,HIPK3,,,,
GSTO2,RACK1,RBM43,FAM181A,IL10,LINC00938,ATP1B3,SEC14L3,IRX3,AUP1,RBM42,PAN2,GUCY2C,IRX5,DYDC2,,,LEF1,,ATL2,,,,
DNER,SETD1A,B4GALT7,LINC01359,FLT1,SEC14L1,EFNB3,NHLRC2,PLD1,BBX,WDR97,COLGALT2,,MIAT,TRPV3,,,PHF13,,COMMD2,,,,
KRT86,RPS28,SNX19,LINC01723,THSD1,EEIG2,,SCYL2,ELSPBP1,THADA,SVOP,CPNE2,,LPP,TMEM129,,,NEIL1,,,,,,
SYCE1,HAGH,CKMT1B,SPATA19,SMCO2,ELP2,,SMNDC1,UBE2Q2,PRKCA,SLC12A5,PDZRN3,,RETSAT,RAB23,,,FAM219B,,,,,,
CEMIP,RPS15,EPC1,RTL3,FAM135B,CMTM4,,ZNF521,ZNF689,ANAPC11,ST8SIA3,USP39,,CAMK2N2,SLC23A3,,,ABHD2,,,,,,
GAGE12H,TUFM,SH3GL2,PNMA8B,LINC00312,TP53TG3D,,EYS,ADPRH,PRPF31,UPF1,SWI5,,,PMAIP1,,,EML3,,,,,,
AVL9,RUSF1,SLC23A2,LCN15,IZUMO1,SPHK2,,RPS25,UACA,MARCKSL1,CA5A,PTMS,,,ARL6IP6,,,FCMR,,,,,,
POLN,RPS12,DNAAF10,LINC01854,LGR6,CD83,,PLTP,SFMBT1,PDRG1,ACTL6B,CCDC14,,,TSPO2,,,ACVR1,,,,,,
GAGE7,ARL6IP4,TRIM51,ALAS2,DMBT1L1,TSG101,,SST,PFKP,FAM241B,PENK,NKD1,,,TSHZ3,,,GANAB,,,,,,
COBL,TBCB,TRPC1,LINC01514,PIEZO2,TOMM70,,CMYA5,PTGFRN,RAD51C,AMBRA1,NHS,,,SERPINB10,,,EFL1,,,,,,
WFDC13,POLR2C,S100B,H2AP,GPR55,WASHC3,,CNTNAP1,FYCO1,REXO5,PCDHGB6,ANO4,,,GIHCG,,,CLDND1,,,,,,
PCLO,DDX42,RGMB,ZNF473CR,RXFP3,IMP3,,ERLIN1,ZDHHC23,TMA7,PCDH15,ZNRF3,,,CCN4,,,HSPBAP1,,,,,,
SPANXN3,VAC14,TXNDC16,BARX1-DT,ZNF341,TANGO2,,,KPNA1,LMF1,GRM8,FAM168B,,,GNB5,,,KANK1,,,,,,
NCMAP,GTF2A2,FBLN2,PODN,RUNX2,GLCE,,,PPP4R1,VGF,ALB,SEMA4F,,,MIOX,,,TMEM163,,,,,,
EPHX4,CHCHD2,TAF13,NLRP12,JAK1,IMMP1L,,,UBE2G1,ELP4,GRIN2A,MCF2L2,,,CCR8,,,ANKRD27,,,,,,
GSK3B,UBA52,ADGRA2,TAAR5,SFRP5,DUSP14,,,SLC49A4,NOMO1,TMEM130,MYO16,,,PGLYRP1,,,,,,,,,
ZNF410,ZNF557,ROCK1,KCNA1,KRTAP22-2,KBTBD3,,,BACE2,BOD1,REG1A,SEPTIN4,,,CHRM5,,,,,,,,,
KLHL22,ELOB,WIPF3,KIF18B-DT,TNFRSF11B,PPP6R3,,,USP4,PNMA2,KIRREL2,HMCES,,,MIR133A1,,,,,,,,,
GAGE2B,PIM3,ROBO3,PGLYRP3,KIAA1549L,TFRC,,,FAM98B,,KLK4,DNAJC14,,,RASSF8-AS1,,,,,,,,,
ITGA9,VPS4A,MRTO4,CARS1-AS1,RHEBL1,FBXO22,,,PLEKHG1,,LAS1L,NHSL1-AS1,,,ANO1,,,,,,,,,
LCE2A,TMEM208,APLP1,DLG1-AS1,MIA-RAB4B,PARL,,,FYTTD1,,BMPR1A,CRAMP1,,,CROCCP3,,,,,,,,,
PLCL2,DCXR,ARSB,LINC02907,NTRK3,COX5A,,,SIX1,,PODNL1,MOGS,,,REEP3,,,,,,,,,
HERPUD1,GABARAPL2,DDX39A,CFAP299,GSG1L,MSI2,,,SMAD2,,ATP1A3,ICOS,,,GLP2R,,,,,,,,,
RTN4R,RPS27A,CELSR3,GALNT17,UBE2J1,METAP2,,,BMP7,,OPRK1,ASB13,,,CASP8,,,,,,,,,
TM4SF1,MANBAL,SDF2L1,B4GALNT1,LINC00426,GLG1,,,LINC00294,,MYH8,GOLGA3,,,PLCZ1,,,,,,,,,
PGBD2,DUS1L,RPS19BP1,MROH2A,ZNRF1,CNOT1,,,ABHD5,,PIP5K1C,ESYT1,,,PTCH2,,,,,,,,,
SNUPN,TRAPPC12,BCL2L2,FAM43B,TINCR,NSUN3,,,CST7,,PRKCG,POU6F1,,,SUMO1,,,,,,,,,
SLC37A2,B3GAT1,CYP1B1-AS1,TMPRSS6,KHDRBS2,SKIC8,,,PHLPP2,,TMEM258,RPS26,,,IQSEC3,,,,,,,,,
PPP1R3C,RAD23A,ROR1,TMEM35A,ITPKA,ABCB1,,,CDIPTOSP,,TOMM40,ARMC5,,,DBR1,,,,,,,,,
CXCL1,POLR2J3,PPP2R2C,LINC00824,WFDC11,CHST11,,,EPDR1,,ARHGDIA,TRIM8,,,CRYGN,,,,,,,,,
PTPRU,AKAP5,THOC3,NACA4P,CFAP92,ZNF226,,,RASEF,,TGM6,PAQR4,,,BPI,,,,,,,,,
TBX19,OGFOD1,PEX11A,TRIM40,TAL1,OXSM,,,DZIP1L,,MYPOP,FGFR1,,,SOX13,,,,,,,,,
ENHO,SLC25A25,MYO5A,CLDN19,TMEM254-AS1,CHMP1B,,,MREG,,PHYH,SMARCC2,,,ERAP1,,,,,,,,,
GAGE6,RNF41,ORC5,BTG2-DT,QDPR,SCAMP5,,,FAM184B,,CNP,USP7,,,RGMB-AS1,,,,,,,,,
PLPP6,TFPT,RIOX1,LAPTM4A,LINC00698,SIN3A,,,SPACA6,,GCNT3,GOLGA2P5,,,IDS,,,,,,,,,
S100A7,CX3CL1,ABCA3,BMAL2-AS1,CROT,CUL1,,,SEMA5A,,TM6SF2,METAP1D,,,GFI1,,,,,,,,,
PPFIBP2,SURF1,TPPP3,UMOD,DRAXIN,DDB1,,,VAMP3,,CAV3,KRTAP20-2,,,DPPA4,,,,,,,,,
IGFBP3,MYG1,CDH11,MEIG1,SPATS2L,TMEM248,,,C2CD2,,SRRM4,HADHA,,,CAMP,,,,,,,,,
FAM163A,RPS10,CCDC6,FXYD6-AS1,DGCR5,PARN,,,OSBPL3,,CLPTM1,COPS7B,,,NXPH3,,,,,,,,,
ABHD12B,ASIC3,ZNF155,LINC02995,GNS,TAF6L,,,CYTH3,,MGRN1,LIX1,,,H1-10-AS1,,,,,,,,,
HMG20A,SPATA2L,EPHB6,KIAA0408,LINC00499,CCDC12,,,CPOX,,ABHD1,CDK4,,,PUS10,,,,,,,,,
DMKN,GPS1,MRPL27,DEFB121,ABCA4,PCDHAC2,,,SEMA4C,,ZNF492,CNKSR3,,,COPB2,,,,,,,,,
MAN1A2,COPRS,KIF2C,IL20,CAMK1G,CRIPT,,,EXT2,,ADCY10,PA2G4,,,ZDHHC21,,,,,,,,,
CNTNAP3B,ARC,TDRD5,POM121L2,TBL1Y,UBAP1,,,AKIRIN2,,NOP53,BAHD1,,,LETR1,,,,,,,,,
GPR157,CCAR2,TNFRSF19,RNU6ATAC7P,GSX1,DBNDD1,,,DCLK2,,SLC7A13,SLC1A5,,,COL13A1,,,,,,,,,
NOTCH2,RPL32,CTBS,LINC00840,GRM3,IDH3A,,,QRICH1,,PI4KA,CTTNBP2,,,VPS13C,,,,,,,,,
ARID3B,CHD4,KDM4A,SNORD54,CYP24A1,RBM15,,,SYNJ1,,TBC1D14,NPFF,,,POGLUT3,,,,,,,,,
BDNF,DGUOK,SNRPD2,ALLC,GHRLOS,CD81,,,CPEB1,,TEKT1,SELENON,,,FAIM,,,,,,,,,
TTC39C,COPZ1,HOXC4,RPL41P1,PAX6,CTNND2,,,CARMIL1,,HDX,ARHGEF3,,,MS4A3,,,,,,,,,
CNTNAP3,TMEM62,KCTD10,RPL41P2,MATN3,SPATA20,,,ADCY2,,TRMT2A,CTSB,,,DSTNP2,,,,,,,,,
KRT81,SNRPB2,PDIA3P1,RPL41P5,FLNB,RPS5,,,NABP1,,HLA-H,MBTPS1,,,PSMD6-AS2,,,,,,,,,
MOB1A,GHDC,ANXA1,GPR20,PXK,MSANTD4,,,DCBLD1,,SERPINA10,RNFT2,,,TBX1,,,,,,,,,
CMBL,MRPS11,TRIM46,GDF10,CLEC2D,SIK2,,,NAP1L4,,PRPH,CASK,,,TSC22D2,,,,,,,,,
TPD52,CPLX2,VCX,LNROP,ADGRG2,IFNGR2,,,LOC374443,,OR12D2,LINGO1,,,CD1E,,,,,,,,,
TGIF1,TRAFD1,VCX3A,LINC00605,SV2C,NIPSNAP1,,,CTSG,,YWHAG,RSKR,,,,,,,,,,,,
NPB,ANKRD16,ACHE,FRMD7,BCL2L11,PDE4B,,,GDAP2,,PI4KAP2,NUDT15,,,,,,,,,,,,
PPFIA1,NLE1,IFT20,AGRP,KLKP1,CREB3,,,FAM114A1,,NPC1L1,GMPS,,,,,,,,,,,,
LOC652276,COPE,CTSL,TRAV22,ZNF700,SEC22A,,,KRTAP19-7,,RPL27,ASCL4,,,,,,,,,,,,
RASIP1,CATSPERB,ADAR,RHBDL3,CTNNA2,HAPLN3,,,RNF144A,,MYL12B,PPFIBP1,,,,,,,,,,,,
MINPP1,KXD1,SMOC2,ADAMTSL4,EMX2,NLGN4X,,,EPG5,,FAM210B,ETV6,,,,,,,,,,,,
ASCC1,ASPSCR1,MTFP1,GRID1,MT1L,ZNF304,,,MFN2,,LOXHD1,SHISA3,,,,,,,,,,,,
SIRPA,STUB1,TMEM59L,GPR17,RERE,OSBP,,,RHNO1,,FAM163B,AQR,,,,,,,,,,,,
CRYZL2P,GGA3,ABTB3,LINC01301,BLVRA,C15orf40,,,SLC17A9,,SARNP,CRYM,,,,,,,,,,,,
CYP11A1,RPS2,PAGE4,MAP3K14-AS1,DNTT,MAU2,,,RRAGD,,,BCAP31,,,,,,,,,,,,
NRAS,NDUFA13,TFAP2B,C9,OTUD3,GLOD4,,,FAM210A,,,KRTAP19-6,,,,,,,,,,,,
INSL4,ORMDL3,STYXL1,OR10D3,CARD8,DCUN1D3,,,EIF5A2,,,ARHGAP21,,,,,,,,,,,,
VAPB,RNF157,PPP1R16B,LINC00544,TMEM14A,KANSL2,,,C1QTNF1,,,PSMD2,,,,,,,,,,,,
FLJ42393,NAE1,TRIM48,KLK2,WDPCP,RNF34,,,EIF4G2,,,SEMA6B,,,,,,,,,,,,
FAM230C,RNF113A,SNAP91,TSPAN2,ST8SIA1,CHAMP1,,,FOXF2,,,EHBP1,,,,,,,,,,,,
MAP7,VPS33B,SLC22A17,GRID1-AS1,PRRT2,MEX3C,,,CYP20A1,,,MAFF,,,,,,,,,,,,
TRIO,DNAJA3,LINC00857,GLI2,TMEM204,,,,HSDL1,,,TAF4,,,,,,,,,,,,
ATF6,MPV17L,TACC1,LINC02201,UPK1A-AS1,,,,CSGALNACT1,,,CHST14,,,,,,,,,,,,
GTF2E1,DHPS,PLD2,LINC01815,NOTUM,,,,C7orf25,,,PPIP5K1,,,,,,,,,,,,
TMEM179B,DDX3X,COL15A1,LINC01305,GATD1,,,,LUZP1,,,CNPY4,,,,,,,,,,,,
GSTT1,RNF17,WDR45,ACTL7B,KLHL5,,,,TBCCD1,,,AKTIP,,,,,,,,,,,,
LINC02226,TRAPPC2L,CBL,DNAH5,EPAS1,,,,TPK1,,,FGF1,,,,,,,,,,,,
KCNG4,NFKBID,H4C3,ART1,ANKRD20A4P,,,,FZD6,,,GPKOW,,,,,,,,,,,,
RCN3,POLRMT,KRTAP6-3,ITGA11,MEPE,,,,TSC22D1,,,ZNF142,,,,,,,,,,,,
DOCK5,STAT3,GMPPB,LINC01833,MMP13,,,,,,,HUWE1,,,,,,,,,,,,
CAT,EDC4,PCDH7,GPR101,SCN8A,,,,,,,RANBP10,,,,,,,,,,,,
AGO3,PLPPR1,LSM1,GRIA3,EPB41L3,,,,,,,INA,,,,,,,,,,,,
HES2,CCDC78,DYNC1I1,LINC01896,INSIG2,,,,,,,NCAPH2,,,,,,,,,,,,
FGF13,LINC00965,RALGPS1,C10orf53,GATA1,,,,,,,RMC1,,,,,,,,,,,,
NEO1,CNTNAP5,PVRIG,LINC02053,GYPB,,,,,,,PIP4K2C,,,,,,,,,,,,
WDR48,SERPINE2,RBM18,CTNNA3,MNX1,,,,,,,ATIC,,,,,,,,,,,,
ACTL8,XAB2,NUP155,RPL24P2,SLC15A4,,,,,,,CRLS1,,,,,,,,,,,,
TCP11L1,PEBP1,MRPL58,RPL24P8,NXPE3,,,,,,,UBE3C,,,,,,,,,,,,
MBL1P,RTKN,STMN2,CRPPA-AS1,ZNF37BP,,,,,,,VMAC,,,,,,,,,,,,
TMPRSS2,U2AF2,KRTAP21-1,VSTM2A,TG,,,,,,,KLHL42,,,,,,,,,,,,
PEX13,TRAP1,MCM4,SERPINA7,EMX2OS,,,,,,,EZH1,,,,,,,,,,,,
NPAS2,ZNF282,GOLGB1,AHRR,CRYGS,,,,,,,TMEM184B,,,,,,,,,,,,
KRT12,SNORA64,STMN3,PDCD6-AHRR,PCGF5,,,,,,,RUBCN,,,,,,,,,,,,
OSBPL5,MRPL43,MYH10,MEG9,SIGLEC6,,,,,,,CCND1,,,,,,,,,,,,
ATXN1L,UBL7,LINC01625,GNG12-AS1,TARS3,,,,,,,PLPPR4,,,,,,,,,,,,
FAM41C,C2orf42,HLA-DRB1,GABRA1,LINC00887,,,,,,,TRAPPC2,,,,,,,,,,,,
CHMP4A,TAF1C,ST8SIA2,CNGB3,CAND1,,,,,,,GAD1,,,,,,,,,,,,
NKX2-5,ACSS3,KIF1A,NECAB1,APBA2,,,,,,,BBS9,,,,,,,,,,,,
CAND2,NDUFAF1,COA3,REN,EPX,,,,,,,TMEM120A,,,,,,,,,,,,
TWIST2,NDUFB7,HOXA3,RNU6-64P,SLC5A8,,,,,,,VSIG10,,,,,,,,,,,,
ENTPD6,GGNBP2,SLC17A7,ODAPH,MICAL2,,,,,,,MTA2,,,,,,,,,,,,
CTCFL,RNF40,ARHGEF37,CRYBG3,PGM5,,,,,,,NCK2,,,,,,,,,,,,
SLC39A9,SRP68,ANO8,KCNJ11,CCDC148,,,,,,,BMP5,,,,,,,,,,,,
TRPV4,COPS6,LYST,USP30-AS1,KCNMB3,,,,,,,STIM2,,,,,,,,,,,,
SNAP29,TERF2,SNORD48,OR6B1,SRARP,,,,,,,TBC1D17,,,,,,,,,,,,
PLPP1,NMRAL1,NELFE,ACTR3BP2,THSD4,,,,,,,KDM5C,,,,,,,,,,,,
GUSBP5,ZNF385C,SYN2,ACTR3BP3,C2orf69,,,,,,,GPR3,,,,,,,,,,,,
GSTT2B,FEM1A,IFI6,ACTR3BP5,HBM,,,,,,,FOXP3,,,,,,,,,,,,
FAM118B,GRAMD1A,IQCC,ACTR3BP6,MCHR1,,,,,,,APCDD1,,,,,,,,,,,,
SEC1P,PIN1,UBE2C,ACTR3BP7,R3HDM1,,,,,,,AHSA2P,,,,,,,,,,,,
FAHD1,SNRPA,NT5DC2,RAB11B,AP4B1,,,,,,,SLC25A12,,,,,,,,,,,,
PRRG2,SUDS3,HCN1,AQP10,NET1,,,,,,,DISP2,,,,,,,,,,,,
NRDE2,MRPS33,LUM,LINC02424,AMH,,,,,,,BMPR2,,,,,,,,,,,,
VSIG8,TERF2IP,IQCG,OR14J1,HBD,,,,,,,DYNC1LI2,,,,,,,,,,,,
MCAM,ASXL1,MPP2,OR9A1P,YWHAH,,,,,,,ISY1,,,,,,,,,,,,
LAT,EGR2,ACOT11,RPL24,CLDN11,,,,,,,NDUFA1,,,,,,,,,,,,
MOGAT1,PITPNA,SLC9B2,LPAR4,LRRC8C,,,,,,,ICA1L,,,,,,,,,,,,
ATP6V0D2,PXDC1,TICRR,LOHAN2,TIAM1,,,,,,,NIPA1,,,,,,,,,,,,
RETREG1,SSTR2,KIF13B,PAX1,GFI1B,,,,,,,FBXO15,,,,,,,,,,,,
EN2,DHFR,DEFB103B,EVA1A-AS,OSBP2,,,,,,,PAXBP1,,,,,,,,,,,,
VWCE,GLYR1,PRKCZ,DUSP21,MACF1,,,,,,,LONRF3,,,,,,,,,,,,
SPATA18,UBE2I,CCDC134,SNORA37,AZU1,,,,,,,MCM2,,,,,,,,,,,,
NPC1,NIF3L1,CRLF1,C19orf81,MIR4435-2HG,,,,,,,GLB1L3,,,,,,,,,,,,
PF4V1,HINT2,NCR3LG1,HSFY1,MIR144,,,,,,,SMIM3,,,,,,,,,,,,
AVPI1,COQ5,TCF12-DT,HSFY2,EPB42,,,,,,,SS18L1,,,,,,,,,,,,
SPESP1,FLAD1,SAMD8,MKNK1-AS1,FAM111A,,,,,,,KNTC1,,,,,,,,,,,,
KRT6B,SNTB2,REPIN1,LINC01111,PRTN3,,,,,,,PRKRA,,,,,,,,,,,,
HOXB4,ALKBH4,KANSL1,NRAP,CDK17,,,,,,,ACYP1,,,,,,,,,,,,
SLC22A23,ATN1,COL10A1,OR51B4,WNK1,,,,,,,ZNF746,,,,,,,,,,,,
OTUD7A,LIAT1,TBKBP1,LYPLAL1-AS1,SLC4A1,,,,,,,KIF7,,,,,,,,,,,,
FOXJ3,CCDC97,NRBP2,ADGRL2,LRP11,,,,,,,PSME4,,,,,,,,,,,,
GPBP1L1,PSMB3,ZNF436-AS1,DGKE,FIBCD1,,,,,,,MALT1,,,,,,,,,,,,
TREM1,CA11,SP110,RP1,RHCE,,,,,,,DEXI,,,,,,,,,,,,
MRPS30,ACTN4,NOD1,KCNK10,DEFA8P,,,,,,,UBA1,,,,,,,,,,,,
SNORD88C,EXOC4,SYPL2,CHCHD10,VSIG10L,,,,,,,PIANP,,,,,,,,,,,,
CDS2,RPL8,DOCK1,SMIM22,TBL1XR1,,,,,,,INO80B,,,,,,,,,,,,
ZMIZ1-AS1,NXPH1,SAP30BP,SLC25A48,KLF1,,,,,,,PCNT,,,,,,,,,,,,
BMPER,ELOF1,MROH1,PARM1-AS1,AMIGO3,,,,,,,OAZ3,,,,,,,,,,,,
SLC39A14,PUS1,GABBR1,SLC4A7,MIR4768,,,,,,,USP37,,,,,,,,,,,,
ZNF432,GAB2,LDB3,KISS1,ATP23,,,,,,,CACHD1,,,,,,,,,,,,
PCNX1,MRM3,ROMO1,HTR4,TANC1,,,,,,,BNIP2,,,,,,,,,,,,
TP63,SRC,FBN1,SLC2A4,PSIP1,,,,,,,FANCL,,,,,,,,,,,,
VPS8,ZBTB46,ADAM11,FAR1P1,EXPH5,,,,,,,DTX1,,,,,,,,,,,,
IRX4,ITPR2,KIFAP3,ADGB,HEMGN,,,,,,,RBSN,,,,,,,,,,,,
SLC26A2,NAB1,SRP19,NBEAP4,FUCA2,,,,,,,HACE1,,,,,,,,,,,,
SSH3,VIT,LOC390705,DSCAS,PPP1R14C,,,,,,,RFC4,,,,,,,,,,,,
RAMAC,TRRAP,,CCDC87,E2F7,,,,,,,CMAS,,,,,,,,,,,,
CPVL,HGS,,XPNPEP2,TNFAIP8L1,,,,,,,LINC00997,,,,,,,,,,,,
MANF,ODAD4,,PGC,MSL2,,,,,,,TCERG1L,,,,,,,,,,,,
TBC1D26,CALB1,,SCTR,VAMP1,,,,,,,NFATC3,,,,,,,,,,,,
TMED10P1,CDNF,,LINC02339,VLDLR-AS1,,,,,,,SACM1L,,,,,,,,,,,,
EVC,EMC4,,CTXN3,SLC7A11,,,,,,,SP5,,,,,,,,,,,,
VTI1B,CDIPT,,RPL38,AHSP,,,,,,,ST7,,,,,,,,,,,,
KIF1B,DUSP2,,OR2H1,SLC24A4,,,,,,,RANBP2,,,,,,,,,,,,
SCARA5,PRPF8,,AP3S1,CADPS,,,,,,,ARHGEF25,,,,,,,,,,,,
NDE1,C12orf57,,KCNC1,PRG3,,,,,,,PTPN4,,,,,,,,,,,,
DNM3,CD40,,MORN1,GNB3,,,,,,,PCBP1,,,,,,,,,,,,
VDR,ROM1,,LINC01751,TMEM158,,,,,,,SPRED2,,,,,,,,,,,,
SEC22B,SPRY4,,KCNH1,MPPED2,,,,,,,PIEZO1,,,,,,,,,,,,
SPECC1,RALY,,CSMD2,CSRP2,,,,,,,CERK,,,,,,,,,,,,
TNFAIP3,TSEN54,,LINC01986,TRIM10,,,,,,,SCAF11,,,,,,,,,,,,
NAA30,E2F4,,COX6A1P1,FAM76A,,,,,,,SLC29A1,,,,,,,,,,,,
ZNF543,GAS8,,OR2N1P,TMEM44,,,,,,,CC2D1A,,,,,,,,,,,,
ALDH6A1,ANAPC2,,CLCA1,RAB44,,,,,,,EXOC6,,,,,,,,,,,,
KCNG1,NAA60,,ATP2B2,TEC,,,,,,,RFC5,,,,,,,,,,,,
NT5E,TUT1,,OR7A10,SIGLEC17P,,,,,,,TMEM17,,,,,,,,,,,,
SNORA29,CENPX,,USH1G,BRSK2,,,,,,,HMOX1,,,,,,,,,,,,
PGGHG,COASY,,ZNF703,CCDC93,,,,,,,MAN2A2,,,,,,,,,,,,
ADPGK,KHSRP,,MRGPRG-AS1,DLEU2,,,,,,,ROGDI,,,,,,,,,,,,
STX5,PPM1E,,SLC4A5,MEX3D,,,,,,,TFAP2C,,,,,,,,,,,,
ZSCAN31,GSN,,LINC02028,SP7,,,,,,,SEPTIN3,,,,,,,,,,,,
TNFRSF10A-DT,APRT,,GALR1,IQSEC1,,,,,,,,,,,,,,,,,,,
HLA-DPB2,BCKDK,,KCNV1,OIP5,,,,,,,,,,,,,,,,,,,
GPC6,MAT2A,,COX18,ANOS1,,,,,,,,,,,,,,,,,,,
LRRC8D,GAP43,,LINC00911,PRG2,,,,,,,,,,,,,,,,,,,
TBC1D2B,AKAP3,,PAPOLB,ADAM22,,,,,,,,,,,,,,,,,,,
ARFGEF2,MRPL33,,LINC02624,CDKAL1,,,,,,,,,,,,,,,,,,,
KAZN,CHCHD5,,FNDC8,KIAA2013,,,,,,,,,,,,,,,,,,,
FAM107B,SNRPF,,LINC02753,SLC66A1LP,,,,,,,,,,,,,,,,,,,
CLK3,ALDH1A3,,LINC01149,MPO,,,,,,,,,,,,,,,,,,,
RFPL3,CIAO2B,,WARS2-AS1,BICDL1,,,,,,,,,,,,,,,,,,,
CHST2,DKC1,,LINC01142,MOB2,,,,,,,,,,,,,,,,,,,
B4GALT4,UBL4A,,PXT1,RAB6B,,,,,,,,,,,,,,,,,,,
GAPDHS,GTF3C5,,RPL24P4,SLAIN2,,,,,,,,,,,,,,,,,,,
SLAMF9,RPS17,,TRAV8-6,MISP3,,,,,,,,,,,,,,,,,,,
ATPAF1,DHRS11,,PTTG2,LOC728743,,,,,,,,,,,,,,,,,,,
HBP1,RFNG,,MDM4P1,ITPRIPL2,,,,,,,,,,,,,,,,,,,
GPR107,TMEM198,,LINC02171,CA1,,,,,,,,,,,,,,,,,,,
LINC02035,RPUSD1,,ZFAND6P1,SDC3,,,,,,,,,,,,,,,,,,,
LRBA,ZNHIT1,,FAM153CP,STRA6,,,,,,,,,,,,,,,,,,,
CREBL2,KBTBD2,,CCEPR,MCOLN3,,,,,,,,,,,,,,,,,,,
FBLN5,DTX3,,ALKBH7,TTLL1,,,,,,,,,,,,,,,,,,,
MSTO2P,MTMR14,,METRN,EML5,,,,,,,,,,,,,,,,,,,
CFC1B,PFN4,,DAOA,ENO2,,,,,,,,,,,,,,,,,,,
ANG,ZNF3,,HSFX3,RNF168,,,,,,,,,,,,,,,,,,,
ZNF503,PTGES3L-AARSD1,,HSFX4,TALDO1,,,,,,,,,,,,,,,,,,,
UBXN1,AMDHD1,,FGA,LPXN,,,,,,,,,,,,,,,,,,,
TRAK1,DNAJA2,,KRBA2,IFIT1B,,,,,,,,,,,,,,,,,,,
NUDCD1,COL4A3,,ADRB3,MIR1276,,,,,,,,,,,,,,,,,,,
CDON,UBE2M,,GKN1,EHBP1-AS1,,,,,,,,,,,,,,,,,,,
BTG1,ZNF446,,ACTL9,PIGX,,,,,,,,,,,,,,,,,,,
ADIRF-AS1,TBP,,LINC01741,WEE1,,,,,,,,,,,,,,,,,,,
BICRAL,ERAL1,,MUSK,TOP2B,,,,,,,,,,,,,,,,,,,
DCAF12,C9orf50,,DAB1-AS1,DCHS2,,,,,,,,,,,,,,,,,,,
ABHD10,DNAJC27,,LINC01525,LHFPL6,,,,,,,,,,,,,,,,,,,
TFCP2,SELENOO,,LINC01400,UPF3B,,,,,,,,,,,,,,,,,,,
C1QTNF6,TRA2B,,ZNF208,CDC14A,,,,,,,,,,,,,,,,,,,
SRSF8,CCDC25,,CNOT6LP1,ZFAND2B,,,,,,,,,,,,,,,,,,,
TCN1,FXR1,,PPP1R3A,GYPA,,,,,,,,,,,,,,,,,,,
CTSH,EMD,,LINC01120,ITSN2,,,,,,,,,,,,,,,,,,,
MOCOS,DMAC2,,LINC01706,SH3BP5-AS1,,,,,,,,,,,,,,,,,,,
UBE2R2,GADD45B,,OLIG3,LAYN,,,,,,,,,,,,,,,,,,,
UBE2Q2P2,PPRC1,,RNU6-507P,HOXC9,,,,,,,,,,,,,,,,,,,
GRAMD1B,AKIP1,,SLC17A6,GLS,,,,,,,,,,,,,,,,,,,
DES,ZNF787,,RGSL1,KIAA1656,,,,,,,,,,,,,,,,,,,
SLC30A1,EXOSC5,,STMN4,NRBP1,,,,,,,,,,,,,,,,,,,
TSPYL5,GATAD1,,PRDM12,CDK2AP1,,,,,,,,,,,,,,,,,,,
FAM86DP,PAGR1,,LINC00221,FAM111B,,,,,,,,,,,,,,,,,,,
LPAR2,IFT140,,PPM1K,NLRC3,,,,,,,,,,,,,,,,,,,
SUSD3,DUS4L,,HRG,ARHGAP29,,,,,,,,,,,,,,,,,,,
EXD2,CATSPER2P1,,LINC00029,CYTL1,,,,,,,,,,,,,,,,,,,
NECTIN3,MED22,,LINC02806,VSNL1,,,,,,,,,,,,,,,,,,,
DNAJB9,FAM184A,,LY6G6E,STARD9,,,,,,,,,,,,,,,,,,,
SCGB1D2,MTUS1,,PRKAG2-AS2,IRGQ,,,,,,,,,,,,,,,,,,,
ZNF766,AKAP1,,RNF217-AS1,DGCR8,,,,,,,,,,,,,,,,,,,
EXTL1,PRKCSH,,RNU6-646P,MYH9,,,,,,,,,,,,,,,,,,,
FUT11,TGFBR3L,,VN1R10P,CATSPER2,,,,,,,,,,,,,,,,,,,
PRORP,NOX4,,ASZ1,KRTAP20-4,,,,,,,,,,,,,,,,,,,
SLC1A1,ACTR6,,CCDC184,ANKDD1A,,,,,,,,,,,,,,,,,,,
CHSY1,FAM90A27P,,KCNMA1-AS1,CSRNP2,,,,,,,,,,,,,,,,,,,
PIK3CB,XRCC1,,CCDC103,CCR2,,,,,,,,,,,,,,,,,,,
ZNF250,GTPBP3,,FAM187A,EDN3,,,,,,,,,,,,,,,,,,,
ZBTB5,INHBA,,MYH16,DEFA1B,,,,,,,,,,,,,,,,,,,
CDK13,LBX2,,HOXC12,GK5,,,,,,,,,,,,,,,,,,,
TMEM154,TACO1,,LINC01300,CPVL-AS2,,,,,,,,,,,,,,,,,,,
FHOD3,PTPN9,,LINC01753,CRISP3,,,,,,,,,,,,,,,,,,,
ITPRIP,CDH26,,RUSC1-AS1,STIMATE,,,,,,,,,,,,,,,,,,,
MIR766,PELI1,,SRY,IQCB1,,,,,,,,,,,,,,,,,,,
TENM3,AAAS,,LINC01346,RNASE3,,,,,,,,,,,,,,,,,,,
CNKSR2,SYP,,GPHA2,KCTD7,,,,,,,,,,,,,,,,,,,
KMT5B,LIG3,,TLDC2,DUSP18,,,,,,,,,,,,,,,,,,,
ZMYND12,GLT1D1,,H4C7,AXIN2,,,,,,,,,,,,,,,,,,,
NUPR1,PLCG1,,ZMYM1,CCDC150,,,,,,,,,,,,,,,,,,,
FAM20A,GOT2,,C3orf20,MTERF4,,,,,,,,,,,,,,,,,,,
CYP4F24P,HDDC3,,SNRPF-DT,UOX,,,,,,,,,,,,,,,,,,,
HEY2,FGF14,,CACNA1S,BBS2,,,,,,,,,,,,,,,,,,,
HOXB5,NOC4L,,BPESC1,RHD,,,,,,,,,,,,,,,,,,,
PGF,ASTN2,,HAS1,TBC1D24,,,,,,,,,,,,,,,,,,,
FOXD4,DENR,,HNRNPKP4,KCNA2,,,,,,,,,,,,,,,,,,,
LRRC49,RHOT2,,CFAP74,SPAG1,,,,,,,,,,,,,,,,,,,
SNORD123,CORO1C,,THSD4-AS1,NT5C1A,,,,,,,,,,,,,,,,,,,
PTGS2,NCAN,,LRRN1,CEACAM8,,,,,,,,,,,,,,,,,,,
CCDC140,C19orf53,,RNU1-70P,SPTB,,,,,,,,,,,,,,,,,,,
LMAN1L,PIP4K2B,,ZIC5,TMEM249,,,,,,,,,,,,,,,,,,,
EVL,NHP2,,LHX9,C10orf67,,,,,,,,,,,,,,,,,,,
KIF5C,GABRB3,,LINC00632,NGLY1,,,,,,,,,,,,,,,,,,,
IPP,EIF4H,,H2AC16,USP6NL,,,,,,,,,,,,,,,,,,,
CYP3A7,TAMALIN,,GALNTL6,SERINC2,,,,,,,,,,,,,,,,,,,
TNFSF8,TUBA1B,,GRAPL-AS1,SMG1P7,,,,,,,,,,,,,,,,,,,
MTMR3,LRWD1,,DHFRP3,HERC2P9,,,,,,,,,,,,,,,,,,,
SIX4,SNORA70,,STAG1-DT,SCAI,,,,,,,,,,,,,,,,,,,
SNORD97,ATG9A,,SCN11A,IBSP,,,,,,,,,,,,,,,,,,,
CACNA1H,FLOT2,,LINC01541,UBXN4,,,,,,,,,,,,,,,,,,,
ZNF17,PDK2,,ARMH4,ANK1,,,,,,,,,,,,,,,,,,,
NUP50,ATRAID,,LINC02622,KIF23,,,,,,,,,,,,,,,,,,,
NUAK1,SPDYE7P,,SEMG1,AK5,,,,,,,,,,,,,,,,,,,
ZNF616,KATNB1,,MYL2,TYW5,,,,,,,,,,,,,,,,,,,
CPPED1,COIL,,UBE2NL,RAB21,,,,,,,,,,,,,,,,,,,
CREB5,ALKBH2,,CIMIP4,WHAMMP1,,,,,,,,,,,,,,,,,,,
ORC2,LRRC46,,ADAD1,AAK1,,,,,,,,,,,,,,,,,,,
PCSK1,FAN1,,PIK3CD-AS1,AHNAK,,,,,,,,,,,,,,,,,,,
CAMKK2,CCDC136,,C11orf40,PFN2,,,,,,,,,,,,,,,,,,,
CHID1,HMGXB3,,GPC1-AS1,ZNF217,,,,,,,,,,,,,,,,,,,
LEMD1,BRD9,,FGF23,ATP6V1C2,,,,,,,,,,,,,,,,,,,
FLJ45513,CRMP1,,EGFLAM-AS2,LRRC57,,,,,,,,,,,,,,,,,,,
CHD8,LINC01588,,CYLC2,LOC100507472,,,,,,,,,,,,,,,,,,,
RIDA,CHGB,,OSTM1-AS1,SPIC,,,,,,,,,,,,,,,,,,,
PTPRE,GDAP1L1,,LINC01487,SNED1,,,,,,,,,,,,,,,,,,,
DDB2,KLHDC9,,SYNGR4,RTN3,,,,,,,,,,,,,,,,,,,
MSS51,SEC11A,,RNF157-AS1,DLL1,,,,,,,,,,,,,,,,,,,
ITGB8,INTS10,,ANKRD20A1,MMP8,,,,,,,,,,,,,,,,,,,
SIPA1L1,C2CD4B,,SUMO4,TBC1D30,,,,,,,,,,,,,,,,,,,
NDEL1,PAAF1,,VSTM2A-OT1,ISM1,,,,,,,,,,,,,,,,,,,
FOXQ1,F12,,HMX2,CCNYL1,,,,,,,,,,,,,,,,,,,
MORC2-AS1,RARS1,,LINC01467,SH3GLB1,,,,,,,,,,,,,,,,,,,
CLDN20,POLR3K,,OR5AK4P,RNASE2,,,,,,,,,,,,,,,,,,,
OR2M5,KCNT1,,GABRG1,GAS2L1,,,,,,,,,,,,,,,,,,,
SLC41A2,IL2RG,,SLC6A20,LINC02981,,,,,,,,,,,,,,,,,,,
SLC25A13,GALNT9,,KCNA7,RSRP1,,,,,,,,,,,,,,,,,,,
RPF1,TYW1,,ACKR2,EMILIN2,,,,,,,,,,,,,,,,,,,
EID3,GDI1,,LINC00358,NPHP4,,,,,,,,,,,,,,,,,,,
GARIN4,TRIM28,,LINC02583,JAK2,,,,,,,,,,,,,,,,,,,
PNMT,PUS7,,LINC01015,MSX1,,,,,,,,,,,,,,,,,,,
LOC100129931,MLST8,,CELF2-AS1,RYK,,,,,,,,,,,,,,,,,,,
CDK20,HK2,,HNF1B,THBD,,,,,,,,,,,,,,,,,,,
EXOC5,NUP37,,ANKRD42-DT,LAMP5,,,,,,,,,,,,,,,,,,,
TACC2,NIPSNAP3B,,AKAIN1,TIGIT,,,,,,,,,,,,,,,,,,,
KDM2A,DLGAP1,,LHCGR,GCLM,,,,,,,,,,,,,,,,,,,
PPARA,MCM8,,AFP,PAK6-AS1,,,,,,,,,,,,,,,,,,,
IL1R2,CPSF4,,SLC38A5,BOC,,,,,,,,,,,,,,,,,,,
GFOD3P,ARL2BP,,LINC00433,MTCL1,,,,,,,,,,,,,,,,,,,
PPCS,POLR2H,,CLSTN2-AS1,ADM,,,,,,,,,,,,,,,,,,,
BMAL1,FLYWCH2,,TAS2R40,LDLRAD4,,,,,,,,,,,,,,,,,,,
LPAR3,TUSC2,,ZP2,CROCCP2,,,,,,,,,,,,,,,,,,,
TTC19,CD7,,AHSG,TLN2,,,,,,,,,,,,,,,,,,,
INTS4,MCTS1,,RNF148,RBM6,,,,,,,,,,,,,,,,,,,
INCENP,XPO6,,LINC01689,C1QL4,,,,,,,,,,,,,,,,,,,
SMPX,F2RL2,,PEX26,RCBTB1,,,,,,,,,,,,,,,,,,,
IL36B,RPL7A,,LGALS13,TMEM63A,,,,,,,,,,,,,,,,,,,
ETV3,PSMB10,,LRTM1,MBNL1,,,,,,,,,,,,,,,,,,,
KBTBD4,GNAI2,,LINC00616,SLC22A16,,,,,,,,,,,,,,,,,,,
DUSP11,ADRA2A,,IFNA4,ILK,,,,,,,,,,,,,,,,,,,
COL14A1,DUS3L,,MAP3K20-AS1,SYTL2,,,,,,,,,,,,,,,,,,,
RHOC,AAMP,,ACTN3,ACP7,,,,,,,,,,,,,,,,,,,
DSTN,TRIM41,,PTH,ZRSR2,,,,,,,,,,,,,,,,,,,
RAB30,RPL6,,ADGRF3,NPRL3,,,,,,,,,,,,,,,,,,,
GAGE1,SSBP1,,LINC01490,CWC22,,,,,,,,,,,,,,,,,,,
CD58,CACNA1B,,MAP3K4,ROCK1P1,,,,,,,,,,,,,,,,,,,
ADPRM,INO80E,,KIRREL3-AS3,TBK1,,,,,,,,,,,,,,,,,,,
PRSS53,OTP,,LINC01082,RHPN2,,,,,,,,,,,,,,,,,,,
RNF182,GSTO1,,PTPN5,LOC100506730,,,,,,,,,,,,,,,,,,,
SLC16A6,ATRIP,,LINC02796,PHRF1,,,,,,,,,,,,,,,,,,,
PDZD8,TAF6,,CPS1-IT1,NFATC2IP,,,,,,,,,,,,,,,,,,,
SLC16A10,ATP6V0A2,,LINC01700,NFIB,,,,,,,,,,,,,,,,,,,
KCNMA1,PSMD9,,ACRV1,IRS1,,,,,,,,,,,,,,,,,,,
MIR302C,AGFG2,,ZFP42,RBMS1,,,,,,,,,,,,,,,,,,,
ECE1,TLCD3B,,BHLHE22-AS1,SAP30L,,,,,,,,,,,,,,,,,,,
ABCA11P,NDUFS7,,PRKG1-AS1,BSPH1,,,,,,,,,,,,,,,,,,,
PRKCH,USE1,,UGT2B4,KCTD5,,,,,,,,,,,,,,,,,,,
LINC00473,ANKRD24,,ZCWPW2,CAMTA1,,,,,,,,,,,,,,,,,,,
DUSP6,RNF114,,LINC01638,KCNK17,,,,,,,,,,,,,,,,,,,
ERC1,SOHLH1,,MACROD2-AS1,SPICE1,,,,,,,,,,,,,,,,,,,
TJP2,ATP5F1B,,DKK4,LMCD1,,,,,,,,,,,,,,,,,,,
ZZZ3,MRPL38,,LINC00477,RNASE2CP,,,,,,,,,,,,,,,,,,,
KLHDC2,MLF2,,MMD2,KCTD1,,,,,,,,,,,,,,,,,,,
GML,CYB5D1,,TRH,PHC3,,,,,,,,,,,,,,,,,,,
BCAR3,COX6A1,,PRAMEF11,MIR4321,,,,,,,,,,,,,,,,,,,
LINC02203,METTL26,,PRAMEF15,PSEN2,,,,,,,,,,,,,,,,,,,
TMEM38A,AMZ2,,PRAMEF22,CENPN,,,,,,,,,,,,,,,,,,,
LINGO4,ZNF384,,PRAMEF25,PEX3,,,,,,,,,,,,,,,,,,,
TRAF3,DDX51,,PRAMEF26,MRAS,,,,,,,,,,,,,,,,,,,
LINC00323,ILF3,,PRAMEF27,GORASP2,,,,,,,,,,,,,,,,,,,
BRIP1,COQ10B,,PRAMEF4,MYB,,,,,,,,,,,,,,,,,,,
ZFAND1,CTU2,,PRAMEF5,MAP3K6,,,,,,,,,,,,,,,,,,,
LINC02433,MRPL4,,PRAMEF6,DKK3,,,,,,,,,,,,,,,,,,,
MTF1,RIPOR1,,PRAMEF9,STX2,,,,,,,,,,,,,,,,,,,
CDKL3,GRIA4,,ZNF560,SLC39A8,,,,,,,,,,,,,,,,,,,
IL11,DIS3L2,,IFNA7,MAD2L2,,,,,,,,,,,,,,,,,,,
FLJ42627,IL18,,HMGCLL1,PRR34-AS1,,,,,,,,,,,,,,,,,,,
TRIP12,TMX2,,LINC01654,HRAS,,,,,,,,,,,,,,,,,,,
PTCRA,DENND2B,,LINC00917,CLC,,,,,,,,,,,,,,,,,,,
TLR5,YTHDF1,,SPO11,APOL2,,,,,,,,,,,,,,,,,,,
ARHGEF10L,RPS14,,LRFN2,NKTR,,,,,,,,,,,,,,,,,,,
EHD1,WDR24,,PRPF40B,POM121L9P,,,,,,,,,,,,,,,,,,,
NTRK2,DNAJC17,,REL-DT,RASA4CP,,,,,,,,,,,,,,,,,,,
YY1,MRPL28,,ACSM2B,POPDC2,,,,,,,,,,,,,,,,,,,
PTPMT1,PMPCB,,IFNA17,CAV2,,,,,,,,,,,,,,,,,,,
RFPL2,COQ9,,ISM1-AS1,FAM118A,,,,,,,,,,,,,,,,,,,
DCTN1-AS1,NANS,,FSIP1,AGAP3,,,,,,,,,,,,,,,,,,,
ENTPD5,MLLT3,,LINC00309,ENTPD4,,,,,,,,,,,,,,,,,,,
BTBD6,RPL39,,KCNJ9,NTMT2,,,,,,,,,,,,,,,,,,,
MEF2C,CSRNP1,,GYS2,SNX9,,,,,,,,,,,,,,,,,,,
SV2B,OXLD1,,CRX,HIGD1C,,,,,,,,,,,,,,,,,,,
NONO,SRSF1,,ELK3,NUP93,,,,,,,,,,,,,,,,,,,
AKAP17A,DHX30,,RFFL,LRRC55,,,,,,,,,,,,,,,,,,,
APOBEC3H,POP7,,LINC03093,TFCP2L1,,,,,,,,,,,,,,,,,,,
NLRP14,FKRP,,DLGAP2,TSPAN7,,,,,,,,,,,,,,,,,,,
AGA,ZNF207,,LPIN3,ACVR2B-AS1,,,,,,,,,,,,,,,,,,,
TMEM45A,DELE1,,CEP83-DT,LTF,,,,,,,,,,,,,,,,,,,
CD59,ETFB,,GJA9,GP1BA,,,,,,,,,,,,,,,,,,,
MFSD2A,RABEPK,,TVP23A,CD4,,,,,,,,,,,,,,,,,,,
STN1,AP2M1,,TMEM63C,TXK,,,,,,,,,,,,,,,,,,,
SORL1,MCM7,,BCAR4,CEP43,,,,,,,,,,,,,,,,,,,
MATCAP1,ZBTB32,,LINC00486,MMRN1,,,,,,,,,,,,,,,,,,,
CBLN1,ALG3,,LINC00687,ARMC8,,,,,,,,,,,,,,,,,,,
LAMA1,NECAB3,,ST18,APOLD1,,,,,,,,,,,,,,,,,,,
SEC14L4,MRPS7,,SPMIP10,HPCAL1,,,,,,,,,,,,,,,,,,,
TMEM9B,ALS2,,NPAP1,CHN1,,,,,,,,,,,,,,,,,,,
CXCL8,NOP14,,LINC02044,GPR153,,,,,,,,,,,,,,,,,,,
ZDHHC2,UNC13A,,LINC01209,INPP1,,,,,,,,,,,,,,,,,,,
ARHGAP19,DHTKD1,,PXDNL,RSPO1,,,,,,,,,,,,,,,,,,,
LOC646214,AKAP8,,NT5C1B,C11orf21,,,,,,,,,,,,,,,,,,,
TMEM67,IDH3G,,TERB1,CEP85L,,,,,,,,,,,,,,,,,,,
ANKRD6,KRTAP19-1,,CT62,COL16A1,,,,,,,,,,,,,,,,,,,
RABGEF1,EIF4A3,,LINC01905,PRH1-PRR4,,,,,,,,,,,,,,,,,,,
MICA,ZNF276,,RBMXL2,MRI1,,,,,,,,,,,,,,,,,,,
LAMC1,ZSCAN25,,LINC02264,B3GLCT,,,,,,,,,,,,,,,,,,,
DERA,TJAP1,,OTC,TMEM185A,,,,,,,,,,,,,,,,,,,
MRS2,FCRLB,,IQCF5,NUDT4,,,,,,,,,,,,,,,,,,,
MST1R,CHERP,,ACTR3BP1,DGKG,,,,,,,,,,,,,,,,,,,
HHAT,SRCAP,,IFNA10,GNRH1,,,,,,,,,,,,,,,,,,,
MLC1,NACC1,,LINC02891,TOLLIP,,,,,,,,,,,,,,,,,,,
B3GALT5-AS1,KCTD13,,TNFAIP6,LINC00861,,,,,,,,,,,,,,,,,,,
SETD4,GTF3C2,,LINC00608,PML,,,,,,,,,,,,,,,,,,,
P2RY6,AP1S1,,LINC01592,VPS36,,,,,,,,,,,,,,,,,,,
MIR3171HG,LAGE3,,TACR2,MON2,,,,,,,,,,,,,,,,,,,
LINC00967,GLE1,,CYP2A13,ATF7,,,,,,,,,,,,,,,,,,,
SLC39A11,LSM7,,RPL23AP22,SEC61A2,,,,,,,,,,,,,,,,,,,
ZBTB18,EIF3K,,DNAJB8-AS1,CASP9,,,,,,,,,,,,,,,,,,,
PPP4R1L,SLC25A45,,ADAM2,ZNF441,,,,,,,,,,,,,,,,,,,
MIR33B,SMIM26,,ZNF628-DT,SLAIN1,,,,,,,,,,,,,,,,,,,
TIMM9,METTL1,,ACSM2A,JADE3,,,,,,,,,,,,,,,,,,,
BAIAP2L1,TKFC,,LINC00458,TASOR2,,,,,,,,,,,,,,,,,,,
INPP5J,COG1,,MGAT4D,KATNAL1,,,,,,,,,,,,,,,,,,,
FAM13A,AKR1B1,,TRAV34,NR2F1,,,,,,,,,,,,,,,,,,,
SNORA11D,ST6GALNAC6,,IL36A,CASP10,,,,,,,,,,,,,,,,,,,
B4GALT1,APMAP,,DDC-AS1,PLPP4,,,,,,,,,,,,,,,,,,,
DLGAP3,RPS19,,LINC00652,NUDT9P1,,,,,,,,,,,,,,,,,,,
ZNF280D,EEFSEC,,IFNA16,SF3B1,,,,,,,,,,,,,,,,,,,
DPY19L1,FAIM2,,CSDC2,GYPC,,,,,,,,,,,,,,,,,,,
R3HCC1L,FOSL2,,CCDC168,HAT1,,,,,,,,,,,,,,,,,,,
ABCA10,ATP6V0A1,,PRSS55,SMG1,,,,,,,,,,,,,,,,,,,
BBS12,NFAM1,,KLHL12P1,FAM117A,,,,,,,,,,,,,,,,,,,
UPP1,BUD23,,NKX2-3,ZNF774,,,,,,,,,,,,,,,,,,,
TRABD2A,AATF,,MIR3150BHG,WWC3,,,,,,,,,,,,,,,,,,,
MIR1914,RCC1L,,LINC01343,ITPR1,,,,,,,,,,,,,,,,,,,
PDE4DIP,PRKAB1,,GLRA1,MYLIP,,,,,,,,,,,,,,,,,,,
ALDH3B2,LOXL3,,SERPINC1,YPEL1,,,,,,,,,,,,,,,,,,,
FCRLA,DDX18,,SCGB2B2,TMEM169,,,,,,,,,,,,,,,,,,,
GPR37,AK8,,PRR23E,GYPE,,,,,,,,,,,,,,,,,,,
TMEM117,KYAT1,,PDCL2,PKN1,,,,,,,,,,,,,,,,,,,
NSG1,BABAM2,,IFNB1,KLF7,,,,,,,,,,,,,,,,,,,
RASAL2,RELL2,,LMOD2,PRKD1,,,,,,,,,,,,,,,,,,,
ZNF295-AS1,SLC7A14,,LINC02395,SPAG16,,,,,,,,,,,,,,,,,,,
RAF1,WDR90,,LINC02337,MIR3197,,,,,,,,,,,,,,,,,,,
ABCG4,TCEA2,,MRLN,AACS,,,,,,,,,,,,,,,,,,,
JPT1,PTH2,,NKX1-2,CBFA2T3,,,,,,,,,,,,,,,,,,,
DENND5A,ICAM1,,MUC4,C18orf54,,,,,,,,,,,,,,,,,,,
IREB2,SPTBN4,,OTOS,BRME1,,,,,,,,,,,,,,,,,,,
GINS4,TADA3,,NMRAL2P,TSSK3,,,,,,,,,,,,,,,,,,,
DMAC1,SDAD1,,ADAM7-AS2,NPS,,,,,,,,,,,,,,,,,,,
SNORA70C,TTBK2,,APOE,WNT10A,,,,,,,,,,,,,,,,,,,
ZNF697,OAZ1,,DTD1-AS1,APOL1,,,,,,,,,,,,,,,,,,,
SCNN1B,FHOD1,,ADAMTS7P3,FRZB,,,,,,,,,,,,,,,,,,,
PI3,SNX17,,LINC02192,DNTTIP1,,,,,,,,,,,,,,,,,,,
GPAT3,INPP5F,,CAPZA1P1,ESYT3,,,,,,,,,,,,,,,,,,,
KDM4C,ZKSCAN5,,LINC00700,TVP23C,,,,,,,,,,,,,,,,,,,
NXF1,SLC16A2,,BMP3,PRCP,,,,,,,,,,,,,,,,,,,
ESCO1,PDE6C,,IL12A,RBBP8,,,,,,,,,,,,,,,,,,,
DPH5,CDK5RAP1,,ADGRF5-AS1,MTFMT,,,,,,,,,,,,,,,,,,,
SSU72,SETD5,,BARX2,HJURP,,,,,,,,,,,,,,,,,,,
SNIP1,RPS15A,,LINC02510,PDK3,,,,,,,,,,,,,,,,,,,
SCARNA2,CA10,,NEUROG2,LINC00570,,,,,,,,,,,,,,,,,,,
ZNF93,LSR,,ASPDH,DEFB136,,,,,,,,,,,,,,,,,,,
ELOVL4,SLC26A11,,TENT5D,ZBTB11,,,,,,,,,,,,,,,,,,,
CXorf51A,TYW1B,,EDDM3B,SMURF2,,,,,,,,,,,,,,,,,,,
IL1B,FAM234A,,PRPF39-DT,KATNIP,,,,,,,,,,,,,,,,,,,
GLTP,ZZEF1,,IL3,ELOVL7,,,,,,,,,,,,,,,,,,,
SESN3,TDRKH,,DOCK4-AS1,F2RL3,,,,,,,,,,,,,,,,,,,
HACL1,MYL6B,,SNORD113-3,SNAR-E,,,,,,,,,,,,,,,,,,,
BAG5,FRRS1L,,MYOSLID-AS1,DGKA,,,,,,,,,,,,,,,,,,,
SCUBE2,ENPP6,,SORCS3,MTCL3,,,,,,,,,,,,,,,,,,,
PDE4DIPP6,BSN,,ERLEC1P1,FEZ2,,,,,,,,,,,,,,,,,,,
MTBP,OTOR,,SGCZ,MYO6,,,,,,,,,,,,,,,,,,,
SAMD4A,SP1,,LINC01838,PAK6,,,,,,,,,,,,,,,,,,,
ZNF337,FBH1,,C12orf75,MAP3K20,,,,,,,,,,,,,,,,,,,
EMC1,FAM136A,,SEPTIN12,ANXA6,,,,,,,,,,,,,,,,,,,
COL1A2,MIF4GD,,KCNJ1,CCL21,,,,,,,,,,,,,,,,,,,
UBAP2,MESP1,,KLHDC7A,FPR3,,,,,,,,,,,,,,,,,,,
GPR158,ZNF333,,TPSD1,LAMB3,,,,,,,,,,,,,,,,,,,
STK17B,LIG1,,LINC01395,HOXC8,,,,,,,,,,,,,,,,,,,
PLGRKT,SYT4,,LINC00305,BMP4,,,,,,,,,,,,,,,,,,,
XRCC6P5,SEH1L,,CST5,LRCH1,,,,,,,,,,,,,,,,,,,
CD300LD-AS1,DMTN,,PROP1,EIF2B4,,,,,,,,,,,,,,,,,,,
COL5A1,FKBP9P1,,LINC01350,RGS9BP,,,,,,,,,,,,,,,,,,,
SLC39A6,GPR6,,PAX4,LOC646903,,,,,,,,,,,,,,,,,,,
GSDME,GDI2,,DYNLL1,WIPF1,,,,,,,,,,,,,,,,,,,
MFAP3L,FBL,,NOBOX,CD151,,,,,,,,,,,,,,,,,,,
EPHA2,CEP20,,ASB15,KEL,,,,,,,,,,,,,,,,,,,
DYRK3,CDK5RAP3,,REXO1L1P,PLOD1,,,,,,,,,,,,,,,,,,,
GID8,DRG2,,LINC00543,USP31,,,,,,,,,,,,,,,,,,,
CCL20,PRR7,,CLCN1,MC1R,,,,,,,,,,,,,,,,,,,
ATP5MC3,COQ10A,,PSKH2,RSPO4,,,,,,,,,,,,,,,,,,,
SLC40A1,GTF2F1,,SDK1,ZNF143,,,,,,,,,,,,,,,,,,,
SLC16A4,CD8A,,CLVS2,ANKLE2,,,,,,,,,,,,,,,,,,,
NCOA3,ZNF76,,OR51B5,ARHGAP11B,,,,,,,,,,,,,,,,,,,
MLF1,EMC6,,A1CF,MMS22L,,,,,,,,,,,,,,,,,,,
COL11A1,ZNF764,,C16orf78,TUBB2A,,,,,,,,,,,,,,,,,,,
DYNC1H1,ARID5A,,CCDC172,DSTYK,,,,,,,,,,,,,,,,,,,
TMEM184C,MOS,,GPR149,C1orf216,,,,,,,,,,,,,,,,,,,
GSDMD,MAP1LC3B,,FOXA1,TTL,,,,,,,,,,,,,,,,,,,
NCR1,SNORD35A,,ADGRG4,CD109,,,,,,,,,,,,,,,,,,,
CTBP2,STX10,,LINC02274,DYNC1LI1,,,,,,,,,,,,,,,,,,,
HIF1A,OST4,,SLITRK3,IGFBP7,,,,,,,,,,,,,,,,,,,
PROSER2,MRPL23,,GC,TWSG1,,,,,,,,,,,,,,,,,,,
NARS2,NKX2-2,,HBQ1,TJP1,,,,,,,,,,,,,,,,,,,
DLK2,POLDIP2,,TRIML1,CALML4,,,,,,,,,,,,,,,,,,,
BMPR1B,PRDM4,,NEUROD6,RRM2,,,,,,,,,,,,,,,,,,,
SEC16B,DCTN1,,RAD52P1,IGSF9B,,,,,,,,,,,,,,,,,,,
FAM186B,PAXIP1,,SLC9C2,UBASH3B,,,,,,,,,,,,,,,,,,,
EGR3,CIAO3,,IMPG1,SAMD1,,,,,,,,,,,,,,,,,,,
ATP6V1D,UQCRQ,,LINC01845,TMEM43,,,,,,,,,,,,,,,,,,,
SYT6,HGD,,LINC00558,MSRB2,,,,,,,,,,,,,,,,,,,
LRIG2,DCTPP1,,RPL26L1-AS1,IKZF2,,,,,,,,,,,,,,,,,,,
SDHAF2,MAPKAPK5,,MYH7,ANKRD36BP2,,,,,,,,,,,,,,,,,,,
SIK1,SLC9A8,,CRISP1,OS9,,,,,,,,,,,,,,,,,,,
FBXL2,SART3,,LINC01310,SCGB2B3P,,,,,,,,,,,,,,,,,,,
VIPAS39,NECAP1,,SVOPL,AKR1E2,,,,,,,,,,,,,,,,,,,
IVNS1ABP,LCA5L,,DELEC1,RPL39L,,,,,,,,,,,,,,,,,,,
SOWAHC,SNF8,,LINC00561,CDKN2A,,,,,,,,,,,,,,,,,,,
DDX24,RUNDC3A,,SAXO1,WDR33,,,,,,,,,,,,,,,,,,,
CSPG4,SMUG1,,LINC02997,ROR2,,,,,,,,,,,,,,,,,,,
PIRT,NRSN1,,UMODL1-AS1,PINLYP,,,,,,,,,,,,,,,,,,,
RRAS2,PYCR2,,IFNA5,TMEM19,,,,,,,,,,,,,,,,,,,
THEM6,CRYBA2,,LINC01874,CEP78,,,,,,,,,,,,,,,,,,,
PLXNA4,LETMD1,,ZIM3,OXTR,,,,,,,,,,,,,,,,,,,
TMEM26,WDR55,,APOBEC4,HIPK1,,,,,,,,,,,,,,,,,,,
GPR150,CHCHD4,,PDE11A-AS1,SPINT1,,,,,,,,,,,,,,,,,,,
UHRF2,CHGA,,LINC00836,ZNF770,,,,,,,,,,,,,,,,,,,
ZNF346,MRPS12,,TMCO2,AMOTL1,,,,,,,,,,,,,,,,,,,
LYRM1,SFXN4,,GNAO1-DT,HERC1,,,,,,,,,,,,,,,,,,,
PIK3R2,H3-5,,ABCC9,BHLHE40,,,,,,,,,,,,,,,,,,,
GPD1L,PCMTD2,,CCL23,MFSD6,,,,,,,,,,,,,,,,,,,
NPR2,ZNF26,,CST8,MARCHF3,,,,,,,,,,,,,,,,,,,
PHOSPHO2,IFT56,,SSPOP,ACP3,,,,,,,,,,,,,,,,,,,
MED20,ENTR1,,IFNA1,LRRC2,,,,,,,,,,,,,,,,,,,
SNORD18B,NAXD,,ZNF815P,RRM1,,,,,,,,,,,,,,,,,,,
SPATA25,PDCD2L,,ZNF890P,PKNOX1,,,,,,,,,,,,,,,,,,,
HSPB3,SHROOM1,,LINC02112,CLK4,,,,,,,,,,,,,,,,,,,
ZNF555,GRIN1,,LINC00644,SCN3B,,,,,,,,,,,,,,,,,,,
SRPX,ZNF284,,LLCFC1,KLRC4,,,,,,,,,,,,,,,,,,,
ZFP2,ZNF263,,LINC02964,PMS1,,,,,,,,,,,,,,,,,,,
LMO2,MRPL17,,TTTY4,MIR148A,,,,,,,,,,,,,,,,,,,
ENPP1,FAM225B,,TTTY4B,SLC25A30,,,,,,,,,,,,,,,,,,,
UTP23,FCSK,,TTTY4C,KIF3C,,,,,,,,,,,,,,,,,,,
RRAGA,FKBP9,,DPEP2NB,SLC25A14,,,,,,,,,,,,,,,,,,,
LOC162137,IST1,,CFAP47,TMEM109,,,,,,,,,,,,,,,,,,,
TMCC3,VWA5B2,,DCST1,FAXC,,,,,,,,,,,,,,,,,,,
PRKCD,PSMD3,,TSKS,AGO4,,,,,,,,,,,,,,,,,,,
SIPA1L2,PCYT1A,,CALCB,NTAN1,,,,,,,,,,,,,,,,,,,
PON3,MTMR12,,LINC02149,PSMD1,,,,,,,,,,,,,,,,,,,
GPR137B,SCAND3,,RETREG1-AS1,FKBP1A,,,,,,,,,,,,,,,,,,,
IRAK2,NDUFA9,,ARHGEF38,LETM2,,,,,,,,,,,,,,,,,,,
ZDHHC5,KAT2A,,DSCAM-AS1,RXYLT1,,,,,,,,,,,,,,,,,,,
ZSCAN32,FBXO21,,NOXO1,ZNF354B,,,,,,,,,,,,,,,,,,,
COG5,SNAP25,,LINC02880,UBR4,,,,,,,,,,,,,,,,,,,
ABCG1,XPNPEP1,,MAP3K5-AS1,CDK16,,,,,,,,,,,,,,,,,,,
ZNF148,OR10S1,,C16orf82,GXYLT2,,,,,,,,,,,,,,,,,,,
NALCN,DCTN5,,LINC02353,REPS1,,,,,,,,,,,,,,,,,,,
ARL1,KAT7,,LINC02325,PRRX1,,,,,,,,,,,,,,,,,,,
DIP2B,SCAF1,,LINC01405,SLC28A3,,,,,,,,,,,,,,,,,,,
KLHL18,TCTN1,,ADAMTS7,BORCS5,,,,,,,,,,,,,,,,,,,
SLC6A12,FARSA,,LINC02800,TMOD3,,,,,,,,,,,,,,,,,,,
SERPINF1,ATP2A2,,C11orf97,MBOAT2,,,,,,,,,,,,,,,,,,,
SPEF1,AADAT,,TTC41P,CYTOR,,,,,,,,,,,,,,,,,,,
SAP25,PLXNA1,,SPP2,KLF12,,,,,,,,,,,,,,,,,,,
FGGY,ARMC6,,INHBA-AS1,REXO2,,,,,,,,,,,,,,,,,,,
MPL,WDR86,,ABCG8,SEC14L1P1,,,,,,,,,,,,,,,,,,,
RBIS,PHKG2,,KCNH7-AS1,ALMS1P1,,,,,,,,,,,,,,,,,,,
KPNA6,AP4M1,,SRMS,CALCOCO1,,,,,,,,,,,,,,,,,,,
CNKSR1,LHB,,CFHR5,AMPH,,,,,,,,,,,,,,,,,,,
ADCY1,HNRNPAB,,NAV2-AS2,HOXB-AS1,,,,,,,,,,,,,,,,,,,
,DYNLRB1,,LINC01720,MIR4436A,,,,,,,,,,,,,,,,,,,
,PEBP4,,LRRC4B,CPA5,,,,,,,,,,,,,,,,,,,
,EEF2,,ARHGAP11A-SCG5,RIPOR3,,,,,,,,,,,,,,,,,,,
,SNX4,,SCG5,SATB2,,,,,,,,,,,,,,,,,,,
,EXOC7,,H2AC10P,SMAD1,,,,,,,,,,,,,,,,,,,
,RELN,,LRRC72,CDC16,,,,,,,,,,,,,,,,,,,
,PLK2,,IQCF2,PLA1A,,,,,,,,,,,,,,,,,,,
,UNC79,,MORN5,PPP3R1,,,,,,,,,,,,,,,,,,,
,SCG3,,TAS2R5,MYO5C,,,,,,,,,,,,,,,,,,,
,IVD,,GNAT3,WAKMAR2,,,,,,,,,,,,,,,,,,,
,SHMT2,,PATE1,TRAF3IP3,,,,,,,,,,,,,,,,,,,
,C1QL3,,MYH3,HDAC1,,,,,,,,,,,,,,,,,,,
,SPOUT1,,ZNF461,RASGRP1,,,,,,,,,,,,,,,,,,,
,NDUFA7,,CLEC12A,SDHAP4,,,,,,,,,,,,,,,,,,,
,H1-8,,LINC00566,PPM1B,,,,,,,,,,,,,,,,,,,
,PPME1,,OR7A17,PPP1R2,,,,,,,,,,,,,,,,,,,
,SYTL3,,EGFLAM-AS4,CBY1,,,,,,,,,,,,,,,,,,,
,UNK,,ZBTB7C-AS2,ZCCHC18,,,,,,,,,,,,,,,,,,,
,SRSF9,,SLC1A7,ARHGAP11A,,,,,,,,,,,,,,,,,,,
,RBCK1,,SERTM1,JMJD7,,,,,,,,,,,,,,,,,,,
,PSENEN,,LINC00837,DOCK11,,,,,,,,,,,,,,,,,,,
,MYL10,,ELL2P3,SYCP2,,,,,,,,,,,,,,,,,,,
,MRPL12,,LINC00454,ZNF443,,,,,,,,,,,,,,,,,,,
,TMEM207,,GH2,RFXAP,,,,,,,,,,,,,,,,,,,
,ZNF319,,MUC12,DNMT1,,,,,,,,,,,,,,,,,,,
,ZBTB7A,,SWINGN,UCN2,,,,,,,,,,,,,,,,,,,
,CDH10,,IGHV5-51,MIR4804,,,,,,,,,,,,,,,,,,,
,SRSF2,,SCGB1D1,TESPA1,,,,,,,,,,,,,,,,,,,
,COMMD1,,LINC01613,CHPT1,,,,,,,,,,,,,,,,,,,
,NDUFB6,,TAS2R8,CLIC2,,,,,,,,,,,,,,,,,,,
,LRRC14,,HYAL6P,ZHX3,,,,,,,,,,,,,,,,,,,
,CASKIN2,,DGKK,POLE4,,,,,,,,,,,,,,,,,,,
,TRIM67,,RPL13AP17,DOP1A,,,,,,,,,,,,,,,,,,,
,CREB3L4,,SFTPA1,ACOT7,,,,,,,,,,,,,,,,,,,
,NDUFB10,,UBE2E2-DT,FOXO3,,,,,,,,,,,,,,,,,,,
,NEIL2,,LINC02533,LOC100288637,,,,,,,,,,,,,,,,,,,
,SLC52A3,,MLNR,BRICD5,,,,,,,,,,,,,,,,,,,
,PTPRN2,,TFAP2D,UGGT1,,,,,,,,,,,,,,,,,,,
,CLPP,,PRM3,UBN1,,,,,,,,,,,,,,,,,,,
,DCTN4,,LINC02179,SPECC1L,,,,,,,,,,,,,,,,,,,
,PLEKHH2,,OR1J4,FGFR1OP2,,,,,,,,,,,,,,,,,,,
,ADAM32,,GOSR2-DT,CTHRC1,,,,,,,,,,,,,,,,,,,
,SOCS3,,LINC01694,EXOG,,,,,,,,,,,,,,,,,,,
,SAMD10,,OR4A1P,CHST6,,,,,,,,,,,,,,,,,,,
,BCL7A,,LINC00269,PAK2,,,,,,,,,,,,,,,,,,,
,BTG2,,LINC00564,VRK2,,,,,,,,,,,,,,,,,,,
,LSG1,,MDN1-AS1,UBA3,,,,,,,,,,,,,,,,,,,
,ATP5PD,,PTPRK-AS1,RAB31,,,,,,,,,,,,,,,,,,,
,FAM86C2P,,LPA,S100PBP,,,,,,,,,,,,,,,,,,,
,NXF3,,DNAH17-AS1,ARL13B,,,,,,,,,,,,,,,,,,,
,TMEM219,,BARHL1,SLC16A14,,,,,,,,,,,,,,,,,,,
,GART,,KIF1C-AS1,MRPS25,,,,,,,,,,,,,,,,,,,
,OR1C1,,ARGLU1-DT,SLC26A6,,,,,,,,,,,,,,,,,,,
,L1TD1,,PRM2,MFHAS1,,,,,,,,,,,,,,,,,,,
,REEP2,,AKR1C6P,CNOT2,,,,,,,,,,,,,,,,,,,
,UBQLN4,,RND1,CCL19,,,,,,,,,,,,,,,,,,,
,VEZF1,,OR2J1,SOX18,,,,,,,,,,,,,,,,,,,
,ZNF213,,GSN-AS1,OR52N4,,,,,,,,,,,,,,,,,,,
,DUSP28,,CRB2,MIR3682,,,,,,,,,,,,,,,,,,,
,C5orf15,,CDH9,PRC1,,,,,,,,,,,,,,,,,,,
,KARS1,,OPTC,TSPAN5,,,,,,,,,,,,,,,,,,,
,CIZ1,,NPFFR1,DIP2A,,,,,,,,,,,,,,,,,,,
,TMEM145,,LINC00879,MPDZ,,,,,,,,,,,,,,,,,,,
,P4HTM,,ZPLD2P,RILPL1,,,,,,,,,,,,,,,,,,,
,ARSG,,CAPSL,ACTG2,,,,,,,,,,,,,,,,,,,
,TMEM14EP,,TECTB,ZFX,,,,,,,,,,,,,,,,,,,
,MON1B,,LINC00641,UBQLN2,,,,,,,,,,,,,,,,,,,
,PIGQ,,BMP15,ING5,,,,,,,,,,,,,,,,,,,
,ATOX1,,ARHGAP39,STAT4,,,,,,,,,,,,,,,,,,,
,ERICH5,,USH2A,FAM110D,,,,,,,,,,,,,,,,,,,
,RNASEH1,,GAST,MYL4,,,,,,,,,,,,,,,,,,,
,TRAPPC1,,BHLHE23,LINC00920,,,,,,,,,,,,,,,,,,,
,JADE2,,MIR3663HG,SRSF4,,,,,,,,,,,,,,,,,,,
,CALN1,,DEFB126,CPA4,,,,,,,,,,,,,,,,,,,
,GATAD2A,,FXYD4,FN1,,,,,,,,,,,,,,,,,,,
,KCNQ2,,MUC6,MIR4306,,,,,,,,,,,,,,,,,,,
,AXIN1,,MIR449A,ANXA2R-AS1,,,,,,,,,,,,,,,,,,,
,IRX1,,CSF3,SEMA3D,,,,,,,,,,,,,,,,,,,
,GGT7,,CCDC13-AS2,PDLIM3,,,,,,,,,,,,,,,,,,,
,EIF3B,,CRADD-AS1,WHAMMP2,,,,,,,,,,,,,,,,,,,
,KRTCAP2,,OR3A2,ZNF366,,,,,,,,,,,,,,,,,,,
,SSNA1,,LINC02140,TCHP,,,,,,,,,,,,,,,,,,,
,SOCS1,,BEST4,FLT4,,,,,,,,,,,,,,,,,,,
,PPP1R10,,HHIPL1,ANAPC1P2,,,,,,,,,,,,,,,,,,,
,DCX,,SPMIP9,MIR631,,,,,,,,,,,,,,,,,,,
,C11orf96,,OR4N4C,ICMT,,,,,,,,,,,,,,,,,,,
,GAA,,LINC02667,KCND1,,,,,,,,,,,,,,,,,,,
,EIF1,,POU3F4,SLC35E4,,,,,,,,,,,,,,,,,,,
,FKBP8,,LINC02011,ASAP2,,,,,,,,,,,,,,,,,,,
,RPUSD2,,KIAA2012-AS1,XYLB,,,,,,,,,,,,,,,,,,,
,ARMC10,,OR7E24,FBXO9,,,,,,,,,,,,,,,,,,,
,H3C8,,SPMIP11,CAPN7,,,,,,,,,,,,,,,,,,,
,MVB12B,,KCNC2,ZNF514,,,,,,,,,,,,,,,,,,,
,SAT2,,LINC01056,TBX18,,,,,,,,,,,,,,,,,,,
,ABCA2,,LINC02703,PMEPA1,,,,,,,,,,,,,,,,,,,
,TMEM205,,MYSM1,ZDHHC4,,,,,,,,,,,,,,,,,,,
,CHMP4B,,CA5AP1,ACOT9,,,,,,,,,,,,,,,,,,,
,ERMARD,,LINC00845,ACTN1,,,,,,,,,,,,,,,,,,,
,ELP3,,RETNLB,MAP3K13,,,,,,,,,,,,,,,,,,,
,FURIN,,P3H3,PTGDR,,,,,,,,,,,,,,,,,,,
,SELENOI,,LYZL1,HOMER3,,,,,,,,,,,,,,,,,,,
,PCTP,,ANKRD60,VPS54,,,,,,,,,,,,,,,,,,,
,HUS1,,TAS2R13,TRIP10,,,,,,,,,,,,,,,,,,,
,MRPL53,,GCSIR,CHAC2,,,,,,,,,,,,,,,,,,,
,RPS27,,CATSPERD,ASB1,,,,,,,,,,,,,,,,,,,
,PFKL,,S100G,ABCD1,,,,,,,,,,,,,,,,,,,
,SNHG11,,LINC01104,TDRD3,,,,,,,,,,,,,,,,,,,
,DCTN2,,ZSCAN10,LINC00640,,,,,,,,,,,,,,,,,,,
,NT5C3B,,HOXC-AS3,ITGB2-AS1,,,,,,,,,,,,,,,,,,,
,PRMT1,,SFTA2,RAPGEF3,,,,,,,,,,,,,,,,,,,
,RPS21,,TAS2R7,NDP,,,,,,,,,,,,,,,,,,,
,USP5,,ZDHHC15,PTGES3,,,,,,,,,,,,,,,,,,,
,GAS8-AS1,,PGR,CKAP2L,,,,,,,,,,,,,,,,,,,
,PEX5,,LINC00242,IL7,,,,,,,,,,,,,,,,,,,
,CLEC1A,,TRIM42,LRP8,,,,,,,,,,,,,,,,,,,
,PPOX,,CFAP95-DT,ATXN2,,,,,,,,,,,,,,,,,,,
,GPS2,,LINC01141,PARP15,,,,,,,,,,,,,,,,,,,
,ZNF358,,SMIM6,CKAP2,,,,,,,,,,,,,,,,,,,
,RHBDF1,,CABS1,POLE,,,,,,,,,,,,,,,,,,,
,LZTS2,,NALF1-IT1,EFR3B,,,,,,,,,,,,,,,,,,,
,TSHZ1,,DSCAM,PFKFB4,,,,,,,,,,,,,,,,,,,
,GCN1,,BSG,TEP1,,,,,,,,,,,,,,,,,,,
,GRK6,,RPLP0P1,CD47,,,,,,,,,,,,,,,,,,,
,NELFA,,TTBK1,SHROOM2,,,,,,,,,,,,,,,,,,,
,GARIN5A,,UBE2U,NEDD4,,,,,,,,,,,,,,,,,,,
,NSUN6,,LIM2,PARD3B,,,,,,,,,,,,,,,,,,,
,RNASET2,,LINC01545,CCR4,,,,,,,,,,,,,,,,,,,
,PNPO,,TRBV21-1,FNDC3B,,,,,,,,,,,,,,,,,,,
,PIH1D1,,DAOA-AS1,PIK3CD,,,,,,,,,,,,,,,,,,,
,GPSM1,,KIAA1191P2,IPCEF1,,,,,,,,,,,,,,,,,,,
,MAP2K7,,BANF2,LOC100128993,,,,,,,,,,,,,,,,,,,
,NAA20,,PSG2,LAMP2,,,,,,,,,,,,,,,,,,,
,YBX2,,UMODL1,NEMP1,,,,,,,,,,,,,,,,,,,
,CIMAP3,,MTCO2P34,EEA1,,,,,,,,,,,,,,,,,,,
,FAM185A,,DMRTB1,PIN4,,,,,,,,,,,,,,,,,,,
,BATF,,LINC02116,SASH1,,,,,,,,,,,,,,,,,,,
,RIPPLY3,,SEL1L2,TCL1A,,,,,,,,,,,,,,,,,,,
,WDR83OS,,SCP2D1-AS1,PI4K2B,,,,,,,,,,,,,,,,,,,
,CISH,,IL12B,CAPS,,,,,,,,,,,,,,,,,,,
,TTI1,,MAP3K19,RBM17,,,,,,,,,,,,,,,,,,,
,CRISPLD1,,LHFPL5,DYNC1I2,,,,,,,,,,,,,,,,,,,
,HERC2,,STMP1,JOSD1,,,,,,,,,,,,,,,,,,,
,ZNF365,,WDR88,SPNS2,,,,,,,,,,,,,,,,,,,
,WFS1,,GRK7,TCF7,,,,,,,,,,,,,,,,,,,
,NME1,,LINC00210,LINC01128,,,,,,,,,,,,,,,,,,,
,LMBR1,,AMELY,MDM1,,,,,,,,,,,,,,,,,,,
,COPG1,,ARHGAP45,CEBPE,,,,,,,,,,,,,,,,,,,
,MZT2A,,TDRG1,GATA2,,,,,,,,,,,,,,,,,,,
,ABCF2,,MIR34B,IFNAR2,,,,,,,,,,,,,,,,,,,
,SEC24C,,MIR34BHG,GFOD1,,,,,,,,,,,,,,,,,,,
,KCNAB3,,MIR34C,PAQR3,,,,,,,,,,,,,,,,,,,
,SPCS1,,GBX2,TMX3,,,,,,,,,,,,,,,,,,,
,KICS2,,TSHB,MTRFR,,,,,,,,,,,,,,,,,,,
,STK33,,C19orf84,BTN3A2,,,,,,,,,,,,,,,,,,,
,RUVBL1,,MYF6,CCDC149,,,,,,,,,,,,,,,,,,,
,CFAP126,,AANAT,ITIH6,,,,,,,,,,,,,,,,,,,
,AMIGO1,,PCARE,VCL,,,,,,,,,,,,,,,,,,,
,HOXB2,,LINC00612,NAV3,,,,,,,,,,,,,,,,,,,
,SMAD3,,CMTM2,CEP63,,,,,,,,,,,,,,,,,,,
,RPS4X,,CIRBP-AS1,KRCC1,,,,,,,,,,,,,,,,,,,
,RPL23AP32,,LINC01115,ITPR3,,,,,,,,,,,,,,,,,,,
,B9D1,,LINC02150,SLC17A5,,,,,,,,,,,,,,,,,,,
,SLC35C2,,PACRG-AS2,NUP107,,,,,,,,,,,,,,,,,,,
,FAM193A,,LINC02632,RRAGC,,,,,,,,,,,,,,,,,,,
,CST3,,ADCY8,PTK7,,,,,,,,,,,,,,,,,,,
,TBRG4,,POU4F3,ZXDC,,,,,,,,,,,,,,,,,,,
,SENP2,,KLF14,PARD6G,,,,,,,,,,,,,,,,,,,
,DAZAP1,,SLC13A1,ZNF512,,,,,,,,,,,,,,,,,,,
,RBFA,,SPINT3,CCNT2,,,,,,,,,,,,,,,,,,,
,LSM4,,CPA6,RAB11FIP3,,,,,,,,,,,,,,,,,,,
,MORF4L1,,SPATA31D1,CXorf38,,,,,,,,,,,,,,,,,,,
,PTPA,,LRRC73,GABRE,,,,,,,,,,,,,,,,,,,
,HSPA9,,LINC02546,SSPN,,,,,,,,,,,,,,,,,,,
,CLDN14,,MTMR8,NFE2,,,,,,,,,,,,,,,,,,,
,AGK,,CYP51A1-AS1,MFN1,,,,,,,,,,,,,,,,,,,
,CIAPIN1,,GRIK4,PER3,,,,,,,,,,,,,,,,,,,
,SFSWAP,,IFT80,DCLRE1B,,,,,,,,,,,,,,,,,,,
,UQCC4,,ASB11,DDX17,,,,,,,,,,,,,,,,,,,
,SLC35B1,,LINC02566,PNCK,,,,,,,,,,,,,,,,,,,
,AVEN,,OR8B2,CDR2,,,,,,,,,,,,,,,,,,,
,UQCRC1,,SPAG11A,PTGDS,,,,,,,,,,,,,,,,,,,
,VMA21,,SPAG11B,SLC38A8,,,,,,,,,,,,,,,,,,,
,PDCD2,,CFAP90,RBMS2,,,,,,,,,,,,,,,,,,,
,PDCL3P4,,HTR5A,PIM1,,,,,,,,,,,,,,,,,,,
,AIMP2,,HBBP1,IFNLR1,,,,,,,,,,,,,,,,,,,
,GEMIN4,,IFNA2,NEURL1B,,,,,,,,,,,,,,,,,,,
,MPV17,,HBZ,ZFC3H1,,,,,,,,,,,,,,,,,,,
,ETFA,,HBZP1,NUSAP1,,,,,,,,,,,,,,,,,,,
,GFM1,,LINC02016,PLCG2,,,,,,,,,,,,,,,,,,,
,GATD3,,PPP3R2,KLRC2,,,,,,,,,,,,,,,,,,,
,SUPT5H,,CST9,SLC66A3,,,,,,,,,,,,,,,,,,,
,SERPINF2,,LINC02670,SCARB2,,,,,,,,,,,,,,,,,,,
,RFWD3,,FOXE3,RHOQ,,,,,,,,,,,,,,,,,,,
,ANKRD13B,,NKX2-1-AS1,ANXA2R-OT1,,,,,,,,,,,,,,,,,,,
,MIDN,,LINC02023,PKD1L2,,,,,,,,,,,,,,,,,,,
,DVL2,,FSCN2,FAM30A,,,,,,,,,,,,,,,,,,,
,GPX4,,ANP32D,LINC00926,,,,,,,,,,,,,,,,,,,
,CC2D2B,,LINC02123,SLCO4A1-AS1,,,,,,,,,,,,,,,,,,,
,MRPL41,,IFNA21,CEP128,,,,,,,,,,,,,,,,,,,
,RPN1,,HIVEP1,UTRN,,,,,,,,,,,,,,,,,,,
,TIMP1,,NUP133-DT,RRN3P3,,,,,,,,,,,,,,,,,,,
,OPA1,,GUCY2F,SECISBP2L,,,,,,,,,,,,,,,,,,,
,TRAPPC4,,HPD,PARVA,,,,,,,,,,,,,,,,,,,
,CALM1,,LINC01913,ATF1,,,,,,,,,,,,,,,,,,,
,FCGR2A,,PCDHB18P,STRN3,,,,,,,,,,,,,,,,,,,
,FAM193B,,LINC02071,XCR1,,,,,,,,,,,,,,,,,,,
,TSGA13,,ERVH48-1,ZNF132,,,,,,,,,,,,,,,,,,,
,STRN4,,LINC01988,SVIL,,,,,,,,,,,,,,,,,,,
,ZNF576,,SLC10A1,TM2D3,,,,,,,,,,,,,,,,,,,
,BAP1,,LINC02825,EN1,,,,,,,,,,,,,,,,,,,
,EARS2,,CIMAP2,WDR37,,,,,,,,,,,,,,,,,,,
,POLR3D,,SPATA42,ANO10,,,,,,,,,,,,,,,,,,,
,KTI12,,SSTR1,SEPTIN10,,,,,,,,,,,,,,,,,,,
,KRTAP6-2,,IL9,RASL11A,,,,,,,,,,,,,,,,,,,
,RPL19,,RAD21-AS1,MT1A,,,,,,,,,,,,,,,,,,,
,MICOS13,,FGF8,FAH,,,,,,,,,,,,,,,,,,,
,IFT70A,,LINC00671,TBX5-AS1,,,,,,,,,,,,,,,,,,,
,SMG7,,LINC02186,ZBTB38,,,,,,,,,,,,,,,,,,,
,FAM3A,,INMT-MINDY4,ZMYND10,,,,,,,,,,,,,,,,,,,
,C11orf24,,MINDY4,ARL11,,,,,,,,,,,,,,,,,,,
,PLPBP,,LINC02426,RNF185,,,,,,,,,,,,,,,,,,,
,NOL12,,INGX,ISL2,,,,,,,,,,,,,,,,,,,
,TSPAN31,,AGXT,CNBP,,,,,,,,,,,,,,,,,,,
,LRRN2,,TMEM74B,NPY1R,,,,,,,,,,,,,,,,,,,
,VPS16,,ZSWIM2,CRMA,,,,,,,,,,,,,,,,,,,
,TNKS2,,PRSS58,NAV1,,,,,,,,,,,,,,,,,,,
,SNU13,,IQCF5-AS1,COQ3,,,,,,,,,,,,,,,,,,,
,DCAKD,,PRAP1,SLC1A4,,,,,,,,,,,,,,,,,,,
,EDF1,,ZNF511-PRAP1,FKBP11,,,,,,,,,,,,,,,,,,,
,APEH,,H3C12,RAD18,,,,,,,,,,,,,,,,,,,
,SMARCA4,,WNT9A,PIK3C2B,,,,,,,,,,,,,,,,,,,
,NAPA,,FABP1,TECR,,,,,,,,,,,,,,,,,,,
,YJEFN3,,LINC02593,ACOT4,,,,,,,,,,,,,,,,,,,
,LAMTOR4,,DCST1-AS1,MBD2,,,,,,,,,,,,,,,,,,,
,FBXL6,,GPM6A-DT,WDTC1,,,,,,,,,,,,,,,,,,,
,RPA3,,GRM8-AS1,EIF2AK4,,,,,,,,,,,,,,,,,,,
,ZNFX1,,LINC01990,RACGAP1,,,,,,,,,,,,,,,,,,,
,CNOT11,,LINC00968,FMR1,,,,,,,,,,,,,,,,,,,
,EFTUD2,,LINC02382,SUN2,,,,,,,,,,,,,,,,,,,
,TRIOBP,,FGF3,MNX1-AS1,,,,,,,,,,,,,,,,,,,
,PBXIP1,,DKKL1P1,SLC12A6,,,,,,,,,,,,,,,,,,,
,MS4A1,,PLPPR5-AS1,MBD4,,,,,,,,,,,,,,,,,,,
,ZMYM3,,GOLGA8IP,LLPH,,,,,,,,,,,,,,,,,,,
,ARIH2,,POLG-DT,ARL3,,,,,,,,,,,,,,,,,,,
,C19orf44,,PLA2G2F,XRN1,,,,,,,,,,,,,,,,,,,
,GPR137,,TEX35,MIR568,,,,,,,,,,,,,,,,,,,
,ZBTB39,,WNT8A,NR2F1-AS1,,,,,,,,,,,,,,,,,,,
,UNC45A,,GUCY1A2,LINC01619,,,,,,,,,,,,,,,,,,,
,TIMM10,,HAPLN2,CDCA3,,,,,,,,,,,,,,,,,,,
,MBLAC1,,MASP2,OTX1,,,,,,,,,,,,,,,,,,,
,CLRN1,,GSG1,ACAD9,,,,,,,,,,,,,,,,,,,
,RBX1,,SPANXA2-OT1,LOC100288069,,,,,,,,,,,,,,,,,,,
,MAF1,,ZNF451-AS1,FMO2,,,,,,,,,,,,,,,,,,,
,LONP1,,ARNILA,FNBP4,,,,,,,,,,,,,,,,,,,
,ZNF775,,DNAAF6,BTBD10,,,,,,,,,,,,,,,,,,,
,ATP5MC2,,TREH,CDKN2B,,,,,,,,,,,,,,,,,,,
,EP400,,ANKRD30A,MIR1-1HG,,,,,,,,,,,,,,,,,,,
,FAM120B,,IL2,UBE2E2,,,,,,,,,,,,,,,,,,,
,NUTM2G,,BMAL2,AP4E1,,,,,,,,,,,,,,,,,,,
,KRT36,,HRH4,INE1,,,,,,,,,,,,,,,,,,,
,SLC25A10,,CNN2P10,LOC389834,,,,,,,,,,,,,,,,,,,
,MCPH1,,ACOT12,ELOA-AS1,,,,,,,,,,,,,,,,,,,
,COA5,,SRGAP3-AS2,MIR30C2,,,,,,,,,,,,,,,,,,,
,RBM22,,GCDH,SPN,,,,,,,,,,,,,,,,,,,
,WDR74,,LINC02223,JAM2,,,,,,,,,,,,,,,,,,,
,STRAP,,LINC02842,ARIH1,,,,,,,,,,,,,,,,,,,
,TMSB4X,,SPINK4,SRGAP2D,,,,,,,,,,,,,,,,,,,
,UTP4,,MIR124-2HG,DYNLT2B,,,,,,,,,,,,,,,,,,,
,SNORD4A,,FAM167A-AS1,DMRTA1,,,,,,,,,,,,,,,,,,,
,RNMT,,CASC11,LRRC34,,,,,,,,,,,,,,,,,,,
,TSPYL6,,NEGR1-IT1,SLFN5,,,,,,,,,,,,,,,,,,,
,FBXW9,,SLC9A3R1-AS1,OR7C1,,,,,,,,,,,,,,,,,,,
,PSMC5,,SCNN1G,TIMMDC1,,,,,,,,,,,,,,,,,,,
,COX14,,LINC01210,RAD9B,,,,,,,,,,,,,,,,,,,
,ZDBF2,,CIMIP2B,FAM222A,,,,,,,,,,,,,,,,,,,
,TRMT112,,BSND,CELSR1,,,,,,,,,,,,,,,,,,,
,FAM89A,,DRAIC,PLEKHA1,,,,,,,,,,,,,,,,,,,
,NXT1,,RHO,ZNF354A,,,,,,,,,,,,,,,,,,,
,PYCR1,,KRT8P17,SIAH2,,,,,,,,,,,,,,,,,,,
,CDH18,,ANKRD20A17P,NBAS,,,,,,,,,,,,,,,,,,,
,MTMR4,,SLC17A2,ACAP2,,,,,,,,,,,,,,,,,,,
,NIPAL3,,MTNR1B,F2RL1,,,,,,,,,,,,,,,,,,,
,F5,,SLC14A2,IWS1,,,,,,,,,,,,,,,,,,,
,QTRT1,,TCEAL9,PDLIM2,,,,,,,,,,,,,,,,,,,
,FBXL16,,NTSR2,HOXA10,,,,,,,,,,,,,,,,,,,
,CHTF18,,LINC02387,RORA,,,,,,,,,,,,,,,,,,,
,CLU,,LINC02372,RAB41,,,,,,,,,,,,,,,,,,,
,SUGP2,,LINC00301,DMPK,,,,,,,,,,,,,,,,,,,
,DDA1,,SLC6A9,RBM45,,,,,,,,,,,,,,,,,,,
,ZFP36,,LINC03074,TMEM8B,,,,,,,,,,,,,,,,,,,
,ATP5PF,,LINC00941,PPP1R3D,,,,,,,,,,,,,,,,,,,
,HAX1,,OOSP2,WNT5B,,,,,,,,,,,,,,,,,,,
,IDH3B,,SFTA3,WRNIP1,,,,,,,,,,,,,,,,,,,
,TLR10,,C2orf76,FBXO17,,,,,,,,,,,,,,,,,,,
,DHX8,,KRT37,LAX1,,,,,,,,,,,,,,,,,,,
,RCN2,,LINC00668,SLCO4A1,,,,,,,,,,,,,,,,,,,
,ARFIP2,,DPYD,HTR1F,,,,,,,,,,,,,,,,,,,
,PLA2G10,,LIPF,SF3A1,,,,,,,,,,,,,,,,,,,
,AFAP1L2,,HS3ST4,NR2C2,,,,,,,,,,,,,,,,,,,
,TTF1,,PDX1,ATF2,,,,,,,,,,,,,,,,,,,
,THBS4,,OSTCP1,FANCD2,,,,,,,,,,,,,,,,,,,
,RBBP6,,LINC01926,ZNF451,,,,,,,,,,,,,,,,,,,
,RPS20,,LINC02042,ELOVL5,,,,,,,,,,,,,,,,,,,
,CEP131,,AMBN,LINC00339,,,,,,,,,,,,,,,,,,,
,TFG,,IAPP,MLH1,,,,,,,,,,,,,,,,,,,
,RDM1,,SGO1-AS1,USP47,,,,,,,,,,,,,,,,,,,
,TSSC4,,H3C7,MYL12A,,,,,,,,,,,,,,,,,,,
,DUS2,,VPREB1,RAB7A,,,,,,,,,,,,,,,,,,,
,NKAPD1,,LRFN5,SPTA1,,,,,,,,,,,,,,,,,,,
,ERI3,,PRDM9,FKBP1B,,,,,,,,,,,,,,,,,,,
,GSK3A,,LINC02366,RPL13P5,,,,,,,,,,,,,,,,,,,
,NOSIP,,NHERF4,CD276,,,,,,,,,,,,,,,,,,,
,FAM131A,,DUSP19,SUSD2,,,,,,,,,,,,,,,,,,,
,KRTAP19-4,,ADAM7,CNOT9,,,,,,,,,,,,,,,,,,,
,INTS2,,SRRM5,ANKRD18B,,,,,,,,,,,,,,,,,,,
,RUSC2,,FAM83C-AS1,RUBCNL,,,,,,,,,,,,,,,,,,,
,ZNF768,,IGKV1-13,LAMP1,,,,,,,,,,,,,,,,,,,
,PTGES2-AS1,,IGKV1D-13,UBE2L3,,,,,,,,,,,,,,,,,,,
,IFT43,,SYCP1,XPO1,,,,,,,,,,,,,,,,,,,
,BCOR,,MMP23A,WAC-AS1,,,,,,,,,,,,,,,,,,,
,POFUT2,,CHRM4,SMC4,,,,,,,,,,,,,,,,,,,
,TUBGCP5,,H2BC1,TRNAU1AP,,,,,,,,,,,,,,,,,,,
,CFAP70,,USP26,ANXA11,,,,,,,,,,,,,,,,,,,
,SH3TC1,,SPATA16,ASB3,,,,,,,,,,,,,,,,,,,
,SDSL,,PREX2,PIK3CA,,,,,,,,,,,,,,,,,,,
,ESR2,,CARTPT,TXLNGY,,,,,,,,,,,,,,,,,,,
,PRKAR1A,,GABRB2,RSRC2,,,,,,,,,,,,,,,,,,,
,ZKSCAN2,,LDHAL6B,MCUR1,,,,,,,,,,,,,,,,,,,
,OR4L1,,TTLL1-AS1,GMEB1,,,,,,,,,,,,,,,,,,,
,TMEM209,,TMEM252-DT,USP32P2,,,,,,,,,,,,,,,,,,,
,LMTK2,,SLIT1-AS1,NCKAP1,,,,,,,,,,,,,,,,,,,
,TSC2,,LINC00615,EEF1AKMT3,,,,,,,,,,,,,,,,,,,
,EIF4G1,,SPATA31F3,ARAP2,,,,,,,,,,,,,,,,,,,
,PJA1,,MIR3152,USP45,,,,,,,,,,,,,,,,,,,
,NUBP2,,LY6S-AS1,HSPE1,,,,,,,,,,,,,,,,,,,
,NDUFAF5,,AFM,FGF7,,,,,,,,,,,,,,,,,,,
,ARL5C,,IL13,DTX4,,,,,,,,,,,,,,,,,,,
,SRPRA,,PROX2,PTPN18,,,,,,,,,,,,,,,,,,,
,TCF7L1,,OR7E2P,PTPRG,,,,,,,,,,,,,,,,,,,
,CFAP298,,ZSCAN4,CHI3L2,,,,,,,,,,,,,,,,,,,
,HABP4,,LINC00867,ZAP70,,,,,,,,,,,,,,,,,,,
,DBF4B,,LINC00382,ITK,,,,,,,,,,,,,,,,,,,
,BLK,,COX10-DT,OSR2,,,,,,,,,,,,,,,,,,,
,CARS2,,IFNA8,KDM2B,,,,,,,,,,,,,,,,,,,
,COX4I1,,CCDC70,PHEX,,,,,,,,,,,,,,,,,,,
,LIN37,,F13B,HTATSF1,,,,,,,,,,,,,,,,,,,
,APOBEC3A,,BAIAP3,GRASLND,,,,,,,,,,,,,,,,,,,
,KCNA6,,IL6-AS1,MCM3,,,,,,,,,,,,,,,,,,,
,RBM33,,LINC02287,ZWILCH,,,,,,,,,,,,,,,,,,,
,BET1,,DNAJC9,MIR570,,,,,,,,,,,,,,,,,,,
,GSS,,SMIM30,PRDM13,,,,,,,,,,,,,,,,,,,
,PAX6-AS1,,ZNF646,AP4B1-AS1,,,,,,,,,,,,,,,,,,,
,CAPN5,,LINC01187,FCRL5,,,,,,,,,,,,,,,,,,,
,C14orf93,,ZNF236,FECH,,,,,,,,,,,,,,,,,,,
,TTC38,,DNAJA1P4,KCNJ14,,,,,,,,,,,,,,,,,,,
,TIMM44,,SCARA3,ZCCHC17,,,,,,,,,,,,,,,,,,,
,TSEN34,,CBLIF,CXCL12,,,,,,,,,,,,,,,,,,,
,ZNF609,,LINC01432,SNORD51,,,,,,,,,,,,,,,,,,,
,CD200,,MID1IP1,CAB39,,,,,,,,,,,,,,,,,,,
,PAXX,,CFAP97D1,TTC12,,,,,,,,,,,,,,,,,,,
,ACSS2,,RARA-AS1,PCGF6,,,,,,,,,,,,,,,,,,,
,PHB1,,STPG1,LINC00582,,,,,,,,,,,,,,,,,,,
,HPR,,IKBKB-DT,SNORA81,,,,,,,,,,,,,,,,,,,
,TMEM181,,SEZ6,SUMF1,,,,,,,,,,,,,,,,,,,
,ACIN1,,C20orf173,RAB22A,,,,,,,,,,,,,,,,,,,
,MBOAT1,,PRSS59P,CROCC,,,,,,,,,,,,,,,,,,,
,CCNQ,,EMICERI,GDPD3,,,,,,,,,,,,,,,,,,,
,ATP9B,,PRAME,GLA,,,,,,,,,,,,,,,,,,,
,NPLOC4,,LINC00550,SLC22A3,,,,,,,,,,,,,,,,,,,
,TYRO3,,PLEKHG7,RTKN2,,,,,,,,,,,,,,,,,,,
,PHF12,,RIPPLY1,DAPK2,,,,,,,,,,,,,,,,,,,
,SLC25A15,,SCGB3A2,STRIT1,,,,,,,,,,,,,,,,,,,
,PRAF2,,HROB,KRTAP19-5,,,,,,,,,,,,,,,,,,,
,MSH6,,ZNF542P,NAA50,,,,,,,,,,,,,,,,,,,
,MTX3,,FGF20,ZNF767P,,,,,,,,,,,,,,,,,,,
,TM9SF4,,FGF19,MIR3911,,,,,,,,,,,,,,,,,,,
,ZNF598,,C15orf32,TMEM240,,,,,,,,,,,,,,,,,,,
,POLDIP3,,LINC01581,CASZ1,,,,,,,,,,,,,,,,,,,
,DPH7,,SFR1,CLK1,,,,,,,,,,,,,,,,,,,
,MEOX2,,TERLR1,CDKN1C,,,,,,,,,,,,,,,,,,,
,PARP16,,IL25,CD63,,,,,,,,,,,,,,,,,,,
,PCOLCE,,TACR3,SLC33A1,,,,,,,,,,,,,,,,,,,
,RPL9,,LINC02245,ZNG1F,,,,,,,,,,,,,,,,,,,
,RPL18,,LINC01579,GARRE1,,,,,,,,,,,,,,,,,,,
,RP9,,TRAV12-2,CHST1,,,,,,,,,,,,,,,,,,,
,CTDP1,,COPB1,ZFP36L1,,,,,,,,,,,,,,,,,,,
,SLC12A2-DT,,RNF11P2,OR7A5,,,,,,,,,,,,,,,,,,,
,TMED2,,OR1A1,FAM219A,,,,,,,,,,,,,,,,,,,
,TMEM115,,FITM2,PNISR,,,,,,,,,,,,,,,,,,,
,RHBDD2,,MAP3K2,GPSM2,,,,,,,,,,,,,,,,,,,
,TOMM7,,HULC,MTMR7,,,,,,,,,,,,,,,,,,,
,ALKBH6,,OR5H1,ARHGAP1,,,,,,,,,,,,,,,,,,,
,USF2,,OR5H15,NFE2L3,,,,,,,,,,,,,,,,,,,
,PSMB1,,DNAJC9P1,RASSF8,,,,,,,,,,,,,,,,,,,
,CTRL,,LINC01527,BCL11B,,,,,,,,,,,,,,,,,,,
,SARDH,,MFF-DT,LINC00881,,,,,,,,,,,,,,,,,,,
,CMTM7,,MRGPRF-AS1,CCNB2,,,,,,,,,,,,,,,,,,,
,CD74,,SP3P,GINM1,,,,,,,,,,,,,,,,,,,
,JAKMIP3,,CDKN2A-AS1,VIM,,,,,,,,,,,,,,,,,,,
,NSMCE1,,HTR1D,CASP4LP,,,,,,,,,,,,,,,,,,,
,RFX1,,BUB3,NR1D2,,,,,,,,,,,,,,,,,,,
,COG7,,GPR52,PHACTR2,,,,,,,,,,,,,,,,,,,
,MRRF,,SEMA5B,STIM1,,,,,,,,,,,,,,,,,,,
,ANGEL1,,CYP3A43,KNSTRN,,,,,,,,,,,,,,,,,,,
,LRRC36,,IQUB,FAM81A,,,,,,,,,,,,,,,,,,,
,PXN,,GAB4,CR1L,,,,,,,,,,,,,,,,,,,
,ADCY3,,MIR103A2,EMB,,,,,,,,,,,,,,,,,,,
,ZDHHC22,,HECW2,TTC24,,,,,,,,,,,,,,,,,,,
,NDUFA4,,TRPC5OS,DOCK10,,,,,,,,,,,,,,,,,,,
,MAPKAPK5-AS1,,DNAJC22,FAM13A-AS1,,,,,,,,,,,,,,,,,,,
,PHB2,,NAALADL2-AS3,MYL3,,,,,,,,,,,,,,,,,,,
,PRR14,,CACNG3,FOXC1,,,,,,,,,,,,,,,,,,,
,LRRC3B,,GABRA6,ANKRD13C-DT,,,,,,,,,,,,,,,,,,,
,MKLN1,,LINC02466,FLT3,,,,,,,,,,,,,,,,,,,
,RIC8B,,RECK,USP9X,,,,,,,,,,,,,,,,,,,
,SUPT4H1,,LINC00415,CEP68,,,,,,,,,,,,,,,,,,,
,APOD,,KCNH6,NDUFB3,,,,,,,,,,,,,,,,,,,
,MOSPD3,,RIPPLY2,ELMOD3,,,,,,,,,,,,,,,,,,,
,MAN2B1,,MASP1,USP33,,,,,,,,,,,,,,,,,,,
,VAMP5,,TRABD2B,LRCH3,,,,,,,,,,,,,,,,,,,
,IFT172,,NDUFC2,PIAS3,,,,,,,,,,,,,,,,,,,
,DTNB,,DEFB119,ZNF679,,,,,,,,,,,,,,,,,,,
,LCMT2,,CYP11B1,C2orf68,,,,,,,,,,,,,,,,,,,
,SRM,,SPATA31F1,ZEB2-AS1,,,,,,,,,,,,,,,,,,,
,POFUT1,,DPPA3,ARFGAP3,,,,,,,,,,,,,,,,,,,
,PPP6R1,,DPPA3P1,ARL8B,,,,,,,,,,,,,,,,,,,
,SAXO5,,DPPA3P2,PKM,,,,,,,,,,,,,,,,,,,
,LPCAT4,,AP5B1,DDX1,,,,,,,,,,,,,,,,,,,
,NDUFB8,,ZNF546,IQGAP1,,,,,,,,,,,,,,,,,,,
,LITAF,,WIZ,PHACTR4,,,,,,,,,,,,,,,,,,,
,OGFR,,LYZL2,PAX5,,,,,,,,,,,,,,,,,,,
,LUC7L,,KERA,ABHD6,,,,,,,,,,,,,,,,,,,
,SNRNP25,,LINC03066,ANAPC4,,,,,,,,,,,,,,,,,,,
,NMNAT2,,OTUD7B,ZNF674,,,,,,,,,,,,,,,,,,,
,RPL23,,ADAM18,CYB5R3,,,,,,,,,,,,,,,,,,,
,SELENOV,,COG8,RAB5A,,,,,,,,,,,,,,,,,,,
,SYT3,,GYG2,SNORA54,,,,,,,,,,,,,,,,,,,
,TAFAZZIN,,PYY,ZMAT1,,,,,,,,,,,,,,,,,,,
,ELMO1,,HAPSTR2,LAPTM5,,,,,,,,,,,,,,,,,,,
,RASA1,,SMLR1,GPR199P,,,,,,,,,,,,,,,,,,,
,B3GNT9,,PTPRT-AS1,NOL9,,,,,,,,,,,,,,,,,,,
,TOR1A,,OPN1SW,DIPK2B,,,,,,,,,,,,,,,,,,,
,MMP24,,LINC01127,SCARNA9,,,,,,,,,,,,,,,,,,,
,MFAP1,,TTTY7,POLG,,,,,,,,,,,,,,,,,,,
,MAP3K7CL,,TTTY7B,ATP2B1,,,,,,,,,,,,,,,,,,,
,CYBC1,,ACTA1,LAMA4,,,,,,,,,,,,,,,,,,,
,RPL15,,ABCB11,B4GALNT3,,,,,,,,,,,,,,,,,,,
,TUBG2,,LINC02347,LMF2,,,,,,,,,,,,,,,,,,,
,ANKS3,,CALCA,CYS1,,,,,,,,,,,,,,,,,,,
,UNC50,,TBX20,STAT6,,,,,,,,,,,,,,,,,,,
,CPNE4,,SERTAD4,SH3PXD2A-AS1,,,,,,,,,,,,,,,,,,,
,SPG11,,HMGA1P4,SLC48A1,,,,,,,,,,,,,,,,,,,
,GRB14,,SRL,TFDP2,,,,,,,,,,,,,,,,,,,
,TBC1D15,,NPY2R,RASSF1,,,,,,,,,,,,,,,,,,,
,CHMP2A,,RXFP2,TBL1X,,,,,,,,,,,,,,,,,,,
,EWSR1,,C8A,DONSON,,,,,,,,,,,,,,,,,,,
,CLDN15,,LINC02994,IL12RB2,,,,,,,,,,,,,,,,,,,
,DDX25,,TPM3P8,ADARB1,,,,,,,,,,,,,,,,,,,
,BANK1,,SLC5A5,ACAD8,,,,,,,,,,,,,,,,,,,
,SURF2,,BTG4,PTCH1,,,,,,,,,,,,,,,,,,,
,PFDN1,,ARFGEF1-DT,EIF4E2,,,,,,,,,,,,,,,,,,,
,FAM153A,,LY86-AS1,RTN4,,,,,,,,,,,,,,,,,,,
,HARS1,,GUCD1,OFD1,,,,,,,,,,,,,,,,,,,
,TMEM105,,HMGB3P19,DUT,,,,,,,,,,,,,,,,,,,
,MRGBP,,LINC02653,HECTD4,,,,,,,,,,,,,,,,,,,
,STXBP1,,TRDN,ATXN1,,,,,,,,,,,,,,,,,,,
,POLR3F,,MTND1P33,CMC2,,,,,,,,,,,,,,,,,,,
,GPRASP3,,LINC01622,ATP2B4,,,,,,,,,,,,,,,,,,,
,MSGN1,,GASK1B,SH2D1A,,,,,,,,,,,,,,,,,,,
,SGF29,,CHRD,PPP3CA,,,,,,,,,,,,,,,,,,,
,SBNO2,,UGT2A3,MSN,,,,,,,,,,,,,,,,,,,
,ERCC3,,THSD7B,AURKA,,,,,,,,,,,,,,,,,,,
,MRPL45,,MMP20,SNORD11,,,,,,,,,,,,,,,,,,,
,C15orf39,,MCFD2P1,TMEM200B,,,,,,,,,,,,,,,,,,,
,BARHL2,,STARD6,PDCL3,,,,,,,,,,,,,,,,,,,
,GPRIN1,,CHRNA7,C15orf61,,,,,,,,,,,,,,,,,,,
,SLCO1B1,,C2orf50,ZNF836,,,,,,,,,,,,,,,,,,,
,RPS18,,PCBP3,MAP4K2,,,,,,,,,,,,,,,,,,,
,SKP1,,LINC00682,FBXO45,,,,,,,,,,,,,,,,,,,
,CCP110,,TMSB4Y,NSUN5P1,,,,,,,,,,,,,,,,,,,
,PDE8A,,TTTY2,XKR3,,,,,,,,,,,,,,,,,,,
,BCL7B,,TTTY2B,TMCC2,,,,,,,,,,,,,,,,,,,
,LZTR1,,APC2,QRFPR,,,,,,,,,,,,,,,,,,,
,MRPS2,,PSMG1,ZXDB,,,,,,,,,,,,,,,,,,,
,SMYD5,,MTNR1A,MIR1250,,,,,,,,,,,,,,,,,,,
,SLC5A6,,SPATA31E1,CDCP1,,,,,,,,,,,,,,,,,,,
,CMTM5,,KBTBD12,TCTN2,,,,,,,,,,,,,,,,,,,
,QARS1,,HMGB1P6,TARDBP,,,,,,,,,,,,,,,,,,,
,WDR17,,LINC00299,RAB5B,,,,,,,,,,,,,,,,,,,
,CASTOR3P,,PHOX2A,RNH1,,,,,,,,,,,,,,,,,,,
,GLT8D2,,LINC01364,EOLA1,,,,,,,,,,,,,,,,,,,
,TAF10,,SPMAP1,IQSEC2,,,,,,,,,,,,,,,,,,,
,SLC25A28,,LINC01118,ZNF385B,,,,,,,,,,,,,,,,,,,
,XKR8,,LINC00317,TPRG1L,,,,,,,,,,,,,,,,,,,
,GOLGA8CP,,LINC01553,GOLM1,,,,,,,,,,,,,,,,,,,
,SYMPK,,DNAJC8,NAA16,,,,,,,,,,,,,,,,,,,
,PEX11G,,BEGAIN,COMMD3,,,,,,,,,,,,,,,,,,,
,NUDT16L1,,LINC02591,SPNS3,,,,,,,,,,,,,,,,,,,
,PHF1,,DACT2,WDR44,,,,,,,,,,,,,,,,,,,
,ZNF419,,OR1F2P,FAM43A,,,,,,,,,,,,,,,,,,,
,POC1B,,LINC02465,NDST2,,,,,,,,,,,,,,,,,,,
,TXNRD1,,UGT2A1,FTCDNL1,,,,,,,,,,,,,,,,,,,
,UFSP1,,UGT2A2,SELP,,,,,,,,,,,,,,,,,,,
,ACD,,IFT25,ASNSD1,,,,,,,,,,,,,,,,,,,
,CLDN12,,DPP4,MRPS5,,,,,,,,,,,,,,,,,,,
,CEMIP2,,MS4A12,MIR4720,,,,,,,,,,,,,,,,,,,
,CLNS1A,,MORC3,TPTEP2,,,,,,,,,,,,,,,,,,,
,SHLD1,,LINC00051,SENP7,,,,,,,,,,,,,,,,,,,
,DRC3,,MYNN,TGFB1I1,,,,,,,,,,,,,,,,,,,
,FAM53C,,NUMBL,KPNA3,,,,,,,,,,,,,,,,,,,
,DNAJB6,,CCDC42,TRIM38,,,,,,,,,,,,,,,,,,,
,TTI2,,LINC02401,LINC00839,,,,,,,,,,,,,,,,,,,
,MPI,,RPL21P68,MIR573,,,,,,,,,,,,,,,,,,,
,SNORC,,UTS2R,TLE3,,,,,,,,,,,,,,,,,,,
,MRPS27,,CCDC40,TMEM87B,,,,,,,,,,,,,,,,,,,
,MIS12,,TAS2R9,ATMIN,,,,,,,,,,,,,,,,,,,
,ZBTB21,,KIAA1210,RAB3IL1,,,,,,,,,,,,,,,,,,,
,E4F1,,DIRC3,SRGAP2C,,,,,,,,,,,,,,,,,,,
,IMMT,,FTHL17,ATR,,,,,,,,,,,,,,,,,,,
,TMEM106C,,LINC02350,LBX2-AS1,,,,,,,,,,,,,,,,,,,
,PIK3C3,,PKDREJ,TPGS2,,,,,,,,,,,,,,,,,,,
,DDHD2,,HMGN1,CALD1,,,,,,,,,,,,,,,,,,,
,EP400P1,,HMGN1P36,HTATIP2,,,,,,,,,,,,,,,,,,,
,NAT10,,COL8A2,CTDSPL,,,,,,,,,,,,,,,,,,,
,PTBP1,,RACGAP1P1,RNF6,,,,,,,,,,,,,,,,,,,
,TUBB8,,CBY2,BAALC-AS1,,,,,,,,,,,,,,,,,,,
,REG3A,,TLR6,UBA7,,,,,,,,,,,,,,,,,,,
,SETD1B,,LMOD3,TPCN1,,,,,,,,,,,,,,,,,,,
,NUP205,,LINC01012,HOMER2,,,,,,,,,,,,,,,,,,,
,SBK3,,ZNF385D,EDEM1,,,,,,,,,,,,,,,,,,,
,MRPS22,,ELOA3BP,ADAMTS17,,,,,,,,,,,,,,,,,,,
,EIF3J,,ELOA3CP,NOMO3,,,,,,,,,,,,,,,,,,,
,SIX5,,ELOA3DP,MIR4642,,,,,,,,,,,,,,,,,,,
,IMPDH1,,ELOA3P,NR2C1,,,,,,,,,,,,,,,,,,,
,THOC6,,CABIN1,PIK3R3,,,,,,,,,,,,,,,,,,,
,PIGT,,BEND2,INPP4A,,,,,,,,,,,,,,,,,,,
,BDH1,,STXBP5L,EOGT,,,,,,,,,,,,,,,,,,,
,PCGF1,,LINC02415,ADCY4,,,,,,,,,,,,,,,,,,,
,PMPCA,,TNNI2,VCF2,,,,,,,,,,,,,,,,,,,
,FBXO6,,TMPRSS11B,RNF207,,,,,,,,,,,,,,,,,,,
,SLC41A3,,FGL1,LURAP1,,,,,,,,,,,,,,,,,,,
,CRIP2,,DPP9,ZFYVE19,,,,,,,,,,,,,,,,,,,
,TPD52L3,,ASIC2,IFIH1,,,,,,,,,,,,,,,,,,,
,TMX4,,LINC01169,KANK3,,,,,,,,,,,,,,,,,,,
,TECTA,,ETV5,ERLEC1,,,,,,,,,,,,,,,,,,,
,BTNL3,,SLC30A7,PPP1R7,,,,,,,,,,,,,,,,,,,
,E2F6,,TEX13B,ZNF445,,,,,,,,,,,,,,,,,,,
,MAP3K10,,DEFB127,ARHGEF4,,,,,,,,,,,,,,,,,,,
,ZNF317,,DRD3,RHOXF1,,,,,,,,,,,,,,,,,,,
,C1QBP,,SOD1,FOXJ2,,,,,,,,,,,,,,,,,,,
,TUBGCP6,,FAM47A,UNC93B1,,,,,,,,,,,,,,,,,,,
,SNORD33,,RAVER1,NTM,,,,,,,,,,,,,,,,,,,
,CALR,,ABCC6,EPHB1,,,,,,,,,,,,,,,,,,,
,CCT7,,PYGL,MEAF6,,,,,,,,,,,,,,,,,,,
,FAAP100,,AEBP2,RARS2,,,,,,,,,,,,,,,,,,,
,ABCA6,,P4HA3-AS1,OPTN,,,,,,,,,,,,,,,,,,,
,SRPK2,,MMP27,CLEC4C,,,,,,,,,,,,,,,,,,,
,TUBBP5,,SLC34A3,PTPDC1,,,,,,,,,,,,,,,,,,,
,MYH7B,,SNRNP27,XPOT,,,,,,,,,,,,,,,,,,,
,MBD3,,MYCBPAP,LPIN1,,,,,,,,,,,,,,,,,,,
,OR1B1,,TSTD3,KDM5A,,,,,,,,,,,,,,,,,,,
,SEMA3A,,LINC02833,RASSF3,,,,,,,,,,,,,,,,,,,
,MYBBP1A,,ARHGAP19-SLIT1,FMR1NB,,,,,,,,,,,,,,,,,,,
,WFDC1,,SILC1,GNG12,,,,,,,,,,,,,,,,,,,
,NUDT21,,ZNF345,WHAMM,,,,,,,,,,,,,,,,,,,
,STAG3L5P-PVRIG2P-PILRB,,TANGO6,SCART1,,,,,,,,,,,,,,,,,,,
,FUT1,,FAM9A,MAGED2,,,,,,,,,,,,,,,,,,,
,GABRD,,ADAMTS12,GUCY1A1,,,,,,,,,,,,,,,,,,,
,RPS23,,IL22,GGT5,,,,,,,,,,,,,,,,,,,
,SNORD35B,,RAB9BP1,PSG9,,,,,,,,,,,,,,,,,,,
,RRN3,,VGLL1,CCM2L,,,,,,,,,,,,,,,,,,,
,FBXL19,,BEND6,ZNF367,,,,,,,,,,,,,,,,,,,
,KRI1,,ZNF608,AGO1,,,,,,,,,,,,,,,,,,,
,SLC2A8,,LINC02375,SPTBN1,,,,,,,,,,,,,,,,,,,
,RPLP1,,INS,CD82,,,,,,,,,,,,,,,,,,,
,POLM,,PCDHGA12,LAP3,,,,,,,,,,,,,,,,,,,
,CSTF3,,PCDHGA4,NAT8L,,,,,,,,,,,,,,,,,,,
,TIMM23,,PCDHGA5,HOXC6,,,,,,,,,,,,,,,,,,,
,ZFPM1,,PCDHGA6,SUSD5,,,,,,,,,,,,,,,,,,,
,BABAM1,,PCDHGA7,CECR7,,,,,,,,,,,,,,,,,,,
,C9orf78,,PCDHGB1,TRIM58,,,,,,,,,,,,,,,,,,,
,ABHD14A,,PCDHGB2,RBBP7,,,,,,,,,,,,,,,,,,,
,OR51L1,,PCDHGB3,E2F1,,,,,,,,,,,,,,,,,,,
,IQCE,,PCDHGB4,TNC,,,,,,,,,,,,,,,,,,,
,CHTF8,,ADCY6-DT,KLHL21,,,,,,,,,,,,,,,,,,,
,PMS2,,CNTN2,TRA2A,,,,,,,,,,,,,,,,,,,
,SUMO2,,LINC00628,MIR194-1,,,,,,,,,,,,,,,,,,,
,N6AMT1,,MYOG,MIR155HG,,,,,,,,,,,,,,,,,,,
,PCBD1,,C1orf94,LRRC8B,,,,,,,,,,,,,,,,,,,
,CAMTA2,,ZNF733P,MRPL47,,,,,,,,,,,,,,,,,,,
,ARL2,,ZNF734P,RNF128,,,,,,,,,,,,,,,,,,,
,MFGE8,,MEIS3P1,GAL,,,,,,,,,,,,,,,,,,,
,MRPL3,,MEIS3P2,RNF103,,,,,,,,,,,,,,,,,,,
,BFSP1,,CCND2,MAP6D1,,,,,,,,,,,,,,,,,,,
,ZNF747,,MEIS1,HEATR5B,,,,,,,,,,,,,,,,,,,
,ABHD12,,PCDHGA1,MKRN2,,,,,,,,,,,,,,,,,,,
,GSPT1,,ARHGEF18,FRMD4A,,,,,,,,,,,,,,,,,,,
,TRIM43,,PCDHGA10,CENPS,,,,,,,,,,,,,,,,,,,
,OLIG1,,PCDHGA9,CEP97,,,,,,,,,,,,,,,,,,,
,STK16,,PCDHGA2,ZNF225-AS1,,,,,,,,,,,,,,,,,,,
,ELP5,,PCDHGA3,,,,,,,,,,,,,,,,,,,,
,ZNF212,,CELF4,,,,,,,,,,,,,,,,,,,,
,MYT1,,PMS2CL,,,,,,,,,,,,,,,,,,,,
,GPATCH8,,PCGEM1,,,,,,,,,,,,,,,,,,,,
,CAMSAP1,,CLRN3,,,,,,,,,,,,,,,,,,,,
,RPAIN,,RPS6KA4,,,,,,,,,,,,,,,,,,,,
,EIF2B1,,FAM221B,,,,,,,,,,,,,,,,,,,,
,C16orf86,,KCTD16,,,,,,,,,,,,,,,,,,,,
,WDR54,,CNGA4,,,,,,,,,,,,,,,,,,,,
,ZNF428,,SPATA3,,,,,,,,,,,,,,,,,,,,
,H2AC8,,PCDHGC3,,,,,,,,,,,,,,,,,,,,
,VCF1,,OR1E2,,,,,,,,,,,,,,,,,,,,
,ARB2BP,,SLC25A31,,,,,,,,,,,,,,,,,,,,
,PTPRN,,NRL,,,,,,,,,,,,,,,,,,,,
,VPS26C,,ZBTB47-AS1,,,,,,,,,,,,,,,,,,,,
,ALAS1,,NOP10,,,,,,,,,,,,,,,,,,,,
,DHX35,,KCNQ3,,,,,,,,,,,,,,,,,,,,
,ZCRB1,,PCDHGA11,,,,,,,,,,,,,,,,,,,,
,PALB2,,MYF5,,,,,,,,,,,,,,,,,,,,
,SLC44A2,,CYCSP19,,,,,,,,,,,,,,,,,,,,
,MCM5,,VEZT,,,,,,,,,,,,,,,,,,,,
,CDC23,,PCDHGC5,,,,,,,,,,,,,,,,,,,,
,SIRT6,,FSCB,,,,,,,,,,,,,,,,,,,,
,SCG2,,SCN10A,,,,,,,,,,,,,,,,,,,,
,PAIP2B,,LINC02289,,,,,,,,,,,,,,,,,,,,
,STRN,,PCDHGC4,,,,,,,,,,,,,,,,,,,,
,MAK16,,DLG5-AS1,,,,,,,,,,,,,,,,,,,,
,BLOC1S4,,LINC00973,,,,,,,,,,,,,,,,,,,,
,SRP14,,LINC01270,,,,,,,,,,,,,,,,,,,,
,DDX54,,LINC00708,,,,,,,,,,,,,,,,,,,,
,POMT2,,IL17F,,,,,,,,,,,,,,,,,,,,
,CASP2,,DYDC1,,,,,,,,,,,,,,,,,,,,
,PRDX5,,CXCL13,,,,,,,,,,,,,,,,,,,,
,BPIFB2,,LINC01271,,,,,,,,,,,,,,,,,,,,
,UBALD1,,VSIG2,,,,,,,,,,,,,,,,,,,,
,SARM1,,CFAP54,,,,,,,,,,,,,,,,,,,,
,LRP2,,FOS,,,,,,,,,,,,,,,,,,,,
,TYK2,,PDGFRL,,,,,,,,,,,,,,,,,,,,
,THOC2,,XKRY,,,,,,,,,,,,,,,,,,,,
,CD163,,XKRYP7,,,,,,,,,,,,,,,,,,,,
,CNTROB,,ANAPC13,,,,,,,,,,,,,,,,,,,,
,CYB5B,,SLC17A1,,,,,,,,,,,,,,,,,,,,
,ARHGAP17,,GDF5,,,,,,,,,,,,,,,,,,,,
,DDX55,,PUM2,,,,,,,,,,,,,,,,,,,,
,MAFG,,HNRNPA1P31,,,,,,,,,,,,,,,,,,,,
,PES1,,CDC20B,,,,,,,,,,,,,,,,,,,,
,BUD31,,METTL14-DT,,,,,,,,,,,,,,,,,,,,
,RPL23A,,REDIC1,,,,,,,,,,,,,,,,,,,,
,CYP27B1,,PCAT18,,,,,,,,,,,,,,,,,,,,
,EIF2B5,,ACVR2A,,,,,,,,,,,,,,,,,,,,
,GNAS,,UGT2B15,,,,,,,,,,,,,,,,,,,,
,NSG2,,ZNF808,,,,,,,,,,,,,,,,,,,,
,GSTK1,,LECT2,,,,,,,,,,,,,,,,,,,,
,ANTKMT,,C1D,,,,,,,,,,,,,,,,,,,,
,ECHS1,,C1DP1,,,,,,,,,,,,,,,,,,,,
,NSMF,,CMTR2,,,,,,,,,,,,,,,,,,,,
,YJU2B,,PCDHGB5,,,,,,,,,,,,,,,,,,,,
,OR13C5,,FKBP5,,,,,,,,,,,,,,,,,,,,
,TRIM56,,TGM7,,,,,,,,,,,,,,,,,,,,
,SCAMP4,,WDR86-AS1,,,,,,,,,,,,,,,,,,,,
,NR1H3,,MYL11,,,,,,,,,,,,,,,,,,,,
,HACD3,,LINC01750,,,,,,,,,,,,,,,,,,,,
,MAMDC4,,OR4C1P,,,,,,,,,,,,,,,,,,,,
,ACTRT1,,TMEM14C,,,,,,,,,,,,,,,,,,,,
,SPSB1,,CKM,,,,,,,,,,,,,,,,,,,,
,RNF135,,COX6CP2,,,,,,,,,,,,,,,,,,,,
,MLLT6,,ZNF776,,,,,,,,,,,,,,,,,,,,
,PRMT8,,RPL22P22,,,,,,,,,,,,,,,,,,,,
,RAB24,,ESX1,,,,,,,,,,,,,,,,,,,,
,TRMT44,,ABCG2,,,,,,,,,,,,,,,,,,,,
,COMMD6,,LINC01097,,,,,,,,,,,,,,,,,,,,
,GOLGA7,,ASB5,,,,,,,,,,,,,,,,,,,,
,CYFIP2,,LINC02059,,,,,,,,,,,,,,,,,,,,
,MS4A15,,LINC00869,,,,,,,,,,,,,,,,,,,,
,EGR1,,CSRP3,,,,,,,,,,,,,,,,,,,,
,SHFL,,SNHG17,,,,,,,,,,,,,,,,,,,,
,SCFD2,,SNORA71A,,,,,,,,,,,,,,,,,,,,
,CMSS1,,ZRANB2-AS1,,,,,,,,,,,,,,,,,,,,
,ZNF580,,NATD1,,,,,,,,,,,,,,,,,,,,
,STOML1,,ZNF778,,,,,,,,,,,,,,,,,,,,
,RPL4,,VSTM4,,,,,,,,,,,,,,,,,,,,
,PABPC4,,GPR62,,,,,,,,,,,,,,,,,,,,
,UQCRH,,SYT7,,,,,,,,,,,,,,,,,,,,
,MAPK8IP2,,CYP19A1,,,,,,,,,,,,,,,,,,,,
,ABL1,,DOCK2,,,,,,,,,,,,,,,,,,,,
,OR1J1,,OR2B2,,,,,,,,,,,,,,,,,,,,
,KLHL26,,GPR75,,,,,,,,,,,,,,,,,,,,
,MAPK12,,XAGE3,,,,,,,,,,,,,,,,,,,,
,CALY,,TM9SF3,,,,,,,,,,,,,,,,,,,,
,DNPEP,,CTRC,,,,,,,,,,,,,,,,,,,,
,GRWD1,,ATP6V0C,,,,,,,,,,,,,,,,,,,,
,ATP5F1D,,PAQR9,,,,,,,,,,,,,,,,,,,,
,NIP7,,C6orf163,,,,,,,,,,,,,,,,,,,,
,NME3,,FAM47B,,,,,,,,,,,,,,,,,,,,
,DPYSL5,,CDX1,,,,,,,,,,,,,,,,,,,,
,FSHB,,FAM186A,,,,,,,,,,,,,,,,,,,,
,SELE,,ADAM6,,,,,,,,,,,,,,,,,,,,
,BMERB1,,VSTM1,,,,,,,,,,,,,,,,,,,,
,INCA1,,MAN2B2,,,,,,,,,,,,,,,,,,,,
,DENND1A,,LINC02850,,,,,,,,,,,,,,,,,,,,
,NDUFV1,,CFTR-AS1,,,,,,,,,,,,,,,,,,,,
,TNPO2,,APOBEC2,,,,,,,,,,,,,,,,,,,,
,MPST,,TMSB15C,,,,,,,,,,,,,,,,,,,,
,DNAL4,,PCDHGA8,,,,,,,,,,,,,,,,,,,,
,PEX10,,GREM2,,,,,,,,,,,,,,,,,,,,
,WDR59,,PAFAH1B2P2,,,,,,,,,,,,,,,,,,,,
,TARBP2,,MAP2K5,,,,,,,,,,,,,,,,,,,,
,PSAP,,TMEM100,,,,,,,,,,,,,,,,,,,,
,NUP88,,SCIRT,,,,,,,,,,,,,,,,,,,,
,JMJD8,,BTG3,,,,,,,,,,,,,,,,,,,,
,NUP214,,LCIIAR,,,,,,,,,,,,,,,,,,,,
,ELL,,SERPINB11,,,,,,,,,,,,,,,,,,,,
,RRP12,,LINC02032,,,,,,,,,,,,,,,,,,,,
,POTEC,,DEFA5,,,,,,,,,,,,,,,,,,,,
,ZNF655,,FABP3P2,,,,,,,,,,,,,,,,,,,,
,ADRB1,,NUCB1,,,,,,,,,,,,,,,,,,,,
,MUC13,,IGFBP1,,,,,,,,,,,,,,,,,,,,
,PWWP3A,,IL5RA,,,,,,,,,,,,,,,,,,,,
,TMPRSS9,,AKAP10,,,,,,,,,,,,,,,,,,,,
,NDUFB4,,TCAF2,,,,,,,,,,,,,,,,,,,,
,RNF31,,OR51B6,,,,,,,,,,,,,,,,,,,,
,TARM1,,DRAP1,,,,,,,,,,,,,,,,,,,,
,FANCI,,ATP2B3,,,,,,,,,,,,,,,,,,,,
,CHRNB3,,MTARC1,,,,,,,,,,,,,,,,,,,,
,RPS6KB1,,IKBIP,,,,,,,,,,,,,,,,,,,,
,ZNF516,,SNORA31,,,,,,,,,,,,,,,,,,,,
,ZSWIM4,,CARD11-AS1,,,,,,,,,,,,,,,,,,,,
,ITM2C,,MSANTD2-AS1,,,,,,,,,,,,,,,,,,,,
,GRSF1,,LINC01539,,,,,,,,,,,,,,,,,,,,
,MAPKAPK2,,C1orf56,,,,,,,,,,,,,,,,,,,,
,YKT6,,NXPE4,,,,,,,,,,,,,,,,,,,,
,NELFCD,,LINC02052,,,,,,,,,,,,,,,,,,,,
,MRPL39,,CALHM1,,,,,,,,,,,,,,,,,,,,
,STK40,,TBX18-AS1,,,,,,,,,,,,,,,,,,,,
,HDAC3,,MBNL3,,,,,,,,,,,,,,,,,,,,
,NIFK,,TNNC1,,,,,,,,,,,,,,,,,,,,
,PWP1,,DDX49,,,,,,,,,,,,,,,,,,,,
,TRPA1,,HOXD4,,,,,,,,,,,,,,,,,,,,
,CFAP77,,VAC14-AS1,,,,,,,,,,,,,,,,,,,,
,RANBP3,,ATXN8OS,,,,,,,,,,,,,,,,,,,,
,TXNL4B,,LINC00529,,,,,,,,,,,,,,,,,,,,
,RPAP1,,RBM24,,,,,,,,,,,,,,,,,,,,
,SOX30,,TMBIM4,,,,,,,,,,,,,,,,,,,,
,MRPS26,,C3orf36,,,,,,,,,,,,,,,,,,,,
,PCBP2,,NAV2-AS4,,,,,,,,,,,,,,,,,,,,
,RPL13A,,TNNC2,,,,,,,,,,,,,,,,,,,,
,NUP85,,PDCD1,,,,,,,,,,,,,,,,,,,,
,ADAMTS15,,ZNF124,,,,,,,,,,,,,,,,,,,,
,PIGO,,UBE2D1,,,,,,,,,,,,,,,,,,,,
,MAST1,,CRIPTO,,,,,,,,,,,,,,,,,,,,
,RPL31,,CRIPTO3,,,,,,,,,,,,,,,,,,,,
,TIMM10B,,OR8G2P,,,,,,,,,,,,,,,,,,,,
,LSM8,,OR8G3P,,,,,,,,,,,,,,,,,,,,
,PHLDA1,,C17orf50,,,,,,,,,,,,,,,,,,,,
,ZNF812P,,TRBV25-1,,,,,,,,,,,,,,,,,,,,
,TSPAN3,,OLA1,,,,,,,,,,,,,,,,,,,,
,MRPL50,,LINC00692,,,,,,,,,,,,,,,,,,,,
,IER2,,L3MBTL1,,,,,,,,,,,,,,,,,,,,
,ENO3,,RNF183,,,,,,,,,,,,,,,,,,,,
,GPR156,,MIF-AS1,,,,,,,,,,,,,,,,,,,,
,SFI1,,MGAT4EP,,,,,,,,,,,,,,,,,,,,
,TMUB2,,CECR9,,,,,,,,,,,,,,,,,,,,
,TXNDC17,,LINC03095,,,,,,,,,,,,,,,,,,,,
,DRG1,,ACAN,,,,,,,,,,,,,,,,,,,,
,OGT,,LARP1B,,,,,,,,,,,,,,,,,,,,
,LAG3,,LINC00842,,,,,,,,,,,,,,,,,,,,
,TTLL5,,MYH2,,,,,,,,,,,,,,,,,,,,
,VPS37C,,DAD1,,,,,,,,,,,,,,,,,,,,
,MAP3K14,,RPP14,,,,,,,,,,,,,,,,,,,,
,C16orf54,,ZNF831,,,,,,,,,,,,,,,,,,,,
,CCDC9,,PCDHGB7,,,,,,,,,,,,,,,,,,,,
,C5orf63,,LINC01365,,,,,,,,,,,,,,,,,,,,
,NCOR2,,AKNAD1,,,,,,,,,,,,,,,,,,,,
,SNHG29,,SLC25A1,,,,,,,,,,,,,,,,,,,,
,ADCK2,,MACROH2A2,,,,,,,,,,,,,,,,,,,,
,KCNJ4,,NPSR1-AS1,,,,,,,,,,,,,,,,,,,,
,CALML6,,FHIP2A,,,,,,,,,,,,,,,,,,,,
,LINC01019,,IGKV1-17,,,,,,,,,,,,,,,,,,,,
,AAR2,,IGKV1D-17,,,,,,,,,,,,,,,,,,,,
,APBB3,,LAMA2,,,,,,,,,,,,,,,,,,,,
,PEX7,,LINC02809,,,,,,,,,,,,,,,,,,,,
,STK11IP,,SLC35F4,,,,,,,,,,,,,,,,,,,,
,VPS18,,CSN2,,,,,,,,,,,,,,,,,,,,
,ZNF343,,POU2AF1,,,,,,,,,,,,,,,,,,,,
,LRRC37B,,FBXL12,,,,,,,,,,,,,,,,,,,,
,SKAP1,,CSNK1G1,,,,,,,,,,,,,,,,,,,,
,MOAP1,,IQCM,,,,,,,,,,,,,,,,,,,,
,ZNF512B,,TARS2,,,,,,,,,,,,,,,,,,,,
,MOK,,LINC01875,,,,,,,,,,,,,,,,,,,,
,RHOB,,TAS2R14,,,,,,,,,,,,,,,,,,,,
,EID2B,,GLI1,,,,,,,,,,,,,,,,,,,,
,ANKRD7,,LINC01648,,,,,,,,,,,,,,,,,,,,
,MED1,,ESRRAP1,,,,,,,,,,,,,,,,,,,,
,UBE2D4,,PSMD6-AS1,,,,,,,,,,,,,,,,,,,,
,MCM3AP,,LINC00313,,,,,,,,,,,,,,,,,,,,
,PPP1CC,,TRIML2,,,,,,,,,,,,,,,,,,,,
,MOCS1,,LINC00939,,,,,,,,,,,,,,,,,,,,
,SERGEF,,SHMT1,,,,,,,,,,,,,,,,,,,,
,HLCS,,VEGFB,,,,,,,,,,,,,,,,,,,,
,NFKBIB,,EEIG1,,,,,,,,,,,,,,,,,,,,
,SLC22A1,,ACTR3,,,,,,,,,,,,,,,,,,,,
,POMGNT1,,GOT1L1,,,,,,,,,,,,,,,,,,,,
,GGN,,SH2D4B,,,,,,,,,,,,,,,,,,,,
,KRTAP20-1,,KCNQ1OT1,,,,,,,,,,,,,,,,,,,,
,RNF10,,OR6W1P,,,,,,,,,,,,,,,,,,,,
,FBXL9P,,MYO3B,,,,,,,,,,,,,,,,,,,,
,CCL2,,LINC02326,,,,,,,,,,,,,,,,,,,,
,POLR2D,,ERC2-IT1,,,,,,,,,,,,,,,,,,,,
,IL21R,,IGHA1,,,,,,,,,,,,,,,,,,,,
,DCLRE1A,,IGHA2,,,,,,,,,,,,,,,,,,,,
,EAF1,,MYL1,,,,,,,,,,,,,,,,,,,,
,RNA28SN5,,TOPORS,,,,,,,,,,,,,,,,,,,,
,POLR2F,,MADD-AS1,,,,,,,,,,,,,,,,,,,,
,PPP1R12C,,POU6F2,,,,,,,,,,,,,,,,,,,,
,U2AF1,,FLRT2-AS1,,,,,,,,,,,,,,,,,,,,
,RHEB,,HLMR1,,,,,,,,,,,,,,,,,,,,
,TRNP1,,FBXO3,,,,,,,,,,,,,,,,,,,,
,C16orf90,,GALP,,,,,,,,,,,,,,,,,,,,
,LINC01347,,HSPA2,,,,,,,,,,,,,,,,,,,,
,IL27RA,,RHBDL1,,,,,,,,,,,,,,,,,,,,
,MRPL46,,IGLL3P,,,,,,,,,,,,,,,,,,,,
,EXOSC4,,NOVA1,,,,,,,,,,,,,,,,,,,,
,FAU,,DUSP13A,,,,,,,,,,,,,,,,,,,,
,NR4A2,,DUSP13B,,,,,,,,,,,,,,,,,,,,
,NUDCD3,,CNTD1,,,,,,,,,,,,,,,,,,,,
,C17orf58,,GLRX3,,,,,,,,,,,,,,,,,,,,
,ARNT2,,RPL7AP71,,,,,,,,,,,,,,,,,,,,
,SAP130,,LNCPRESS1,,,,,,,,,,,,,,,,,,,,
,UBL5,,DVL1,,,,,,,,,,,,,,,,,,,,
,PPCDC,,ANP32CP,,,,,,,,,,,,,,,,,,,,
,LINC00924,,CASC18,,,,,,,,,,,,,,,,,,,,
,EXTL3,,COL18A1-AS1,,,,,,,,,,,,,,,,,,,,
,ADISSP,,PIM2,,,,,,,,,,,,,,,,,,,,
,TNFAIP1,,PAPPA,,,,,,,,,,,,,,,,,,,,
,ZNF800,,CORO1A,,,,,,,,,,,,,,,,,,,,
,SRRM3,,WDR53,,,,,,,,,,,,,,,,,,,,
,FASN,,LINC02535,,,,,,,,,,,,,,,,,,,,
,CCDC102A,,NFE2L2,,,,,,,,,,,,,,,,,,,,
,SPG7,,B3GNT4,,,,,,,,,,,,,,,,,,,,
,MAML1,,HNRNPA1P35,,,,,,,,,,,,,,,,,,,,
,STAG3L2,,HNRNPA1P4,,,,,,,,,,,,,,,,,,,,
,ITPKC,,HNRNPA1P7,,,,,,,,,,,,,,,,,,,,
,TIPIN,,SNX12,,,,,,,,,,,,,,,,,,,,
,RPLP0,,LINC02619,,,,,,,,,,,,,,,,,,,,
,EIF3G,,LINC01798,,,,,,,,,,,,,,,,,,,,
,TMUB1,,MIF,,,,,,,,,,,,,,,,,,,,
,MRPL40,,LIMS3,,,,,,,,,,,,,,,,,,,,
,NPPC,,LIMS4,,,,,,,,,,,,,,,,,,,,
,RNF20,,CIB3,,,,,,,,,,,,,,,,,,,,
,NSMCE3,,CCBE1,,,,,,,,,,,,,,,,,,,,
,SLC19A3,,PRRX2,,,,,,,,,,,,,,,,,,,,
,ALG12,,PLEKHA2,,,,,,,,,,,,,,,,,,,,
,SARS2,,AP3D1,,,,,,,,,,,,,,,,,,,,
,PFDN5,,GPR135,,,,,,,,,,,,,,,,,,,,
,PDE7A,,H19,,,,,,,,,,,,,,,,,,,,
,MFF,,SNX32,,,,,,,,,,,,,,,,,,,,
,ALG5,,SYT1,,,,,,,,,,,,,,,,,,,,
,WDR7,,LINC00437,,,,,,,,,,,,,,,,,,,,
,OR6B2,,IQCF3,,,,,,,,,,,,,,,,,,,,
,PRSS42P,,LOXL2,,,,,,,,,,,,,,,,,,,,
,MAPK11,,CTDSPL2,,,,,,,,,,,,,,,,,,,,
,MTMR9,,LINC00375,,,,,,,,,,,,,,,,,,,,
,C7orf50,,CEP72-DT,,,,,,,,,,,,,,,,,,,,
,VAT1L,,KRT20,,,,,,,,,,,,,,,,,,,,
,ZNF324B,,HHIPL2,,,,,,,,,,,,,,,,,,,,
,KDM3B,,ZNF25,,,,,,,,,,,,,,,,,,,,
,KCTD9,,TBXA2R,,,,,,,,,,,,,,,,,,,,
,IRAG2,,MYH1,,,,,,,,,,,,,,,,,,,,
,C8orf33,,SNORD23,,,,,,,,,,,,,,,,,,,,
,USP21,,GABRR3,,,,,,,,,,,,,,,,,,,,
,UBE2O,,CLCA3P,,,,,,,,,,,,,,,,,,,,
,TBC1D10B,,TP53I11,,,,,,,,,,,,,,,,,,,,
,CHCHD3,,RPL22P1,,,,,,,,,,,,,,,,,,,,
,TWIST1,,STEEP1,,,,,,,,,,,,,,,,,,,,
,XAGE2,,LINC01095,,,,,,,,,,,,,,,,,,,,
,NDUFS3,,DAZL,,,,,,,,,,,,,,,,,,,,
,DYNAP,,DBNDD2,,,,,,,,,,,,,,,,,,,,
,NFKB2,,SYS1-DBNDD2,,,,,,,,,,,,,,,,,,,,
,SELENOK,,LINC02555,,,,,,,,,,,,,,,,,,,,
,PHC1,,ACTG1P17,,,,,,,,,,,,,,,,,,,,
,WDR5,,PRPF6,,,,,,,,,,,,,,,,,,,,
,SDF2,,C18orf32,,,,,,,,,,,,,,,,,,,,
,CRNKL1,,PTMAP3,,,,,,,,,,,,,,,,,,,,
,PSMB5,,KLF10,,,,,,,,,,,,,,,,,,,,
,EMC10,,ZNF267,,,,,,,,,,,,,,,,,,,,
,NCKIPSD,,KLF17,,,,,,,,,,,,,,,,,,,,
,ARL16,,ADAMTSL5,,,,,,,,,,,,,,,,,,,,
,ZNF334,,COMT,,,,,,,,,,,,,,,,,,,,
,UROS,,ZNF273,,,,,,,,,,,,,,,,,,,,
,OR56B1,,ZNF876P,,,,,,,,,,,,,,,,,,,,
,KCTD15,,ADAMTS16-DT,,,,,,,,,,,,,,,,,,,,
,IKZF4,,CIMAP1D,,,,,,,,,,,,,,,,,,,,
,FBRS,,DHDH,,,,,,,,,,,,,,,,,,,,
,CYSTM1,,LINC00319,,,,,,,,,,,,,,,,,,,,
,KRBOX5,,RASA3,,,,,,,,,,,,,,,,,,,,
,KIF22,,SH3GL1P1,,,,,,,,,,,,,,,,,,,,
,SEM1,,PGK2,,,,,,,,,,,,,,,,,,,,
,EIF3D,,MC4R,,,,,,,,,,,,,,,,,,,,
,IER3,,TMC2,,,,,,,,,,,,,,,,,,,,
,QSOX2,,CORIN,,,,,,,,,,,,,,,,,,,,
,RBM10,,RABL3,,,,,,,,,,,,,,,,,,,,
,CLK2,,LINC01165,,,,,,,,,,,,,,,,,,,,
,C5,,REC114,,,,,,,,,,,,,,,,,,,,
,PRPS1,,SUMO1P3,,,,,,,,,,,,,,,,,,,,
,SF3B3,,COL21A1,,,,,,,,,,,,,,,,,,,,
,DEDD,,FAM95B1,,,,,,,,,,,,,,,,,,,,
,VPS25,,FHIP1A-DT,,,,,,,,,,,,,,,,,,,,
,GAL3ST3,,C5AR2,,,,,,,,,,,,,,,,,,,,
,KLHDC8A,,LINC01093,,,,,,,,,,,,,,,,,,,,
,ORAI2,,C17orf99,,,,,,,,,,,,,,,,,,,,
,ADAMTS1,,DPYSL2,,,,,,,,,,,,,,,,,,,,
,MRPS23,,CRIP3,,,,,,,,,,,,,,,,,,,,
,LENG8,,QSER1,,,,,,,,,,,,,,,,,,,,
,WDR18,,HDC,,,,,,,,,,,,,,,,,,,,
,AVPR2,,SNAPC5P1,,,,,,,,,,,,,,,,,,,,
,CLVS1,,,,,,,,,,,,,,,,,,,,,,
,LSM3,,,,,,,,,,,,,,,,,,,,,,
,EIF5A,,,,,,,,,,,,,,,,,,,,,,
,EDC3,,,,,,,,,,,,,,,,,,,,,,
,FHIP2B,,,,,,,,,,,,,,,,,,,,,,
,ACYP2,,,,,,,,,,,,,,,,,,,,,,
,JPH2,,,,,,,,,,,,,,,,,,,,,,
,OR4D9,,,,,,,,,,,,,,,,,,,,,,
,BBS10,,,,,,,,,,,,,,,,,,,,,,
,LENG1,,,,,,,,,,,,,,,,,,,,,,
,WDR35,,,,,,,,,,,,,,,,,,,,,,
,NOP58,,,,,,,,,,,,,,,,,,,,,,
,TMEM214,,,,,,,,,,,,,,,,,,,,,,
,FAF2,,,,,,,,,,,,,,,,,,,,,,
,ZNF407-AS1,,,,,,,,,,,,,,,,,,,,,,
,NOM1,,,,,,,,,,,,,,,,,,,,,,
,EIF4ENIF1,,,,,,,,,,,,,,,,,,,,,,
,NT5C3A,,,,,,,,,,,,,,,,,,,,,,
,GABBR2,,,,,,,,,,,,,,,,,,,,,,
,TLE5,,,,,,,,,,,,,,,,,,,,,,
,SLC35D2,,,,,,,,,,,,,,,,,,,,,,
,PPM1M,,,,,,,,,,,,,,,,,,,,,,
,SPRY1,,,,,,,,,,,,,,,,,,,,,,
,CCNO,,,,,,,,,,,,,,,,,,,,,,
,FEV,,,,,,,,,,,,,,,,,,,,,,
,KLF2,,,,,,,,,,,,,,,,,,,,,,
,DYNC2I1,,,,,,,,,,,,,,,,,,,,,,
,YEATS2,,,,,,,,,,,,,,,,,,,,,,
,CDK5R2,,,,,,,,,,,,,,,,,,,,,,
,PCDH11Y,,,,,,,,,,,,,,,,,,,,,,
,NKIRAS2,,,,,,,,,,,,,,,,,,,,,,
,NQO2,,,,,,,,,,,,,,,,,,,,,,
,FUZ,,,,,,,,,,,,,,,,,,,,,,
,MNT,,,,,,,,,,,,,,,,,,,,,,
,EEF1A1,,,,,,,,,,,,,,,,,,,,,,
,MICU1,,,,,,,,,,,,,,,,,,,,,,
,EIF2S1,,,,,,,,,,,,,,,,,,,,,,
,DNAJB1,,,,,,,,,,,,,,,,,,,,,,
,ADIPOQ,,,,,,,,,,,,,,,,,,,,,,
,UGT1A5,,,,,,,,,,,,,,,,,,,,,,
,PRCC,,,,,,,,,,,,,,,,,,,,,,
,RBFOX3,,,,,,,,,,,,,,,,,,,,,,
,PPIH,,,,,,,,,,,,,,,,,,,,,,
,PXMP2,,,,,,,,,,,,,,,,,,,,,,
,PRRT3,,,,,,,,,,,,,,,,,,,,,,
,PELP1,,,,,,,,,,,,,,,,,,,,,,
,TICAM1,,,,,,,,,,,,,,,,,,,,,,
,VWA3A,,,,,,,,,,,,,,,,,,,,,,
,RPS6KL1,,,,,,,,,,,,,,,,,,,,,,
,SAFB,,,,,,,,,,,,,,,,,,,,,,
,ADRA2B,,,,,,,,,,,,,,,,,,,,,,
,SLC37A4,,,,,,,,,,,,,,,,,,,,,,
,CFAP36,,,,,,,,,,,,,,,,,,,,,,
,LINC00265,,,,,,,,,,,,,,,,,,,,,,
,YPEL3,,,,,,,,,,,,,,,,,,,,,,
,TMEM143,,,,,,,,,,,,,,,,,,,,,,
,PREB,,,,,,,,,,,,,,,,,,,,,,
,HIRIP3,,,,,,,,,,,,,,,,,,,,,,
,RNF216,,,,,,,,,,,,,,,,,,,,,,
,ACTR5,,,,,,,,,,,,,,,,,,,,,,
,OR5AN1,,,,,,,,,,,,,,,,,,,,,,
,DCHS1,,,,,,,,,,,,,,,,,,,,,,
,ACP1,,,,,,,,,,,,,,,,,,,,,,
,ATF4,,,,,,,,,,,,,,,,,,,,,,
,R3HDM4,,,,,,,,,,,,,,,,,,,,,,
,MGAT1,,,,,,,,,,,,,,,,,,,,,,
,H3-3B,,,,,,,,,,,,,,,,,,,,,,
,COMMD9,,,,,,,,,,,,,,,,,,,,,,
,SFXN2,,,,,,,,,,,,,,,,,,,,,,
,TRABD,,,,,,,,,,,,,,,,,,,,,,
,MPV17L2,,,,,,,,,,,,,,,,,,,,,,
,DEPP1,,,,,,,,,,,,,,,,,,,,,,
,H4C13,,,,,,,,,,,,,,,,,,,,,,
,WDR19,,,,,,,,,,,,,,,,,,,,,,
,G6PD,,,,,,,,,,,,,,,,,,,,,,
,ANAPC1,,,,,,,,,,,,,,,,,,,,,,
,NAA80,,,,,,,,,,,,,,,,,,,,,,
,ITIH4,,,,,,,,,,,,,,,,,,,,,,
,MAPK8IP3,,,,,,,,,,,,,,,,,,,,,,
,TTC1,,,,,,,,,,,,,,,,,,,,,,
,SLC25A23,,,,,,,,,,,,,,,,,,,,,,
,CEP95,,,,,,,,,,,,,,,,,,,,,,
,GRAP2,,,,,,,,,,,,,,,,,,,,,,
,C6orf52,,,,,,,,,,,,,,,,,,,,,,
,SOX10,,,,,,,,,,,,,,,,,,,,,,
,PHLDB1,,,,,,,,,,,,,,,,,,,,,,
,ZFP62,,,,,,,,,,,,,,,,,,,,,,
,ZNF688,,,,,,,,,,,,,,,,,,,,,,
,SLC27A2,,,,,,,,,,,,,,,,,,,,,,
,NCBP2,,,,,,,,,,,,,,,,,,,,,,
,FAM86C1P,,,,,,,,,,,,,,,,,,,,,,
,RIC3,,,,,,,,,,,,,,,,,,,,,,
,VPS33A,,,,,,,,,,,,,,,,,,,,,,
,LYRM4,,,,,,,,,,,,,,,,,,,,,,
,MRPL55,,,,,,,,,,,,,,,,,,,,,,
,LENG9,,,,,,,,,,,,,,,,,,,,,,
,PDZD4,,,,,,,,,,,,,,,,,,,,,,
,COQ7,,,,,,,,,,,,,,,,,,,,,,
,PIGG,,,,,,,,,,,,,,,,,,,,,,
,ZNF407,,,,,,,,,,,,,,,,,,,,,,
,S100A13,,,,,,,,,,,,,,,,,,,,,,
,ERN1,,,,,,,,,,,,,,,,,,,,,,
,SLC26A10P,,,,,,,,,,,,,,,,,,,,,,
,FASLG,,,,,,,,,,,,,,,,,,,,,,
,KPNA7,,,,,,,,,,,,,,,,,,,,,,
,MLEC,,,,,,,,,,,,,,,,,,,,,,
,ABCC8,,,,,,,,,,,,,,,,,,,,,,
,ZNF112,,,,,,,,,,,,,,,,,,,,,,
,LINC00174,,,,,,,,,,,,,,,,,,,,,,
,C12orf50,,,,,,,,,,,,,,,,,,,,,,
,SSBP2,,,,,,,,,,,,,,,,,,,,,,
,RPL13AP3,,,,,,,,,,,,,,,,,,,,,,
,INO80,,,,,,,,,,,,,,,,,,,,,,
,LAIR2,,,,,,,,,,,,,,,,,,,,,,
,KRIT1,,,,,,,,,,,,,,,,,,,,,,
,COA4,,,,,,,,,,,,,,,,,,,,,,
,BBS1,,,,,,,,,,,,,,,,,,,,,,
,ITPK1,,,,,,,,,,,,,,,,,,,,,,
,ASB6,,,,,,,,,,,,,,,,,,,,,,
,MAGI2,,,,,,,,,,,,,,,,,,,,,,
,AKR7A2,,,,,,,,,,,,,,,,,,,,,,
,RNF123,,,,,,,,,,,,,,,,,,,,,,
,ACTR1B,,,,,,,,,,,,,,,,,,,,,,
,TBL2,,,,,,,,,,,,,,,,,,,,,,
,AKR1D1,,,,,,,,,,,,,,,,,,,,,,
,OBP2A,,,,,,,,,,,,,,,,,,,,,,
,ISCU,,,,,,,,,,,,,,,,,,,,,,
,DAB2IP,,,,,,,,,,,,,,,,,,,,,,
,ADAT1,,,,,,,,,,,,,,,,,,,,,,
,RASD1,,,,,,,,,,,,,,,,,,,,,,
,PRKCI,,,,,,,,,,,,,,,,,,,,,,
,INTS9,,,,,,,,,,,,,,,,,,,,,,
,ADGRL1,,,,,,,,,,,,,,,,,,,,,,
,FZD3,,,,,,,,,,,,,,,,,,,,,,
,PTGER4,,,,,,,,,,,,,,,,,,,,,,
,SMAD5,,,,,,,,,,,,,,,,,,,,,,
,VPS28,,,,,,,,,,,,,,,,,,,,,,
,SLC24A1,,,,,,,,,,,,,,,,,,,,,,
,CCDC28A,,,,,,,,,,,,,,,,,,,,,,
,RHPN1,,,,,,,,,,,,,,,,,,,,,,
,AURKC,,,,,,,,,,,,,,,,,,,,,,
,DDRGK1,,,,,,,,,,,,,,,,,,,,,,
,ATRN,,,,,,,,,,,,,,,,,,,,,,
,UBE2S,,,,,,,,,,,,,,,,,,,,,,
,LINC00999,,,,,,,,,,,,,,,,,,,,,,
,PNPLA8,,,,,,,,,,,,,,,,,,,,,,
,DHRS13,,,,,,,,,,,,,,,,,,,,,,
,SRF,,,,,,,,,,,,,,,,,,,,,,
,SDHAF3,,,,,,,,,,,,,,,,,,,,,,
,ZNF513,,,,,,,,,,,,,,,,,,,,,,
,SPIRE2,,,,,,,,,,,,,,,,,,,,,,
,NUGGC,,,,,,,,,,,,,,,,,,,,,,
,OR9A4,,,,,,,,,,,,,,,,,,,,,,
,MUTYH,,,,,,,,,,,,,,,,,,,,,,
,NRF1,,,,,,,,,,,,,,,,,,,,,,
,CLBA1,,,,,,,,,,,,,,,,,,,,,,
,PHF5A,,,,,,,,,,,,,,,,,,,,,,
,DARS1,,,,,,,,,,,,,,,,,,,,,,
,SDS,,,,,,,,,,,,,,,,,,,,,,
,MRPL24,,,,,,,,,,,,,,,,,,,,,,
,F8A1,,,,,,,,,,,,,,,,,,,,,,
,CIRBP,,,,,,,,,,,,,,,,,,,,,,
,ANKRD23,,,,,,,,,,,,,,,,,,,,,,
,RASL10B,,,,,,,,,,,,,,,,,,,,,,
,TSR2,,,,,,,,,,,,,,,,,,,,,,
,HCRTR2,,,,,,,,,,,,,,,,,,,,,,
,PSMC3,,,,,,,,,,,,,,,,,,,,,,
,ANKRD54,,,,,,,,,,,,,,,,,,,,,,
,SLC25A11,,,,,,,,,,,,,,,,,,,,,,
,TCF25,,,,,,,,,,,,,,,,,,,,,,
,TAOK2,,,,,,,,,,,,,,,,,,,,,,
,PDHA1,,,,,,,,,,,,,,,,,,,,,,
,POLR2J,,,,,,,,,,,,,,,,,,,,,,
,UROD,,,,,,,,,,,,,,,,,,,,,,
,LOC643339,,,,,,,,,,,,,,,,,,,,,,
,TFAP4,,,,,,,,,,,,,,,,,,,,,,
,FAM178B,,,,,,,,,,,,,,,,,,,,,,
,LAMTOR2,,,,,,,,,,,,,,,,,,,,,,
,PSMD5,,,,,,,,,,,,,,,,,,,,,,
,WRN,,,,,,,,,,,,,,,,,,,,,,
,MRPL54,,,,,,,,,,,,,,,,,,,,,,
,SLC39A5,,,,,,,,,,,,,,,,,,,,,,
,ZCCHC24,,,,,,,,,,,,,,,,,,,,,,
,FN3KRP,,,,,,,,,,,,,,,,,,,,,,
,ANKRD11,,,,,,,,,,,,,,,,,,,,,,
,C19orf48P,,,,,,,,,,,,,,,,,,,,,,
,C1GALT1C1,,,,,,,,,,,,,,,,,,,,,,
,EFHC1,,,,,,,,,,,,,,,,,,,,,,
,SELENOS,,,,,,,,,,,,,,,,,,,,,,
,CCDC106,,,,,,,,,,,,,,,,,,,,,,
,TMLHE,,,,,,,,,,,,,,,,,,,,,,
,DOLK,,,,,,,,,,,,,,,,,,,,,,
,CT83,,,,,,,,,,,,,,,,,,,,,,
,SIPA1L3,,,,,,,,,,,,,,,,,,,,,,
,SIRPG,,,,,,,,,,,,,,,,,,,,,,
,COG4,,,,,,,,,,,,,,,,,,,,,,
,GAK,,,,,,,,,,,,,,,,,,,,,,
,MIR9-2HG,,,,,,,,,,,,,,,,,,,,,,
,CSNK2A2,,,,,,,,,,,,,,,,,,,,,,
,DDN,,,,,,,,,,,,,,,,,,,,,,
,BAG6,,,,,,,,,,,,,,,,,,,,,,
,ATP5MC1,,,,,,,,,,,,,,,,,,,,,,
,PI4KAP1,,,,,,,,,,,,,,,,,,,,,,
,PLEKHG5,,,,,,,,,,,,,,,,,,,,,,
,DCTD,,,,,,,,,,,,,,,,,,,,,,
,RFXANK,,,,,,,,,,,,,,,,,,,,,,
,ZNF581,,,,,,,,,,,,,,,,,,,,,,
,PLAAT3,,,,,,,,,,,,,,,,,,,,,,
,NANOS3,,,,,,,,,,,,,,,,,,,,,,
,DHX32,,,,,,,,,,,,,,,,,,,,,,
,LTO1,,,,,,,,,,,,,,,,,,,,,,
,PIAS2,,,,,,,,,,,,,,,,,,,,,,
,ECHDC2,,,,,,,,,,,,,,,,,,,,,,
,XRCC6,,,,,,,,,,,,,,,,,,,,,,
,PLBD2,,,,,,,,,,,,,,,,,,,,,,
,CLCF1,,,,,,,,,,,,,,,,,,,,,,
,TADA2A,,,,,,,,,,,,,,,,,,,,,,
,JUND,,,,,,,,,,,,,,,,,,,,,,
,ENKD1,,,,,,,,,,,,,,,,,,,,,,
,CAD,,,,,,,,,,,,,,,,,,,,,,
,SMIM7,,,,,,,,,,,,,,,,,,,,,,
,CALM2,,,,,,,,,,,,,,,,,,,,,,
,TPRA1,,,,,,,,,,,,,,,,,,,,,,
,KHNYN,,,,,,,,,,,,,,,,,,,,,,
,GTF2E2,,,,,,,,,,,,,,,,,,,,,,
,PSMD8,,,,,,,,,,,,,,,,,,,,,,
,FAM20B,,,,,,,,,,,,,,,,,,,,,,
,RPH3AL,,,,,,,,,,,,,,,,,,,,,,
,PAIP1,,,,,,,,,,,,,,,,,,,,,,
,MRPS6,,,,,,,,,,,,,,,,,,,,,,
,RTL8A,,,,,,,,,,,,,,,,,,,,,,
,SPRED1,,,,,,,,,,,,,,,,,,,,,,
,DCTN6,,,,,,,,,,,,,,,,,,,,,,
,IFIT5,,,,,,,,,,,,,,,,,,,,,,
,RPL35A,,,,,,,,,,,,,,,,,,,,,,
,PSMC2,,,,,,,,,,,,,,,,,,,,,,
,CHKA,,,,,,,,,,,,,,,,,,,,,,
,KLK14,,,,,,,,,,,,,,,,,,,,,,
,DNAI7,,,,,,,,,,,,,,,,,,,,,,
,PEX19,,,,,,,,,,,,,,,,,,,,,,
,CDK7,,,,,,,,,,,,,,,,,,,,,,
,OR6C2,,,,,,,,,,,,,,,,,,,,,,
,CFAP69,,,,,,,,,,,,,,,,,,,,,,
,SERTAD3,,,,,,,,,,,,,,,,,,,,,,
,STAMBP,,,,,,,,,,,,,,,,,,,,,,
,CLPX,,,,,,,,,,,,,,,,,,,,,,
,RAB15,,,,,,,,,,,,,,,,,,,,,,
,CA7,,,,,,,,,,,,,,,,,,,,,,
,CHMP1A,,,,,,,,,,,,,,,,,,,,,,
,DOLPP1,,,,,,,,,,,,,,,,,,,,,,
,SOCS2,,,,,,,,,,,,,,,,,,,,,,
,SCPEP1,,,,,,,,,,,,,,,,,,,,,,
,NSUN5,,,,,,,,,,,,,,,,,,,,,,
,STX11,,,,,,,,,,,,,,,,,,,,,,
,SCAMP1,,,,,,,,,,,,,,,,,,,,,,
,ZNHIT3,,,,,,,,,,,,,,,,,,,,,,
,NAGPA,,,,,,,,,,,,,,,,,,,,,,
,HAP1,,,,,,,,,,,,,,,,,,,,,,
,MRPL35,,,,,,,,,,,,,,,,,,,,,,
,FBXO43,,,,,,,,,,,,,,,,,,,,,,
,PJA2,,,,,,,,,,,,,,,,,,,,,,
,MTX2,,,,,,,,,,,,,,,,,,,,,,
,CDAN1,,,,,,,,,,,,,,,,,,,,,,
,UBE3B,,,,,,,,,,,,,,,,,,,,,,
,PLEKHJ1,,,,,,,,,,,,,,,,,,,,,,
,STAT5A,,,,,,,,,,,,,,,,,,,,,,
,SERTAD1,,,,,,,,,,,,,,,,,,,,,,
,ADSL,,,,,,,,,,,,,,,,,,,,,,
,BRD2,,,,,,,,,,,,,,,,,,,,,,
,LASP1,,,,,,,,,,,,,,,,,,,,,,
,MOCS3,,,,,,,,,,,,,,,,,,,,,,
,OGFOD3,,,,,,,,,,,,,,,,,,,,,,
,SH2D4A,,,,,,,,,,,,,,,,,,,,,,
,RMND5B,,,,,,,,,,,,,,,,,,,,,,
,IRF3,,,,,,,,,,,,,,,,,,,,,,
,IRF1,,,,,,,,,,,,,,,,,,,,,,
,CHP1,,,,,,,,,,,,,,,,,,,,,,
,BBC3,,,,,,,,,,,,,,,,,,,,,,
,STK10,,,,,,,,,,,,,,,,,,,,,,
,NUP210P1,,,,,,,,,,,,,,,,,,,,,,
,LRRC23,,,,,,,,,,,,,,,,,,,,,,
,LARS1,,,,,,,,,,,,,,,,,,,,,,
,DYNLRB2,,,,,,,,,,,,,,,,,,,,,,
,WDR4,,,,,,,,,,,,,,,,,,,,,,
,FBXL20,,,,,,,,,,,,,,,,,,,,,,
,ACTMAP,,,,,,,,,,,,,,,,,,,,,,
,GTPBP1,,,,,,,,,,,,,,,,,,,,,,
,RNF126,,,,,,,,,,,,,,,,,,,,,,
,PWP2,,,,,,,,,,,,,,,,,,,,,,
,LTBP3,,,,,,,,,,,,,,,,,,,,,,
,ACLY,,,,,,,,,,,,,,,,,,,,,,
,BCS1L,,,,,,,,,,,,,,,,,,,,,,
,KIR3DL3,,,,,,,,,,,,,,,,,,,,,,
,FCHSD1,,,,,,,,,,,,,,,,,,,,,,
,ARMC9,,,,,,,,,,,,,,,,,,,,,,
,TNFRSF10B,,,,,,,,,,,,,,,,,,,,,,
,HDHD2,,,,,,,,,,,,,,,,,,,,,,
,GJB1,,,,,,,,,,,,,,,,,,,,,,
,PPP1R26,,,,,,,,,,,,,,,,,,,,,,
,BLM,,,,,,,,,,,,,,,,,,,,,,
,AIFM2,,,,,,,,,,,,,,,,,,,,,,
,RNF216P1,,,,,,,,,,,,,,,,,,,,,,
,CYP26C1,,,,,,,,,,,,,,,,,,,,,,
,MAP2K3,,,,,,,,,,,,,,,,,,,,,,
,CCT8,,,,,,,,,,,,,,,,,,,,,,
,RNF25,,,,,,,,,,,,,,,,,,,,,,
,ALG8,,,,,,,,,,,,,,,,,,,,,,
,PMF1,,,,,,,,,,,,,,,,,,,,,,
,ACVR1C,,,,,,,,,,,,,,,,,,,,,,
,EMG1,,,,,,,,,,,,,,,,,,,,,,
,LINC01091,,,,,,,,,,,,,,,,,,,,,,
,DBF4,,,,,,,,,,,,,,,,,,,,,,
,FABP6,,,,,,,,,,,,,,,,,,,,,,
,UIMC1,,,,,,,,,,,,,,,,,,,,,,
,KIF3B,,,,,,,,,,,,,,,,,,,,,,
,UBAC2,,,,,,,,,,,,,,,,,,,,,,
,THAP7,,,,,,,,,,,,,,,,,,,,,,
,SEC11C,,,,,,,,,,,,,,,,,,,,,,
,PEX16,,,,,,,,,,,,,,,,,,,,,,
,SRI,,,,,,,,,,,,,,,,,,,,,,
,F7,,,,,,,,,,,,,,,,,,,,,,
,FAHD2A,,,,,,,,,,,,,,,,,,,,,,
,PLEKHA8,,,,,,,,,,,,,,,,,,,,,,
,TRAPPC3,,,,,,,,,,,,,,,,,,,,,,
,BBLN,,,,,,,,,,,,,,,,,,,,,,
,CARMIL3,,,,,,,,,,,,,,,,,,,,,,
,BEX1,,,,,,,,,,,,,,,,,,,,,,
,SAAL1,,,,,,,,,,,,,,,,,,,,,,
,TK2,,,,,,,,,,,,,,,,,,,,,,
,NDUFB5,,,,,,,,,,,,,,,,,,,,,,
,MTIF2,,,,,,,,,,,,,,,,,,,,,,
,GSE1,,,,,,,,,,,,,,,,,,,,,,
,LARP4,,,,,,,,,,,,,,,,,,,,,,
,GZMA,,,,,,,,,,,,,,,,,,,,,,
,ARFGEF3,,,,,,,,,,,,,,,,,,,,,,
,SERPINB1,,,,,,,,,,,,,,,,,,,,,,
,ZNF530,,,,,,,,,,,,,,,,,,,,,,
,CBX4,,,,,,,,,,,,,,,,,,,,,,
,JPH3,,,,,,,,,,,,,,,,,,,,,,
,TTC13,,,,,,,,,,,,,,,,,,,,,,
,CYTH2,,,,,,,,,,,,,,,,,,,,,,
,CAMKV,,,,,,,,,,,,,,,,,,,,,,
,DNAJC19,,,,,,,,,,,,,,,,,,,,,,
,TSPAN13,,,,,,,,,,,,,,,,,,,,,,
,TMEM161A,,,,,,,,,,,,,,,,,,,,,,
,HS1BP3,,,,,,,,,,,,,,,,,,,,,,
,RNF186,,,,,,,,,,,,,,,,,,,,,,
,UFD1,,,,,,,,,,,,,,,,,,,,,,
,LRRC71,,,,,,,,,,,,,,,,,,,,,,
,CMC1,,,,,,,,,,,,,,,,,,,,,,
,PLS1,,,,,,,,,,,,,,,,,,,,,,
,IDUA,,,,,,,,,,,,,,,,,,,,,,
,IGFBP2,,,,,,,,,,,,,,,,,,,,,,
,MARF1,,,,,,,,,,,,,,,,,,,,,,
,CPM,,,,,,,,,,,,,,,,,,,,,,
,CYB5D2,,,,,,,,,,,,,,,,,,,,,,
,GAPT,,,,,,,,,,,,,,,,,,,,,,
,RING1,,,,,,,,,,,,,,,,,,,,,,
,SUPT16H,,,,,,,,,,,,,,,,,,,,,,
,USP11,,,,,,,,,,,,,,,,,,,,,,
,LRMDA,,,,,,,,,,,,,,,,,,,,,,
,SUMO3,,,,,,,,,,,,,,,,,,,,,,
,SNRPG,,,,,,,,,,,,,,,,,,,,,,
,MYORG,,,,,,,,,,,,,,,,,,,,,,
,HOXB8,,,,,,,,,,,,,,,,,,,,,,
,UBXN8,,,,,,,,,,,,,,,,,,,,,,
,GNB2,,,,,,,,,,,,,,,,,,,,,,
,ADGRD2,,,,,,,,,,,,,,,,,,,,,,
,LARP4B,,,,,,,,,,,,,,,,,,,,,,
,FIBP,,,,,,,,,,,,,,,,,,,,,,
,MCTP2,,,,,,,,,,,,,,,,,,,,,,
,POU1F1,,,,,,,,,,,,,,,,,,,,,,
,GTF3C1,,,,,,,,,,,,,,,,,,,,,,
,PORCN,,,,,,,,,,,,,,,,,,,,,,
,LRRC28,,,,,,,,,,,,,,,,,,,,,,
,IPO11,,,,,,,,,,,,,,,,,,,,,,
,HEXA,,,,,,,,,,,,,,,,,,,,,,
,KIZ,,,,,,,,,,,,,,,,,,,,,,
,OR10G7,,,,,,,,,,,,,,,,,,,,,,
,RHOXF2B,,,,,,,,,,,,,,,,,,,,,,
,COL23A1,,,,,,,,,,,,,,,,,,,,,,
,RIOX2,,,,,,,,,,,,,,,,,,,,,,
,UQCRHL,,,,,,,,,,,,,,,,,,,,,,
,TOPAZ1,,,,,,,,,,,,,,,,,,,,,,
,ASH2L,,,,,,,,,,,,,,,,,,,,,,
,GIGYF2,,,,,,,,,,,,,,,,,,,,,,
,TOMM22,,,,,,,,,,,,,,,,,,,,,,
,RBFOX1,,,,,,,,,,,,,,,,,,,,,,
,BRF2,,,,,,,,,,,,,,,,,,,,,,
,MCHR2,,,,,,,,,,,,,,,,,,,,,,
,APOBEC3F,,,,,,,,,,,,,,,,,,,,,,
,SCRN2,,,,,,,,,,,,,,,,,,,,,,
,XIRP1,,,,,,,,,,,,,,,,,,,,,,
,IMPDH2,,,,,,,,,,,,,,,,,,,,,,
,NCOA5,,,,,,,,,,,,,,,,,,,,,,
,STAT2,,,,,,,,,,,,,,,,,,,,,,
,NARS1,,,,,,,,,,,,,,,,,,,,,,
,HOXB7,,,,,,,,,,,,,,,,,,,,,,
,IL17A,,,,,,,,,,,,,,,,,,,,,,
,C1orf198,,,,,,,,,,,,,,,,,,,,,,
,TRPM4,,,,,,,,,,,,,,,,,,,,,,
,ARFGAP1,,,,,,,,,,,,,,,,,,,,,,
,FBXO31,,,,,,,,,,,,,,,,,,,,,,
,BIN1,,,,,,,,,,,,,,,,,,,,,,
,CCDC24,,,,,,,,,,,,,,,,,,,,,,
,BRD1,,,,,,,,,,,,,,,,,,,,,,
,TIPARP-AS1,,,,,,,,,,,,,,,,,,,,,,
,MARS1,,,,,,,,,,,,,,,,,,,,,,
,LOC645188,,,,,,,,,,,,,,,,,,,,,,
,TCF4,,,,,,,,,,,,,,,,,,,,,,
,NPIPB13,,,,,,,,,,,,,,,,,,,,,,
,LRPPRC,,,,,,,,,,,,,,,,,,,,,,
,TRMT10C,,,,,,,,,,,,,,,,,,,,,,
,CXorf66,,,,,,,,,,,,,,,,,,,,,,
,RPL7,,,,,,,,,,,,,,,,,,,,,,
,BRWD1,,,,,,,,,,,,,,,,,,,,,,
,PHGDH,,,,,,,,,,,,,,,,,,,,,,
,TREML1,,,,,,,,,,,,,,,,,,,,,,
,USP35,,,,,,,,,,,,,,,,,,,,,,
,PTDSS2,,,,,,,,,,,,,,,,,,,,,,
,ZDHHC17,,,,,,,,,,,,,,,,,,,,,,
,AP2A1,,,,,,,,,,,,,,,,,,,,,,
,EPYC,,,,,,,,,,,,,,,,,,,,,,
,PDXP,,,,,,,,,,,,,,,,,,,,,,
,MEGF8,,,,,,,,,,,,,,,,,,,,,,
,C20orf96,,,,,,,,,,,,,,,,,,,,,,
,OR3A4P,,,,,,,,,,,,,,,,,,,,,,
,WASHC1,,,,,,,,,,,,,,,,,,,,,,
,AGER,,,,,,,,,,,,,,,,,,,,,,
,NORAD,,,,,,,,,,,,,,,,,,,,,,
,PTPN11,,,,,,,,,,,,,,,,,,,,,,
,ZNF444,,,,,,,,,,,,,,,,,,,,,,
,DAZ2,,,,,,,,,,,,,,,,,,,,,,
,YY1AP1,,,,,,,,,,,,,,,,,,,,,,
,RFC2,,,,,,,,,,,,,,,,,,,,,,
,AKAP14,,,,,,,,,,,,,,,,,,,,,,
,SLC39A12,,,,,,,,,,,,,,,,,,,,,,
,KCNE3,,,,,,,,,,,,,,,,,,,,,,
,TWNK,,,,,,,,,,,,,,,,,,,,,,
,PDE9A,,,,,,,,,,,,,,,,,,,,,,
,RAB11A,,,,,,,,,,,,,,,,,,,,,,
,OGDHL,,,,,,,,,,,,,,,,,,,,,,
,RPL18A,,,,,,,,,,,,,,,,,,,,,,
,TMEM216,,,,,,,,,,,,,,,,,,,,,,
,SMARCB1,,,,,,,,,,,,,,,,,,,,,,
,ANO2,,,,,,,,,,,,,,,,,,,,,,
,OCRL,,,,,,,,,,,,,,,,,,,,,,
,TEDC2,,,,,,,,,,,,,,,,,,,,,,
,CDK6,,,,,,,,,,,,,,,,,,,,,,
,GAS7,,,,,,,,,,,,,,,,,,,,,,
,SLC34A1,,,,,,,,,,,,,,,,,,,,,,
,CEP41,,,,,,,,,,,,,,,,,,,,,,
,NOP2,,,,,,,,,,,,,,,,,,,,,,
,RALGDS,,,,,,,,,,,,,,,,,,,,,,
,SPX,,,,,,,,,,,,,,,,,,,,,,
